claimant_id,wrlu_objectid,landuse,crop_group,description,irrigation_method,acres,survey_year,county,basin,subarea,centroid_x_epsg26912,centroid_y_epsg26912,assignment_method,assignment_candidate_count
company_168,13,Agricultural,Hay/Turf,Grass Hay,Flood,0.823346,2025,Cache,Bear River,Cache Valley,421107.699,4640063.536,area_weighted_polygon_centroid_in_simplified_service_area,1
company_106,43,Agricultural,Hay/Turf,Grass Hay,Flood,2.240549,2025,Cache,Bear River,Cache Valley,424611.784,4619904.744,area_weighted_polygon_centroid_in_simplified_service_area,1
company_168,128,Agricultural,Hay/Turf,Grass Hay,Flood,2.476177,2025,Cache,Bear River,Cache Valley,425628.62,4637077.29,area_weighted_polygon_centroid_in_simplified_service_area,1
company_088,130,Agricultural,Hay/Turf,Alfalfa,Flood,2.712921,2025,Cache,Bear River,Cache Valley,427542.303,4610596.376,area_weighted_polygon_centroid_in_simplified_service_area,1
company_168,133,Agricultural,Hay/Turf,Grass Hay,Flood,3.074366,2025,Cache,Bear River,Cache Valley,424642.973,4637562.144,area_weighted_polygon_centroid_in_simplified_service_area,1
company_164,167,Agricultural,Hay/Turf,Alfalfa,Flood,2.918994,2025,Cache,Bear River,Cache Valley,424025.649,4610789.865,area_weighted_polygon_centroid_in_simplified_service_area,1
company_168,367,Agricultural,Hay/Turf,Grass Hay,Flood,7.9954,2025,Cache,Bear River,Cache Valley,424939.694,4637233.948,area_weighted_polygon_centroid_in_simplified_service_area,1
company_164,378,Agricultural,Hay/Turf,Grass Hay,Flood,14.903804,2025,Cache,Bear River,Cache Valley,424466.73,4612542.093,area_weighted_polygon_centroid_in_simplified_service_area,1
company_106,386,Agricultural,Hay/Turf,Alfalfa,Flood,3.201055,2025,Cache,Bear River,Cache Valley,424075.173,4618850.541,area_weighted_polygon_centroid_in_simplified_service_area,1
company_1249,428,Agricultural,Hay/Turf,Alfalfa,Flood,0.757173,2025,Cache,Bear River,Cache Valley,432697.426,4629767.006,area_weighted_polygon_centroid_in_simplified_service_area,1
company_106,471,Agricultural,Hay/Turf,Grass Hay,Flood,3.225533,2025,Cache,Bear River,Cache Valley,424438.074,4620019.801,area_weighted_polygon_centroid_in_simplified_service_area,1
company_164,472,Agricultural,Hay/Turf,Alfalfa,Flood,19.63238,2025,Cache,Bear River,Cache Valley,424570.797,4614700.25,area_weighted_polygon_centroid_in_simplified_service_area,1
company_168,490,Agricultural,Hay/Turf,Alfalfa,Flood,10.439023,2025,Cache,Bear River,Cache Valley,420819.66,4646580.527,area_weighted_polygon_centroid_in_simplified_service_area,1
company_168,538,Agricultural,Hay/Turf,Alfalfa,Flood,25.760598,2025,Cache,Bear River,Cache Valley,421429.718,4637948.207,area_weighted_polygon_centroid_in_simplified_service_area,1
company_088,547,Agricultural,Hay/Turf,Grass Hay,Flood,3.995197,2025,Cache,Bear River,Cache Valley,430007.189,4607197.825,area_weighted_polygon_centroid_in_simplified_service_area,1
company_168,568,Agricultural,Hay/Turf,Alfalfa,Flood,13.711391,2025,Cache,Bear River,Cache Valley,422500.894,4640400.586,area_weighted_polygon_centroid_in_simplified_service_area,1
company_106,575,Agricultural,Hay/Turf,Grass Hay,Flood,0.706003,2025,Cache,Bear River,Cache Valley,424240.169,4619879.672,area_weighted_polygon_centroid_in_simplified_service_area,1
company_106,601,Agricultural,Hay/Turf,Alfalfa,Flood,3.779726,2025,Cache,Bear River,Cache Valley,426079.957,4616988.718,area_weighted_polygon_centroid_in_simplified_service_area,1
company_168,622,Agricultural,Hay/Turf,Alfalfa,Flood,7.96643,2025,Cache,Bear River,Cache Valley,425345.388,4637438.718,area_weighted_polygon_centroid_in_simplified_service_area,1
company_088,632,Agricultural,Hay/Turf,Alfalfa,Flood,7.470961,2025,Cache,Bear River,Cache Valley,430371.817,4607139.994,area_weighted_polygon_centroid_in_simplified_service_area,1
company_168,633,Agricultural,Hay/Turf,Grass Hay,Flood,10.266303,2025,Cache,Bear River,Cache Valley,420389.483,4644603.56,area_weighted_polygon_centroid_in_simplified_service_area,1
company_168,652,Agricultural,Hay/Turf,Alfalfa,Flood,1.032734,2025,Cache,Bear River,Cache Valley,426052.738,4632627.974,area_weighted_polygon_centroid_in_simplified_service_area,1
company_168,674,Agricultural,Hay/Turf,Alfalfa,Flood,3.515886,2025,Cache,Bear River,Cache Valley,421872.738,4641894.276,area_weighted_polygon_centroid_in_simplified_service_area,1
company_106,687,Agricultural,Hay/Turf,Alfalfa,Flood,3.194211,2025,Cache,Bear River,Cache Valley,426701.905,4618313.613,area_weighted_polygon_centroid_in_simplified_service_area,1
company_164,736,Agricultural,Hay/Turf,Alfalfa,Flood,10.032454,2025,Cache,Bear River,Cache Valley,425487.176,4610640.229,area_weighted_polygon_centroid_in_simplified_service_area,1
company_106,738,Agricultural,Hay/Turf,Grass Hay,Flood,4.042104,2025,Cache,Bear River,Cache Valley,424593.99,4620011.047,area_weighted_polygon_centroid_in_simplified_service_area,1
company_168,743,Agricultural,Hay/Turf,Alfalfa,Flood,6.145887,2025,Cache,Bear River,Cache Valley,420526.153,4642548.21,area_weighted_polygon_centroid_in_simplified_service_area,1
company_105,745,Agricultural,Hay/Turf,Grass Hay,Flood,0.332685,2025,Cache,Bear River,Cache Valley,429195.802,4624227.911,area_weighted_polygon_centroid_in_simplified_service_area,1
company_164,773,Agricultural,Hay/Turf,Alfalfa,Flood,0.79392,2025,Cache,Bear River,Cache Valley,425112.589,4612412.375,area_weighted_polygon_centroid_in_simplified_service_area,1
company_105,857,Agricultural,Hay/Turf,Grass Hay,Flood,0.541351,2025,Cache,Bear River,Cache Valley,429564.198,4624519.802,area_weighted_polygon_centroid_in_simplified_service_area,1
company_088,871,Agricultural,Hay/Turf,Grass Hay,Flood,6.351519,2025,Cache,Bear River,Cache Valley,430111.097,4606851.306,area_weighted_polygon_centroid_in_simplified_service_area,1
company_106,902,Agricultural,Hay/Turf,Grass Hay,Flood,2.262694,2025,Cache,Bear River,Cache Valley,426013.569,4618731.947,area_weighted_polygon_centroid_in_simplified_service_area,1
company_164,936,Agricultural,Hay/Turf,Grass Hay,Flood,3.866958,2025,Cache,Bear River,Cache Valley,425236.644,4610456.109,area_weighted_polygon_centroid_in_simplified_service_area,1
company_106,954,Agricultural,Hay/Turf,Alfalfa,Flood,3.064171,2025,Cache,Bear River,Cache Valley,426290.904,4618107.077,area_weighted_polygon_centroid_in_simplified_service_area,1
company_164,1002,Agricultural,Hay/Turf,Alfalfa,Flood,2.556347,2025,Cache,Bear River,Cache Valley,425132.907,4610408.063,area_weighted_polygon_centroid_in_simplified_service_area,1
company_164,1040,Agricultural,Hay/Turf,Alfalfa,Flood,13.480042,2025,Cache,Bear River,Cache Valley,425720.865,4613389.16,area_weighted_polygon_centroid_in_simplified_service_area,1
company_088,1070,Agricultural,Hay/Turf,Alfalfa,Flood,6.77972,2025,Cache,Bear River,Cache Valley,430326.501,4606443.521,area_weighted_polygon_centroid_in_simplified_service_area,1
company_168,1073,Agricultural,Hay/Turf,Grass Hay,Flood,2.48523,2025,Cache,Bear River,Cache Valley,426122.937,4632684.509,area_weighted_polygon_centroid_in_simplified_service_area,1
company_106,1121,Agricultural,Hay/Turf,Alfalfa,Flood,3.167256,2025,Cache,Bear River,Cache Valley,423899.462,4618853.949,area_weighted_polygon_centroid_in_simplified_service_area,1
company_164,1126,Agricultural,Hay/Turf,Alfalfa,Flood,15.343497,2025,Cache,Bear River,Cache Valley,425517.108,4609945.344,area_weighted_polygon_centroid_in_simplified_service_area,1
company_106,1179,Agricultural,Hay/Turf,Grass Hay,Flood,2.797028,2025,Cache,Bear River,Cache Valley,426037.6,4618662.111,area_weighted_polygon_centroid_in_simplified_service_area,1
company_106,1227,Agricultural,Hay/Turf,Alfalfa,Flood,10.694574,2025,Cache,Bear River,Cache Valley,426188.504,4617451.792,area_weighted_polygon_centroid_in_simplified_service_area,1
company_168,1292,Agricultural,Hay/Turf,Grass Hay,Flood,3.992772,2025,Cache,Bear River,Cache Valley,421106.448,4643777.452,area_weighted_polygon_centroid_in_simplified_service_area,1
company_1249,1338,Agricultural,Hay/Turf,Alfalfa,Flood,2.858932,2025,Cache,Bear River,Cache Valley,433744.47,4626850.399,area_weighted_polygon_centroid_in_simplified_service_area,1
company_168,1389,Agricultural,Hay/Turf,Alfalfa,Flood,0.507816,2025,Cache,Bear River,Cache Valley,421821.915,4640586.936,area_weighted_polygon_centroid_in_simplified_service_area,1
company_164,1468,Agricultural,Hay/Turf,Grass Hay,Flood,0.4707,2025,Cache,Bear River,Cache Valley,424449.931,4613350.167,area_weighted_polygon_centroid_in_simplified_service_area,1
company_164,1481,Agricultural,Hay/Turf,Grass Hay,Flood,2.418273,2025,Cache,Bear River,Cache Valley,426918.105,4609085.408,area_weighted_polygon_centroid_in_simplified_service_area,1
company_088,1486,Agricultural,Hay/Turf,Alfalfa,Flood,13.154356,2025,Cache,Bear River,Cache Valley,430115.122,4606630.688,area_weighted_polygon_centroid_in_simplified_service_area,1
company_164,1495,Agricultural,Hay/Turf,Grass Hay,Flood,4.380219,2025,Cache,Bear River,Cache Valley,424049.93,4614497.49,area_weighted_polygon_centroid_in_simplified_service_area,1
company_106,1527,Agricultural,Hay/Turf,Grass Hay,Flood,1.007534,2025,Cache,Bear River,Cache Valley,426746.788,4617867.039,area_weighted_polygon_centroid_in_simplified_service_area,1
company_168,1557,Agricultural,Hay/Turf,Alfalfa,Flood,20.721431,2025,Cache,Bear River,Cache Valley,421646.075,4642101.517,area_weighted_polygon_centroid_in_simplified_service_area,1
company_168,1559,Agricultural,Hay/Turf,Alfalfa,Flood,12.995751,2025,Cache,Bear River,Cache Valley,421548.851,4643142.62,area_weighted_polygon_centroid_in_simplified_service_area,1
company_168,1626,Agricultural,Hay/Turf,Alfalfa,Flood,55.607353,2025,Cache,Bear River,Cache Valley,420134.799,4645231.007,area_weighted_polygon_centroid_in_simplified_service_area,1
company_164,1639,Agricultural,Hay/Turf,Alfalfa,Flood,2.210547,2025,Cache,Bear River,Cache Valley,425917.454,4613478.718,area_weighted_polygon_centroid_in_simplified_service_area,1
company_168,1641,Agricultural,Hay/Turf,Grass Hay,Flood,5.663309,2025,Cache,Bear River,Cache Valley,422700.996,4639840.767,area_weighted_polygon_centroid_in_simplified_service_area,1
company_168,1889,Agricultural,Hay/Turf,Alfalfa,Flood,6.697446,2025,Cache,Bear River,Cache Valley,420844.815,4648247.367,area_weighted_polygon_centroid_in_simplified_service_area,1
company_164,1904,Agricultural,Hay/Turf,Alfalfa,Flood,10.612234,2025,Cache,Bear River,Cache Valley,425722.545,4611259.034,area_weighted_polygon_centroid_in_simplified_service_area,1
company_106,1970,Agricultural,Hay/Turf,Grass Hay,Flood,4.119523,2025,Cache,Bear River,Cache Valley,424873.978,4619576.254,area_weighted_polygon_centroid_in_simplified_service_area,1
company_164,1984,Agricultural,Hay/Turf,Alfalfa,Flood,15.026934,2025,Cache,Bear River,Cache Valley,425284.115,4610694.571,area_weighted_polygon_centroid_in_simplified_service_area,1
company_164,2087,Agricultural,Hay/Turf,Alfalfa,Wheel,10.559636,2025,Cache,Bear River,Cache Valley,425052.748,4611589.063,area_weighted_polygon_centroid_in_simplified_service_area,1
company_164,2119,Agricultural,Hay/Turf,Alfalfa,Flood,4.900285,2025,Cache,Bear River,Cache Valley,425288.317,4610903.147,area_weighted_polygon_centroid_in_simplified_service_area,1
company_168,2256,Agricultural,Hay/Turf,Alfalfa,Flood,7.61596,2025,Cache,Bear River,Cache Valley,420211.487,4642856.296,area_weighted_polygon_centroid_in_simplified_service_area,1
company_10390,2273,Agricultural,Hay/Turf,Grass Hay,Flood,1.784602,2025,Cache,Bear River,Cache Valley,427580.947,4619336.098,area_weighted_polygon_centroid_in_simplified_service_area,1
company_164,2316,Agricultural,Hay/Turf,Grass Hay,Flood,1.342103,2025,Cache,Bear River,Cache Valley,423971.246,4614344.561,area_weighted_polygon_centroid_in_simplified_service_area,1
company_164,2327,Agricultural,Hay/Turf,Grass Hay,Flood,1.126124,2025,Cache,Bear River,Cache Valley,424900.556,4610290.727,area_weighted_polygon_centroid_in_simplified_service_area,1
company_164,2384,Agricultural,Hay/Turf,Alfalfa,Flood,2.313982,2025,Cache,Bear River,Cache Valley,424148.091,4611255.216,area_weighted_polygon_centroid_in_simplified_service_area,1
company_106,2449,Agricultural,Hay/Turf,Alfalfa,Flood,3.106211,2025,Cache,Bear River,Cache Valley,423567.746,4618256.097,area_weighted_polygon_centroid_in_simplified_service_area,1
company_105,2486,Agricultural,Hay/Turf,Alfalfa,Flood,1.412606,2025,Cache,Bear River,Cache Valley,427777.072,4622509.467,area_weighted_polygon_centroid_in_simplified_service_area,1
company_164,2504,Agricultural,Hay/Turf,Alfalfa,Flood,11.324927,2025,Cache,Bear River,Cache Valley,424879.808,4611077.358,area_weighted_polygon_centroid_in_simplified_service_area,1
company_164,2516,Agricultural,Hay/Turf,Alfalfa,Flood,5.472958,2025,Cache,Bear River,Cache Valley,425349.584,4611265.8,area_weighted_polygon_centroid_in_simplified_service_area,1
company_164,2525,Agricultural,Hay/Turf,Alfalfa,Flood,18.63309,2025,Cache,Bear River,Cache Valley,424099.949,4613601.705,area_weighted_polygon_centroid_in_simplified_service_area,1
company_106,2537,Agricultural,Hay/Turf,Alfalfa,Flood,0.42738,2025,Cache,Bear River,Cache Valley,425813.629,4616938.51,area_weighted_polygon_centroid_in_simplified_service_area,1
company_164,2612,Agricultural,Hay/Turf,Alfalfa,Flood,5.197186,2025,Cache,Bear River,Cache Valley,423623.92,4610714.033,area_weighted_polygon_centroid_in_simplified_service_area,1
company_168,2613,Agricultural,Hay/Turf,Grass Hay,Flood,2.770471,2025,Cache,Bear River,Cache Valley,426195.525,4632668.789,area_weighted_polygon_centroid_in_simplified_service_area,1
company_164,2734,Agricultural,Hay/Turf,Alfalfa,Flood,13.23316,2025,Cache,Bear River,Cache Valley,423655.744,4612044.491,area_weighted_polygon_centroid_in_simplified_service_area,1
company_136,2774,Agricultural,Hay/Turf,Alfalfa,Flood,2.225369,2025,Cache,Bear River,Cache Valley,431519.273,4618797.998,area_weighted_polygon_centroid_in_simplified_service_area,1
company_164,2778,Agricultural,Hay/Turf,Alfalfa,Flood,2.254,2025,Cache,Bear River,Cache Valley,423352.335,4611589.498,area_weighted_polygon_centroid_in_simplified_service_area,1
company_168,2830,Agricultural,Hay/Turf,Alfalfa,Flood,17.29741,2025,Cache,Bear River,Cache Valley,424825.738,4632420.313,area_weighted_polygon_centroid_in_simplified_service_area,1
company_168,2899,Agricultural,Hay/Turf,Alfalfa,Flood,7.788063,2025,Cache,Bear River,Cache Valley,421914.618,4640837.065,area_weighted_polygon_centroid_in_simplified_service_area,1
company_106,2958,Agricultural,Hay/Turf,Alfalfa,Flood,4.515598,2025,Cache,Bear River,Cache Valley,426306.483,4616921.806,area_weighted_polygon_centroid_in_simplified_service_area,1
company_164,2985,Agricultural,Hay/Turf,Grass Hay,Flood,18.069372,2025,Cache,Bear River,Cache Valley,424098.475,4615410.989,area_weighted_polygon_centroid_in_simplified_service_area,1
company_106,3000,Agricultural,Hay/Turf,Alfalfa,Flood,16.639077,2025,Cache,Bear River,Cache Valley,423564.589,4618143.408,area_weighted_polygon_centroid_in_simplified_service_area,1
company_105,3001,Agricultural,Hay/Turf,Alfalfa,Flood,4.231386,2025,Cache,Bear River,Cache Valley,428825.99,4620496.188,area_weighted_polygon_centroid_in_simplified_service_area,1
company_168,3047,Agricultural,Hay/Turf,Alfalfa,Flood,18.586113,2025,Cache,Bear River,Cache Valley,424806.337,4633564.056,area_weighted_polygon_centroid_in_simplified_service_area,1
company_164,3099,Agricultural,Hay/Turf,Alfalfa,Flood,25.375503,2025,Cache,Bear River,Cache Valley,424423.486,4613938.743,area_weighted_polygon_centroid_in_simplified_service_area,1
company_168,3103,Agricultural,Hay/Turf,Alfalfa,Flood,0.741044,2025,Cache,Bear River,Cache Valley,422406.543,4640913.601,area_weighted_polygon_centroid_in_simplified_service_area,1
company_164,3174,Agricultural,Hay/Turf,Grass Hay,Flood,1.528446,2025,Cache,Bear River,Cache Valley,424702.397,4612427.363,area_weighted_polygon_centroid_in_simplified_service_area,1
company_168,3201,Agricultural,Hay/Turf,Alfalfa,Flood,7.246544,2025,Cache,Bear River,Cache Valley,421485.133,4642275.881,area_weighted_polygon_centroid_in_simplified_service_area,1
company_164,3260,Agricultural,Hay/Turf,Grass Hay,Flood,10.815168,2025,Cache,Bear River,Cache Valley,424560.496,4613171.836,area_weighted_polygon_centroid_in_simplified_service_area,1
company_10390,3304,Agricultural,Hay/Turf,Alfalfa,Flood,10.738296,2025,Cache,Bear River,Cache Valley,427005.866,4618617.674,area_weighted_polygon_centroid_in_simplified_service_area,1
company_106,3338,Agricultural,Hay/Turf,Grass Hay,Flood,2.252662,2025,Cache,Bear River,Cache Valley,424319.455,4620008.0,area_weighted_polygon_centroid_in_simplified_service_area,1
company_168,3429,Agricultural,Hay/Turf,Alfalfa,Flood,16.587395,2025,Cache,Bear River,Cache Valley,421595.426,4642963.766,area_weighted_polygon_centroid_in_simplified_service_area,1
company_164,3476,Agricultural,Hay/Turf,Alfalfa,Flood,5.697026,2025,Cache,Bear River,Cache Valley,425498.319,4610788.594,area_weighted_polygon_centroid_in_simplified_service_area,1
company_106,3554,Agricultural,Hay/Turf,Alfalfa,Flood,5.9857,2025,Cache,Bear River,Cache Valley,426232.395,4618960.439,area_weighted_polygon_centroid_in_simplified_service_area,1
company_164,3559,Agricultural,Hay/Turf,Grass Hay,Flood,2.084864,2025,Cache,Bear River,Cache Valley,424982.006,4612452.21,area_weighted_polygon_centroid_in_simplified_service_area,1
company_168,3648,Agricultural,Hay/Turf,Alfalfa,Flood,0.51123,2025,Cache,Bear River,Cache Valley,422700.745,4639183.555,area_weighted_polygon_centroid_in_simplified_service_area,1
company_168,3735,Agricultural,Hay/Turf,Alfalfa,Flood,4.967323,2025,Cache,Bear River,Cache Valley,426299.863,4632674.437,area_weighted_polygon_centroid_in_simplified_service_area,1
company_106,3847,Agricultural,Hay/Turf,Alfalfa,Flood,13.19804,2025,Cache,Bear River,Cache Valley,425920.01,4617051.717,area_weighted_polygon_centroid_in_simplified_service_area,1
company_106,3857,Agricultural,Hay/Turf,Alfalfa,Flood,8.429829,2025,Cache,Bear River,Cache Valley,425728.376,4618764.087,area_weighted_polygon_centroid_in_simplified_service_area,1
company_164,3969,Agricultural,Hay/Turf,Grass Hay,Flood,2.119247,2025,Cache,Bear River,Cache Valley,423356.849,4611530.385,area_weighted_polygon_centroid_in_simplified_service_area,1
company_10390,3970,Agricultural,Hay/Turf,Grass Hay,Flood,1.5624,2025,Cache,Bear River,Cache Valley,427481.907,4619334.304,area_weighted_polygon_centroid_in_simplified_service_area,1
company_168,3977,Agricultural,Hay/Turf,Alfalfa,Flood,2.613129,2025,Cache,Bear River,Cache Valley,421503.835,4641917.597,area_weighted_polygon_centroid_in_simplified_service_area,1
company_168,4029,Agricultural,Hay/Turf,Alfalfa,Flood,2.727245,2025,Cache,Bear River,Cache Valley,426420.451,4632631.786,area_weighted_polygon_centroid_in_simplified_service_area,1
company_105,4067,Agricultural,Hay/Turf,Grass Hay,Flood,5.445957,2025,Cache,Bear River,Cache Valley,428826.699,4620401.034,area_weighted_polygon_centroid_in_simplified_service_area,1
company_164,4073,Agricultural,Hay/Turf,Grass Hay,Flood,3.480313,2025,Cache,Bear River,Cache Valley,423817.973,4611517.079,area_weighted_polygon_centroid_in_simplified_service_area,1
company_106,4119,Agricultural,Hay/Turf,Alfalfa,Flood,3.852136,2025,Cache,Bear River,Cache Valley,424178.503,4620150.884,area_weighted_polygon_centroid_in_simplified_service_area,1
company_088,4121,Agricultural,Hay/Turf,Grass Hay,Flood,9.924243,2025,Cache,Bear River,Cache Valley,429433.715,4609877.292,area_weighted_polygon_centroid_in_simplified_service_area,1
company_164,4155,Agricultural,Hay/Turf,Alfalfa,Flood,6.105508,2025,Cache,Bear River,Cache Valley,423948.63,4611912.008,area_weighted_polygon_centroid_in_simplified_service_area,1
company_106,4203,Agricultural,Hay/Turf,Grass Hay,Flood,2.154889,2025,Cache,Bear River,Cache Valley,424560.56,4619819.594,area_weighted_polygon_centroid_in_simplified_service_area,1
company_088,4335,Agricultural,Hay/Turf,Alfalfa,Flood,6.703697,2025,Cache,Bear River,Cache Valley,430125.772,4607002.398,area_weighted_polygon_centroid_in_simplified_service_area,1
company_164,4349,Agricultural,Hay/Turf,Alfalfa,Flood,6.608634,2025,Cache,Bear River,Cache Valley,424576.672,4613490.928,area_weighted_polygon_centroid_in_simplified_service_area,1
company_106,4413,Agricultural,Hay/Turf,Grass Hay,Flood,6.644173,2025,Cache,Bear River,Cache Valley,424383.359,4619523.859,area_weighted_polygon_centroid_in_simplified_service_area,1
company_106,4489,Agricultural,Hay/Turf,Grass Hay,Flood,10.504047,2025,Cache,Bear River,Cache Valley,424108.91,4619771.84,area_weighted_polygon_centroid_in_simplified_service_area,1
company_168,4534,Agricultural,Hay/Turf,Alfalfa,Wheel,4.272438,2025,Cache,Bear River,Cache Valley,422135.706,4640538.843,area_weighted_polygon_centroid_in_simplified_service_area,1
company_164,4559,Agricultural,Hay/Turf,Alfalfa,Flood,8.182384,2025,Cache,Bear River,Cache Valley,423563.976,4610821.434,area_weighted_polygon_centroid_in_simplified_service_area,1
company_164,4567,Agricultural,Hay/Turf,Grass Hay,Flood,1.106668,2025,Cache,Bear River,Cache Valley,424667.499,4613225.846,area_weighted_polygon_centroid_in_simplified_service_area,1
company_106,4588,Agricultural,Hay/Turf,Grass Hay,Flood,0.54294,2025,Cache,Bear River,Cache Valley,426703.423,4618230.406,area_weighted_polygon_centroid_in_simplified_service_area,1
company_106,4619,Agricultural,Hay/Turf,Alfalfa,Flood,23.205574,2025,Cache,Bear River,Cache Valley,423875.531,4618382.684,area_weighted_polygon_centroid_in_simplified_service_area,1
company_164,4685,Agricultural,Hay/Turf,Grass Hay,Flood,2.68389,2025,Cache,Bear River,Cache Valley,425516.787,4610436.6,area_weighted_polygon_centroid_in_simplified_service_area,1
company_088,4695,Agricultural,Hay/Turf,Alfalfa,Flood,6.440019,2025,Cache,Bear River,Cache Valley,425867.371,4610033.889,area_weighted_polygon_centroid_in_simplified_service_area,1
company_10390,4701,Agricultural,Hay/Turf,Grass Hay,Flood,27.201172,2025,Cache,Bear River,Cache Valley,427399.37,4618409.196,area_weighted_polygon_centroid_in_simplified_service_area,1
company_168,4768,Agricultural,Hay/Turf,Alfalfa,Flood,30.463395,2025,Cache,Bear River,Cache Valley,421371.363,4645611.405,area_weighted_polygon_centroid_in_simplified_service_area,1
company_106,4813,Agricultural,Hay/Turf,Alfalfa,Flood,2.879167,2025,Cache,Bear River,Cache Valley,426868.421,4618097.29,area_weighted_polygon_centroid_in_simplified_service_area,1
company_1249,4918,Agricultural,Hay/Turf,Alfalfa,Flood,9.260687,2025,Cache,Bear River,Cache Valley,432983.031,4623897.638,area_weighted_polygon_centroid_in_simplified_service_area,1
company_105,4919,Agricultural,Hay/Turf,Alfalfa,Flood,9.373978,2025,Cache,Bear River,Cache Valley,428014.028,4623338.65,area_weighted_polygon_centroid_in_simplified_service_area,1
company_106,4928,Agricultural,Hay/Turf,Alfalfa,Flood,2.987377,2025,Cache,Bear River,Cache Valley,423901.142,4618777.416,area_weighted_polygon_centroid_in_simplified_service_area,1
company_088,4934,Agricultural,Hay/Turf,Grass Hay,Flood,7.424928,2025,Cache,Bear River,Cache Valley,430329.854,4606330.077,area_weighted_polygon_centroid_in_simplified_service_area,1
company_106,5112,Agricultural,Hay/Turf,Alfalfa,Flood,11.894829,2025,Cache,Bear River,Cache Valley,423847.121,4618179.998,area_weighted_polygon_centroid_in_simplified_service_area,1
company_168,5133,Agricultural,Hay/Turf,Alfalfa,Flood,20.799184,2025,Cache,Bear River,Cache Valley,421565.808,4643325.393,area_weighted_polygon_centroid_in_simplified_service_area,1
company_088,5186,Agricultural,Hay/Turf,Grass Hay,Flood,6.721626,2025,Cache,Bear River,Cache Valley,430353.352,4610880.1,area_weighted_polygon_centroid_in_simplified_service_area,1
company_168,5222,Agricultural,Hay/Turf,Alfalfa,Flood,1.207721,2025,Cache,Bear River,Cache Valley,425466.381,4632303.791,area_weighted_polygon_centroid_in_simplified_service_area,1
company_168,5320,Agricultural,Hay/Turf,Alfalfa,Flood,13.674546,2025,Cache,Bear River,Cache Valley,425343.935,4637578.215,area_weighted_polygon_centroid_in_simplified_service_area,1
company_164,5395,Agricultural,Hay/Turf,Grass Hay,Flood,1.134092,2025,Cache,Bear River,Cache Valley,424232.732,4613272.408,area_weighted_polygon_centroid_in_simplified_service_area,1
company_106,5401,Agricultural,Hay/Turf,Grass Hay,Flood,4.476,2025,Cache,Bear River,Cache Valley,424937.162,4619756.002,area_weighted_polygon_centroid_in_simplified_service_area,1
company_168,5407,Agricultural,Hay/Turf,Alfalfa,Flood,25.68317,2025,Cache,Bear River,Cache Valley,421164.815,4643270.444,area_weighted_polygon_centroid_in_simplified_service_area,1
company_106,5437,Agricultural,Hay/Turf,Alfalfa,Flood,2.451444,2025,Cache,Bear River,Cache Valley,426230.12,4617223.229,area_weighted_polygon_centroid_in_simplified_service_area,1
company_168,5450,Agricultural,Hay/Turf,Alfalfa,Flood,21.156868,2025,Cache,Bear River,Cache Valley,421138.841,4642982.418,area_weighted_polygon_centroid_in_simplified_service_area,1
company_106,5462,Agricultural,Hay/Turf,Alfalfa,Flood,8.550903,2025,Cache,Bear River,Cache Valley,426035.295,4618503.981,area_weighted_polygon_centroid_in_simplified_service_area,1
company_164,5524,Agricultural,Hay/Turf,Alfalfa,Flood,6.056038,2025,Cache,Bear River,Cache Valley,425081.109,4610239.809,area_weighted_polygon_centroid_in_simplified_service_area,1
company_106,5572,Agricultural,Hay/Turf,Grass Hay,Flood,1.701867,2025,Cache,Bear River,Cache Valley,423050.181,4619046.972,area_weighted_polygon_centroid_in_simplified_service_area,1
company_106,5596,Agricultural,Hay/Turf,Alfalfa,Flood,8.277244,2025,Cache,Bear River,Cache Valley,426050.29,4618972.167,area_weighted_polygon_centroid_in_simplified_service_area,1
company_088,5608,Agricultural,Hay/Turf,Alfalfa,Flood,11.905042,2025,Cache,Bear River,Cache Valley,425963.558,4610217.478,area_weighted_polygon_centroid_in_simplified_service_area,1
company_168,5635,Agricultural,Hay/Turf,Grass Hay,Flood,2.324552,2025,Cache,Bear River,Cache Valley,421015.446,4642728.097,area_weighted_polygon_centroid_in_simplified_service_area,1
company_106,5672,Agricultural,Hay/Turf,Alfalfa,Flood,10.731785,2025,Cache,Bear River,Cache Valley,426327.636,4618660.388,area_weighted_polygon_centroid_in_simplified_service_area,1
company_10390,5690,Agricultural,Hay/Turf,Grass Hay,Flood,1.7911,2025,Cache,Bear River,Cache Valley,427583.841,4619268.299,area_weighted_polygon_centroid_in_simplified_service_area,1
company_168,5713,Agricultural,Hay/Turf,Alfalfa,Wheel,19.248393,2025,Cache,Bear River,Cache Valley,426024.827,4636937.119,area_weighted_polygon_centroid_in_simplified_service_area,1
company_164,5746,Agricultural,Hay/Turf,Grass Hay,Flood,1.256805,2025,Cache,Bear River,Cache Valley,425755.012,4613559.821,area_weighted_polygon_centroid_in_simplified_service_area,1
company_168,5840,Agricultural,Hay/Turf,Grass Hay,Wheel,3.440937,2025,Cache,Bear River,Cache Valley,422110.842,4640897.984,area_weighted_polygon_centroid_in_simplified_service_area,1
company_088,5859,Agricultural,Hay/Turf,Alfalfa,Flood,9.096137,2025,Cache,Bear River,Cache Valley,431123.009,4607162.818,area_weighted_polygon_centroid_in_simplified_service_area,1
company_106,5887,Agricultural,Hay/Turf,Grass Hay,Flood,4.927058,2025,Cache,Bear River,Cache Valley,424474.986,4619924.764,area_weighted_polygon_centroid_in_simplified_service_area,1
company_168,5910,Agricultural,Hay/Turf,Alfalfa,Wheel,5.608447,2025,Cache,Bear River,Cache Valley,422734.206,4639079.551,area_weighted_polygon_centroid_in_simplified_service_area,1
company_106,5947,Agricultural,Hay/Turf,Alfalfa,Flood,3.408018,2025,Cache,Bear River,Cache Valley,425904.925,4619005.445,area_weighted_polygon_centroid_in_simplified_service_area,1
company_105,6015,Agricultural,Hay/Turf,Alfalfa,Flood,12.567498,2025,Cache,Bear River,Cache Valley,429085.863,4620447.995,area_weighted_polygon_centroid_in_simplified_service_area,1
company_106,6050,Agricultural,Hay/Turf,Grass Hay,Flood,2.609186,2025,Cache,Bear River,Cache Valley,426795.102,4618270.458,area_weighted_polygon_centroid_in_simplified_service_area,1
company_168,6132,Agricultural,Hay/Turf,Alfalfa,Flood,20.90904,2025,Cache,Bear River,Cache Valley,421404.435,4645185.289,area_weighted_polygon_centroid_in_simplified_service_area,1
company_164,6186,Agricultural,Hay/Turf,Alfalfa,Flood,5.933613,2025,Cache,Bear River,Cache Valley,424616.196,4611069.945,area_weighted_polygon_centroid_in_simplified_service_area,1
company_168,6240,Agricultural,Hay/Turf,Alfalfa,Flood,0.903494,2025,Cache,Bear River,Cache Valley,425975.757,4632629.996,area_weighted_polygon_centroid_in_simplified_service_area,1
company_168,6280,Agricultural,Hay/Turf,Grass Hay,Flood,2.33675,2025,Cache,Bear River,Cache Valley,425996.182,4632721.808,area_weighted_polygon_centroid_in_simplified_service_area,1
company_168,6298,Agricultural,Hay/Turf,Alfalfa,Flood,12.883073,2025,Cache,Bear River,Cache Valley,422506.144,4640725.977,area_weighted_polygon_centroid_in_simplified_service_area,1
company_164,6299,Agricultural,Hay/Turf,Grass Hay,Flood,2.935621,2025,Cache,Bear River,Cache Valley,424091.676,4614615.413,area_weighted_polygon_centroid_in_simplified_service_area,1
company_10390,6304,Agricultural,Hay/Turf,Alfalfa,Flood,4.574441,2025,Cache,Bear River,Cache Valley,428087.123,4619005.431,area_weighted_polygon_centroid_in_simplified_service_area,1
company_164,6332,Agricultural,Hay/Turf,Grass Hay,Flood,6.487772,2025,Cache,Bear River,Cache Valley,423152.196,4611156.339,area_weighted_polygon_centroid_in_simplified_service_area,1
company_164,6333,Agricultural,Hay/Turf,Alfalfa,Flood,5.615396,2025,Cache,Bear River,Cache Valley,424452.835,4610807.731,area_weighted_polygon_centroid_in_simplified_service_area,1
company_088,6393,Agricultural,Hay/Turf,Grass Hay,Flood,2.888481,2025,Cache,Bear River,Cache Valley,429861.703,4610132.834,area_weighted_polygon_centroid_in_simplified_service_area,1
company_106,6426,Agricultural,Hay/Turf,Alfalfa,Flood,6.291939,2025,Cache,Bear River,Cache Valley,425660.215,4616909.934,area_weighted_polygon_centroid_in_simplified_service_area,1
company_105,6427,Agricultural,Hay/Turf,Grass Hay,Flood,8.873532,2025,Cache,Bear River,Cache Valley,428091.02,4623155.582,area_weighted_polygon_centroid_in_simplified_service_area,1
company_106,6458,Agricultural,Hay/Turf,Alfalfa,Flood,6.963999,2025,Cache,Bear River,Cache Valley,426454.896,4617100.009,area_weighted_polygon_centroid_in_simplified_service_area,1
company_164,6478,Agricultural,Hay/Turf,Grass Hay,Flood,2.420278,2025,Cache,Bear River,Cache Valley,424736.14,4611954.298,area_weighted_polygon_centroid_in_simplified_service_area,1
company_168,6529,Agricultural,Hay/Turf,Grass Hay,Flood,2.11888,2025,Cache,Bear River,Cache Valley,425995.468,4632767.898,area_weighted_polygon_centroid_in_simplified_service_area,1
company_106,6531,Agricultural,Hay/Turf,Alfalfa,Flood,7.791612,2025,Cache,Bear River,Cache Valley,423997.602,4618933.389,area_weighted_polygon_centroid_in_simplified_service_area,1
company_088,6584,Agricultural,Hay/Turf,Alfalfa,Flood,10.934006,2025,Cache,Bear River,Cache Valley,430902.104,4607185.234,area_weighted_polygon_centroid_in_simplified_service_area,1
company_168,6634,Agricultural,Hay/Turf,Alfalfa,Flood,11.480411,2025,Cache,Bear River,Cache Valley,422302.522,4640833.869,area_weighted_polygon_centroid_in_simplified_service_area,1
company_105,6643,Agricultural,Hay/Turf,Grass Hay,Flood,5.115985,2025,Cache,Bear River,Cache Valley,427873.931,4623110.213,area_weighted_polygon_centroid_in_simplified_service_area,1
company_10390,6709,Agricultural,Hay/Turf,Alfalfa,Flood,7.561017,2025,Cache,Bear River,Cache Valley,426296.098,4619928.015,area_weighted_polygon_centroid_in_simplified_service_area,1
company_106,6799,Agricultural,Hay/Turf,Grass Hay,Flood,1.80141,2025,Cache,Bear River,Cache Valley,426014.462,4618624.186,area_weighted_polygon_centroid_in_simplified_service_area,1
company_164,6803,Agricultural,Hay/Turf,Alfalfa,Flood,10.527114,2025,Cache,Bear River,Cache Valley,423610.438,4614482.087,area_weighted_polygon_centroid_in_simplified_service_area,1
company_168,6864,Agricultural,Hay/Turf,Alfalfa,Flood,1.094965,2025,Cache,Bear River,Cache Valley,425847.66,4633044.16,area_weighted_polygon_centroid_in_simplified_service_area,1
company_106,6881,Agricultural,Hay/Turf,Grass Hay,Flood,4.805422,2025,Cache,Bear River,Cache Valley,424387.232,4619755.953,area_weighted_polygon_centroid_in_simplified_service_area,1
company_106,7041,Agricultural,Hay/Turf,Alfalfa,Flood,10.580922,2025,Cache,Bear River,Cache Valley,426434.184,4618144.308,area_weighted_polygon_centroid_in_simplified_service_area,1
company_106,7070,Agricultural,Hay/Turf,Grass Hay,Flood,1.52699,2025,Cache,Bear River,Cache Valley,426937.567,4618081.86,area_weighted_polygon_centroid_in_simplified_service_area,1
company_164,7075,Agricultural,Hay/Turf,Alfalfa,Flood,2.846814,2025,Cache,Bear River,Cache Valley,423827.862,4614320.714,area_weighted_polygon_centroid_in_simplified_service_area,1
company_106,7170,Agricultural,Hay/Turf,Grass Hay,Flood,5.197214,2025,Cache,Bear River,Cache Valley,423961.68,4619015.004,area_weighted_polygon_centroid_in_simplified_service_area,1
company_088,7213,Agricultural,Hay/Turf,Grass Hay,Flood,4.639543,2025,Cache,Bear River,Cache Valley,430084.132,4606565.936,area_weighted_polygon_centroid_in_simplified_service_area,1
company_168,7237,Agricultural,Hay/Turf,Alfalfa,Flood,3.117913,2025,Cache,Bear River,Cache Valley,423485.418,4637773.058,area_weighted_polygon_centroid_in_simplified_service_area,1
company_168,7238,Agricultural,Hay/Turf,Grass Hay,Flood,0.802174,2025,Cache,Bear River,Cache Valley,426614.488,4632433.633,area_weighted_polygon_centroid_in_simplified_service_area,1
company_106,7305,Agricultural,Hay/Turf,Alfalfa,Flood,13.332899,2025,Cache,Bear River,Cache Valley,423236.689,4619866.797,area_weighted_polygon_centroid_in_simplified_service_area,1
company_164,7311,Agricultural,Hay/Turf,Alfalfa,Flood,2.763274,2025,Cache,Bear River,Cache Valley,424284.988,4610825.888,area_weighted_polygon_centroid_in_simplified_service_area,1
company_106,7339,Agricultural,Hay/Turf,Alfalfa,Flood,4.880177,2025,Cache,Bear River,Cache Valley,423936.996,4617617.901,area_weighted_polygon_centroid_in_simplified_service_area,1
company_164,7350,Agricultural,Hay/Turf,Grass Hay,Flood,9.97055,2025,Cache,Bear River,Cache Valley,423520.766,4611143.222,area_weighted_polygon_centroid_in_simplified_service_area,1
company_168,7358,Agricultural,Hay/Turf,Alfalfa,Flood,5.077992,2025,Cache,Bear River,Cache Valley,421214.866,4643693.157,area_weighted_polygon_centroid_in_simplified_service_area,1
company_088,7469,Agricultural,Hay/Turf,Alfalfa,Flood,2.078876,2025,Cache,Bear River,Cache Valley,431120.064,4607264.772,area_weighted_polygon_centroid_in_simplified_service_area,1
company_168,7489,Agricultural,Hay/Turf,Alfalfa,Flood,1.758078,2025,Cache,Bear River,Cache Valley,425725.047,4635123.463,area_weighted_polygon_centroid_in_simplified_service_area,1
company_168,7568,Agricultural,Hay/Turf,Grass Hay,Flood,0.346189,2025,Cache,Bear River,Cache Valley,421139.048,4640064.017,area_weighted_polygon_centroid_in_simplified_service_area,1
company_164,7569,Agricultural,Hay/Turf,Grass Hay,Flood,6.106141,2025,Cache,Bear River,Cache Valley,425663.382,4610088.844,area_weighted_polygon_centroid_in_simplified_service_area,1
company_164,7580,Agricultural,Hay/Turf,Grass Hay,Flood,1.977168,2025,Cache,Bear River,Cache Valley,424987.602,4610271.718,area_weighted_polygon_centroid_in_simplified_service_area,1
company_088,7590,Agricultural,Hay/Turf,Alfalfa,Flood,8.934691,2025,Cache,Bear River,Cache Valley,427490.035,4609854.929,area_weighted_polygon_centroid_in_simplified_service_area,1
company_088,7592,Agricultural,Hay/Turf,Alfalfa,Flood,13.942113,2025,Cache,Bear River,Cache Valley,426011.967,4610408.971,area_weighted_polygon_centroid_in_simplified_service_area,1
company_106,7603,Agricultural,Hay/Turf,Grass Hay,Flood,3.860736,2025,Cache,Bear River,Cache Valley,426374.454,4618978.672,area_weighted_polygon_centroid_in_simplified_service_area,1
company_168,7623,Agricultural,Hay/Turf,Alfalfa,Flood,7.058186,2025,Cache,Bear River,Cache Valley,422773.971,4639915.476,area_weighted_polygon_centroid_in_simplified_service_area,1
company_164,7695,Agricultural,Hay/Turf,Alfalfa,Flood,9.101203,2025,Cache,Bear River,Cache Valley,424129.601,4614782.695,area_weighted_polygon_centroid_in_simplified_service_area,1
company_164,7701,Agricultural,Hay/Turf,Alfalfa,Flood,4.523244,2025,Cache,Bear River,Cache Valley,425725.156,4610887.892,area_weighted_polygon_centroid_in_simplified_service_area,1
company_088,7797,Agricultural,Hay/Turf,Alfalfa,Flood,2.10906,2025,Cache,Bear River,Cache Valley,429192.267,4609991.578,area_weighted_polygon_centroid_in_simplified_service_area,1
company_164,7812,Agricultural,Hay/Turf,Alfalfa,Flood,14.390293,2025,Cache,Bear River,Cache Valley,423962.007,4615074.19,area_weighted_polygon_centroid_in_simplified_service_area,1
company_164,7873,Agricultural,Hay/Turf,Grass Hay,Flood,7.922882,2025,Cache,Bear River,Cache Valley,424808.843,4612109.868,area_weighted_polygon_centroid_in_simplified_service_area,1
company_168,7920,Agricultural,Hay/Turf,Alfalfa,Flood,13.99775,2025,Cache,Bear River,Cache Valley,425208.651,4636958.969,area_weighted_polygon_centroid_in_simplified_service_area,1
company_168,8061,Agricultural,Hay/Turf,Alfalfa,Flood,1.565213,2025,Cache,Bear River,Cache Valley,426021.371,4632675.651,area_weighted_polygon_centroid_in_simplified_service_area,1
company_106,8073,Agricultural,Hay/Turf,Alfalfa,Flood,0.731439,2025,Cache,Bear River,Cache Valley,426581.073,4618065.092,area_weighted_polygon_centroid_in_simplified_service_area,1
company_164,8137,Agricultural,Hay/Turf,Grass Hay,Flood,1.92244,2025,Cache,Bear River,Cache Valley,425506.642,4610232.78,area_weighted_polygon_centroid_in_simplified_service_area,1
company_088,8173,Agricultural,Hay/Turf,Grass Hay,Flood,3.238332,2025,Cache,Bear River,Cache Valley,429939.618,4610243.17,area_weighted_polygon_centroid_in_simplified_service_area,1
company_10390,8184,Agricultural,Hay/Turf,Alfalfa,Flood,13.545749,2025,Cache,Bear River,Cache Valley,426695.542,4619900.033,area_weighted_polygon_centroid_in_simplified_service_area,1
company_105,8202,Agricultural,Hay/Turf,Alfalfa,Flood,4.354296,2025,Cache,Bear River,Cache Valley,429968.022,4624412.939,area_weighted_polygon_centroid_in_simplified_service_area,1
company_164,8227,Agricultural,Hay/Turf,Grass Hay,Flood,1.021415,2025,Cache,Bear River,Cache Valley,425176.388,4614604.342,area_weighted_polygon_centroid_in_simplified_service_area,1
company_106,8234,Agricultural,Hay/Turf,Grass Hay,Flood,9.614831,2025,Cache,Bear River,Cache Valley,424337.141,4619130.46,area_weighted_polygon_centroid_in_simplified_service_area,1
company_10390,8247,Agricultural,Hay/Turf,Alfalfa,Flood,5.421427,2025,Cache,Bear River,Cache Valley,428180.843,4619030.09,area_weighted_polygon_centroid_in_simplified_service_area,1
company_088,8271,Agricultural,Hay/Turf,Grass Hay,Flood,10.032711,2025,Cache,Bear River,Cache Valley,430413.211,4607240.742,area_weighted_polygon_centroid_in_simplified_service_area,1
company_106,8274,Agricultural,Hay/Turf,Alfalfa,Flood,5.819794,2025,Cache,Bear River,Cache Valley,423285.405,4618497.351,area_weighted_polygon_centroid_in_simplified_service_area,1
company_164,8287,Agricultural,Hay/Turf,Alfalfa,Flood,5.529132,2025,Cache,Bear River,Cache Valley,424023.584,4613487.67,area_weighted_polygon_centroid_in_simplified_service_area,1
company_105,8308,Agricultural,Hay/Turf,Alfalfa,Flood,9.433264,2025,Cache,Bear River,Cache Valley,430161.902,4624355.176,area_weighted_polygon_centroid_in_simplified_service_area,1
company_168,8310,Agricultural,Hay/Turf,Alfalfa,Flood,2.969278,2025,Cache,Bear River,Cache Valley,421554.555,4642404.824,area_weighted_polygon_centroid_in_simplified_service_area,1
company_164,8350,Agricultural,Hay/Turf,Grass Hay,Flood,11.075442,2025,Cache,Bear River,Cache Valley,424854.868,4610166.227,area_weighted_polygon_centroid_in_simplified_service_area,1
company_164,8370,Agricultural,Hay/Turf,Alfalfa,Flood,15.824566,2025,Cache,Bear River,Cache Valley,424430.618,4615565.653,area_weighted_polygon_centroid_in_simplified_service_area,1
company_168,8371,Agricultural,Hay/Turf,Alfalfa,Flood,3.438908,2025,Cache,Bear River,Cache Valley,421006.018,4645282.78,area_weighted_polygon_centroid_in_simplified_service_area,1
company_088,8388,Agricultural,Hay/Turf,Grass Hay,Flood,2.601204,2025,Cache,Bear River,Cache Valley,430051.195,4610375.34,area_weighted_polygon_centroid_in_simplified_service_area,1
company_105,8408,Agricultural,Hay/Turf,Grass Hay,Flood,35.304715,2025,Cache,Bear River,Cache Valley,429958.025,4624742.949,area_weighted_polygon_centroid_in_simplified_service_area,1
company_168,8427,Agricultural,Hay/Turf,Grass Hay,Flood,3.55974,2025,Cache,Bear River,Cache Valley,425001.39,4637182.088,area_weighted_polygon_centroid_in_simplified_service_area,1
company_164,8449,Agricultural,Hay/Turf,Alfalfa,Flood,17.050052,2025,Cache,Bear River,Cache Valley,424135.269,4615059.752,area_weighted_polygon_centroid_in_simplified_service_area,1
company_106,8452,Agricultural,Hay/Turf,Alfalfa,Flood,10.605374,2025,Cache,Bear River,Cache Valley,423355.901,4619864.565,area_weighted_polygon_centroid_in_simplified_service_area,1
company_168,8545,Agricultural,Hay/Turf,Alfalfa,Flood,0.177742,2025,Cache,Bear River,Cache Valley,425760.976,4637084.867,area_weighted_polygon_centroid_in_simplified_service_area,1
company_106,8576,Agricultural,Hay/Turf,Alfalfa,Flood,10.208464,2025,Cache,Bear River,Cache Valley,423252.347,4618707.633,area_weighted_polygon_centroid_in_simplified_service_area,1
company_088,8589,Agricultural,Hay/Turf,Alfalfa,Flood,1.985039,2025,Cache,Bear River,Cache Valley,430071.792,4606298.135,area_weighted_polygon_centroid_in_simplified_service_area,1
company_168,8632,Agricultural,Hay/Turf,Alfalfa,Flood,32.942657,2025,Cache,Bear River,Cache Valley,420783.946,4642473.778,area_weighted_polygon_centroid_in_simplified_service_area,1
company_164,8679,Agricultural,Hay/Turf,Grass Hay,Flood,1.417766,2025,Cache,Bear River,Cache Valley,425875.62,4613561.693,area_weighted_polygon_centroid_in_simplified_service_area,1
company_164,8690,Agricultural,Hay/Turf,Alfalfa,Flood,3.388289,2025,Cache,Bear River,Cache Valley,424487.24,4610924.264,area_weighted_polygon_centroid_in_simplified_service_area,1
company_164,8746,Agricultural,Hay/Turf,Grass Hay,Flood,21.42273,2025,Cache,Bear River,Cache Valley,426525.11,4609907.828,area_weighted_polygon_centroid_in_simplified_service_area,1
company_164,8758,Agricultural,Hay/Turf,Alfalfa,Flood,5.220121,2025,Cache,Bear River,Cache Valley,425920.031,4610988.073,area_weighted_polygon_centroid_in_simplified_service_area,1
company_164,8778,Agricultural,Hay/Turf,Grass Hay,Flood,8.512473,2025,Cache,Bear River,Cache Valley,422865.616,4614650.667,area_weighted_polygon_centroid_in_simplified_service_area,1
company_106,8824,Agricultural,Hay/Turf,Alfalfa,Flood,1.433312,2025,Cache,Bear River,Cache Valley,426637.635,4618341.392,area_weighted_polygon_centroid_in_simplified_service_area,1
company_10390,8826,Agricultural,Hay/Turf,Alfalfa,Flood,16.746217,2025,Cache,Bear River,Cache Valley,428140.796,4618746.811,area_weighted_polygon_centroid_in_simplified_service_area,1
company_164,8848,Agricultural,Hay/Turf,Alfalfa,Flood,14.900326,2025,Cache,Bear River,Cache Valley,425281.18,4611129.993,area_weighted_polygon_centroid_in_simplified_service_area,1
company_168,8871,Agricultural,Hay/Turf,Alfalfa,Flood,5.814388,2025,Cache,Bear River,Cache Valley,422753.261,4639321.185,area_weighted_polygon_centroid_in_simplified_service_area,1
company_106,8906,Agricultural,Hay/Turf,Alfalfa,Flood,1.41435,2025,Cache,Bear River,Cache Valley,426069.319,4619088.657,area_weighted_polygon_centroid_in_simplified_service_area,1
company_088,8927,Agricultural,Hay/Turf,Alfalfa,Flood,10.256022,2025,Cache,Bear River,Cache Valley,426669.026,4610581.613,area_weighted_polygon_centroid_in_simplified_service_area,1
company_164,8970,Agricultural,Hay/Turf,Alfalfa,Flood,4.074043,2025,Cache,Bear River,Cache Valley,425427.62,4610451.861,area_weighted_polygon_centroid_in_simplified_service_area,1
company_106,9077,Agricultural,Hay/Turf,Grass Hay,Flood,2.445827,2025,Cache,Bear River,Cache Valley,427003.943,4618112.54,area_weighted_polygon_centroid_in_simplified_service_area,1
company_168,9156,Agricultural,Hay/Turf,Alfalfa,Flood,2.620786,2025,Cache,Bear River,Cache Valley,425773.612,4635427.786,area_weighted_polygon_centroid_in_simplified_service_area,1
company_164,9174,Agricultural,Hay/Turf,Alfalfa,Flood,6.301498,2025,Cache,Bear River,Cache Valley,424307.953,4610376.52,area_weighted_polygon_centroid_in_simplified_service_area,1
company_106,9187,Agricultural,Hay/Turf,Grass Hay,Flood,2.540083,2025,Cache,Bear River,Cache Valley,424290.164,4619391.843,area_weighted_polygon_centroid_in_simplified_service_area,1
company_164,9227,Agricultural,Hay/Turf,Alfalfa,Flood,3.979845,2025,Cache,Bear River,Cache Valley,423129.149,4611651.15,area_weighted_polygon_centroid_in_simplified_service_area,1
company_168,9236,Agricultural,Hay/Turf,Alfalfa,Flood,6.812913,2025,Cache,Bear River,Cache Valley,421049.223,4646341.245,area_weighted_polygon_centroid_in_simplified_service_area,1
company_168,9258,Agricultural,Hay/Turf,Alfalfa,Flood,4.741285,2025,Cache,Bear River,Cache Valley,424671.348,4641099.902,area_weighted_polygon_centroid_in_simplified_service_area,1
company_168,9264,Agricultural,Hay/Turf,Alfalfa,Flood,5.851162,2025,Cache,Bear River,Cache Valley,425341.119,4637705.256,area_weighted_polygon_centroid_in_simplified_service_area,1
company_106,9277,Agricultural,Hay/Turf,Alfalfa,Flood,3.046042,2025,Cache,Bear River,Cache Valley,426588.727,4618407.693,area_weighted_polygon_centroid_in_simplified_service_area,1
company_088,9288,Agricultural,Hay/Turf,Grass Hay,Flood,2.834959,2025,Cache,Bear River,Cache Valley,430047.271,4610012.724,area_weighted_polygon_centroid_in_simplified_service_area,1
company_088,9319,Agricultural,Hay/Turf,Alfalfa,Flood,6.39884,2025,Cache,Bear River,Cache Valley,426038.274,4610528.831,area_weighted_polygon_centroid_in_simplified_service_area,1
company_106,9334,Agricultural,Hay/Turf,Alfalfa,Flood,8.205058,2025,Cache,Bear River,Cache Valley,424330.515,4618946.641,area_weighted_polygon_centroid_in_simplified_service_area,1
company_10390,9355,Agricultural,Hay/Turf,Grass Hay,Flood,5.224615,2025,Cache,Bear River,Cache Valley,427943.459,4618456.265,area_weighted_polygon_centroid_in_simplified_service_area,1
company_106,9399,Agricultural,Hay/Turf,Grass Hay,Flood,7.578297,2025,Cache,Bear River,Cache Valley,423920.288,4618016.222,area_weighted_polygon_centroid_in_simplified_service_area,1
company_106,9426,Agricultural,Hay/Turf,Alfalfa,Flood,20.697121,2025,Cache,Bear River,Cache Valley,423135.883,4619478.567,area_weighted_polygon_centroid_in_simplified_service_area,1
company_106,9437,Agricultural,Hay/Turf,Alfalfa,Flood,14.946657,2025,Cache,Bear River,Cache Valley,424085.447,4618198.603,area_weighted_polygon_centroid_in_simplified_service_area,1
company_168,9493,Agricultural,Hay/Turf,Alfalfa,Flood,5.305813,2025,Cache,Bear River,Cache Valley,422118.021,4635039.258,area_weighted_polygon_centroid_in_simplified_service_area,1
company_106,9561,Agricultural,Hay/Turf,Alfalfa,Flood,3.51526,2025,Cache,Bear River,Cache Valley,426422.73,4616928.139,area_weighted_polygon_centroid_in_simplified_service_area,1
company_164,9609,Agricultural,Hay/Turf,Grass Hay,Flood,1.096878,2025,Cache,Bear River,Cache Valley,424448.626,4613426.25,area_weighted_polygon_centroid_in_simplified_service_area,1
company_106,9682,Agricultural,Hay/Turf,Alfalfa,Flood,3.280714,2025,Cache,Bear River,Cache Valley,424452.76,4620091.736,area_weighted_polygon_centroid_in_simplified_service_area,1
company_088,9742,Agricultural,Hay/Turf,Alfalfa,Flood,2.079544,2025,Cache,Bear River,Cache Valley,429681.84,4608428.598,area_weighted_polygon_centroid_in_simplified_service_area,1
company_164,9763,Agricultural,Hay/Turf,Alfalfa,Flood,4.907944,2025,Cache,Bear River,Cache Valley,424194.812,4614517.659,area_weighted_polygon_centroid_in_simplified_service_area,1
company_105,9812,Agricultural,Hay/Turf,Grass Hay,Flood,3.59338,2025,Cache,Bear River,Cache Valley,428761.082,4620651.774,area_weighted_polygon_centroid_in_simplified_service_area,1
company_164,9818,Agricultural,Hay/Turf,Grass Hay,Flood,2.431308,2025,Cache,Bear River,Cache Valley,423228.935,4614157.064,area_weighted_polygon_centroid_in_simplified_service_area,1
company_168,9842,Agricultural,Hay/Turf,Alfalfa,Flood,7.176844,2025,Cache,Bear River,Cache Valley,421960.63,4638268.625,area_weighted_polygon_centroid_in_simplified_service_area,1
company_164,9850,Agricultural,Hay/Turf,Grass Hay,Flood,11.211948,2025,Cache,Bear River,Cache Valley,424405.816,4612194.228,area_weighted_polygon_centroid_in_simplified_service_area,1
company_164,9896,Agricultural,Hay/Turf,Alfalfa,Flood,1.146881,2025,Cache,Bear River,Cache Valley,423366.651,4611480.556,area_weighted_polygon_centroid_in_simplified_service_area,1
company_164,9904,Agricultural,Hay/Turf,Grass Hay,Flood,3.905824,2025,Cache,Bear River,Cache Valley,423033.247,4614964.977,area_weighted_polygon_centroid_in_simplified_service_area,1
company_168,9939,Agricultural,Hay/Turf,Alfalfa,Flood,0.476508,2025,Cache,Bear River,Cache Valley,421827.09,4640464.669,area_weighted_polygon_centroid_in_simplified_service_area,1
company_106,9973,Agricultural,Hay/Turf,Alfalfa,Flood,10.55213,2025,Cache,Bear River,Cache Valley,423573.404,4619330.58,area_weighted_polygon_centroid_in_simplified_service_area,1
company_105,9979,Agricultural,Hay/Turf,Alfalfa,Flood,21.234431,2025,Cache,Bear River,Cache Valley,429992.237,4624548.135,area_weighted_polygon_centroid_in_simplified_service_area,1
company_164,9996,Agricultural,Hay/Turf,Grass Hay,Flood,1.081634,2025,Cache,Bear River,Cache Valley,425558.751,4610472.07,area_weighted_polygon_centroid_in_simplified_service_area,1
company_10390,10003,Agricultural,Hay/Turf,Alfalfa,Flood,5.761989,2025,Cache,Bear River,Cache Valley,426752.325,4619309.833,area_weighted_polygon_centroid_in_simplified_service_area,1
company_168,10033,Agricultural,Hay/Turf,Grass Hay,Flood,12.71139,2025,Cache,Bear River,Cache Valley,420047.367,4643205.105,area_weighted_polygon_centroid_in_simplified_service_area,1
company_164,10075,Agricultural,Hay/Turf,Grass Hay,Flood,1.152303,2025,Cache,Bear River,Cache Valley,425752.408,4609924.304,area_weighted_polygon_centroid_in_simplified_service_area,1
company_088,10124,Agricultural,Hay/Turf,Grass Hay,Flood,3.463292,2025,Cache,Bear River,Cache Valley,430050.452,4610487.534,area_weighted_polygon_centroid_in_simplified_service_area,1
company_106,10162,Agricultural,Hay/Turf,Grass Hay,Flood,6.994055,2025,Cache,Bear River,Cache Valley,424583.275,4619486.858,area_weighted_polygon_centroid_in_simplified_service_area,1
company_105,10176,Agricultural,Hay/Turf,Grass Hay,Flood,5.601404,2025,Cache,Bear River,Cache Valley,428618.717,4620411.291,area_weighted_polygon_centroid_in_simplified_service_area,1
company_10390,10179,Agricultural,Hay/Turf,Alfalfa,Flood,1.621046,2025,Cache,Bear River,Cache Valley,426696.007,4619774.617,area_weighted_polygon_centroid_in_simplified_service_area,1
company_105,10239,Agricultural,Hay/Turf,Grass Hay,Flood,5.810959,2025,Cache,Bear River,Cache Valley,429602.231,4624773.3,area_weighted_polygon_centroid_in_simplified_service_area,1
company_164,10254,Agricultural,Hay/Turf,Grass Hay,Flood,1.363546,2025,Cache,Bear River,Cache Valley,424444.768,4613584.613,area_weighted_polygon_centroid_in_simplified_service_area,1
company_168,10289,Agricultural,Hay/Turf,Alfalfa,Flood,2.81295,2025,Cache,Bear River,Cache Valley,422474.145,4640579.988,area_weighted_polygon_centroid_in_simplified_service_area,1
company_088,10319,Agricultural,Hay/Turf,Alfalfa,Flood,1.810446,2025,Cache,Bear River,Cache Valley,430005.587,4609886.007,area_weighted_polygon_centroid_in_simplified_service_area,1
company_168,10361,Agricultural,Hay/Turf,Alfalfa,Flood,4.158405,2025,Cache,Bear River,Cache Valley,424855.968,4632552.753,area_weighted_polygon_centroid_in_simplified_service_area,1
company_106,10388,Agricultural,Hay/Turf,Grass Hay,Flood,1.164773,2025,Cache,Bear River,Cache Valley,426012.164,4619080.115,area_weighted_polygon_centroid_in_simplified_service_area,1
company_164,10396,Agricultural,Hay/Turf,Grass Hay,Flood,10.100854,2025,Cache,Bear River,Cache Valley,424928.686,4614528.918,area_weighted_polygon_centroid_in_simplified_service_area,1
company_106,10397,Agricultural,Hay/Turf,Grass Hay,Flood,0.700273,2025,Cache,Bear River,Cache Valley,425863.366,4618709.343,area_weighted_polygon_centroid_in_simplified_service_area,1
company_164,10400,Agricultural,Hay/Turf,Alfalfa,Flood,5.18017,2025,Cache,Bear River,Cache Valley,423856.357,4614993.959,area_weighted_polygon_centroid_in_simplified_service_area,1
company_164,10526,Agricultural,Hay/Turf,Grass Hay,Flood,24.627731,2025,Cache,Bear River,Cache Valley,426082.685,4609946.563,area_weighted_polygon_centroid_in_simplified_service_area,1
company_164,10554,Agricultural,Hay/Turf,Alfalfa,Flood,4.917676,2025,Cache,Bear River,Cache Valley,425940.473,4610886.499,area_weighted_polygon_centroid_in_simplified_service_area,1
company_106,10558,Agricultural,Hay/Turf,Alfalfa,Flood,1.008249,2025,Cache,Bear River,Cache Valley,424282.48,4619282.267,area_weighted_polygon_centroid_in_simplified_service_area,1
company_106,10562,Agricultural,Hay/Turf,Grass Hay,Flood,4.094545,2025,Cache,Bear River,Cache Valley,424323.511,4619907.32,area_weighted_polygon_centroid_in_simplified_service_area,1
company_106,10563,Agricultural,Hay/Turf,Alfalfa,Flood,4.321251,2025,Cache,Bear River,Cache Valley,424100.156,4618779.5,area_weighted_polygon_centroid_in_simplified_service_area,1
company_168,10575,Agricultural,Hay/Turf,Alfalfa,Flood,14.265506,2025,Cache,Bear River,Cache Valley,421680.98,4642461.094,area_weighted_polygon_centroid_in_simplified_service_area,1
company_164,10655,Agricultural,Hay/Turf,Alfalfa,Flood,2.224889,2025,Cache,Bear River,Cache Valley,423471.893,4611312.96,area_weighted_polygon_centroid_in_simplified_service_area,1
company_10390,10737,Agricultural,Hay/Turf,Grass Hay,Flood,0.694409,2025,Cache,Bear River,Cache Valley,426427.089,4619755.183,area_weighted_polygon_centroid_in_simplified_service_area,1
company_106,10767,Agricultural,Hay/Turf,Alfalfa,Flood,16.249561,2025,Cache,Bear River,Cache Valley,423328.941,4619458.396,area_weighted_polygon_centroid_in_simplified_service_area,1
company_168,10797,Agricultural,Hay/Turf,Grass Hay,Wheel,4.99368,2025,Cache,Bear River,Cache Valley,422024.031,4640556.514,area_weighted_polygon_centroid_in_simplified_service_area,1
company_168,10805,Agricultural,Hay/Turf,Alfalfa,Flood,13.845075,2025,Cache,Bear River,Cache Valley,421153.954,4643563.933,area_weighted_polygon_centroid_in_simplified_service_area,1
company_106,10819,Agricultural,Hay/Turf,Grass Hay,Flood,4.081529,2025,Cache,Bear River,Cache Valley,424704.884,4619953.418,area_weighted_polygon_centroid_in_simplified_service_area,1
company_088,10839,Agricultural,Hay/Turf,Alfalfa,Flood,5.95953,2025,Cache,Bear River,Cache Valley,429723.961,4610055.486,area_weighted_polygon_centroid_in_simplified_service_area,1
company_168,10854,Agricultural,Hay/Turf,Alfalfa,Flood,20.966484,2025,Cache,Bear River,Cache Valley,424972.386,4637608.685,area_weighted_polygon_centroid_in_simplified_service_area,1
company_088,10887,Agricultural,Hay/Turf,Grass Hay,Flood,2.938471,2025,Cache,Bear River,Cache Valley,430049.185,4610265.741,area_weighted_polygon_centroid_in_simplified_service_area,1
company_164,10910,Agricultural,Hay/Turf,Alfalfa,Flood,4.372306,2025,Cache,Bear River,Cache Valley,424235.618,4614199.448,area_weighted_polygon_centroid_in_simplified_service_area,1
company_164,10981,Agricultural,Hay/Turf,Alfalfa,Flood,14.317153,2025,Cache,Bear River,Cache Valley,423901.113,4614624.151,area_weighted_polygon_centroid_in_simplified_service_area,1
company_106,11095,Agricultural,Hay/Turf,Alfalfa,Flood,6.784121,2025,Cache,Bear River,Cache Valley,424019.964,4618706.975,area_weighted_polygon_centroid_in_simplified_service_area,1
company_164,11160,Agricultural,Hay/Turf,Grass Hay,Flood,4.335719,2025,Cache,Bear River,Cache Valley,424534.953,4612365.576,area_weighted_polygon_centroid_in_simplified_service_area,1
company_168,11254,Agricultural,Hay/Turf,Alfalfa,Flood,22.053047,2025,Cache,Bear River,Cache Valley,420078.839,4644611.599,area_weighted_polygon_centroid_in_simplified_service_area,1
company_164,11261,Agricultural,Hay/Turf,Alfalfa,Flood,1.152508,2025,Cache,Bear River,Cache Valley,423693.559,4610546.162,area_weighted_polygon_centroid_in_simplified_service_area,1
company_168,11304,Agricultural,Hay/Turf,Alfalfa,Flood,16.745745,2025,Cache,Bear River,Cache Valley,424779.981,4632251.524,area_weighted_polygon_centroid_in_simplified_service_area,1
company_164,11340,Agricultural,Hay/Turf,Alfalfa,Wheel,15.826365,2025,Cache,Bear River,Cache Valley,425718.38,4610687.997,area_weighted_polygon_centroid_in_simplified_service_area,1
company_168,11521,Agricultural,Hay/Turf,Alfalfa,Wheel,9.822358,2025,Cache,Bear River,Cache Valley,422085.397,4640749.617,area_weighted_polygon_centroid_in_simplified_service_area,1
company_164,11607,Agricultural,Hay/Turf,Grass Hay,Flood,2.252711,2025,Cache,Bear River,Cache Valley,423236.263,4611124.726,area_weighted_polygon_centroid_in_simplified_service_area,1
company_164,11662,Agricultural,Hay/Turf,Alfalfa,Flood,1.809448,2025,Cache,Bear River,Cache Valley,426639.559,4609579.18,area_weighted_polygon_centroid_in_simplified_service_area,1
company_106,11669,Agricultural,Hay/Turf,Grass Hay,Flood,7.159209,2025,Cache,Bear River,Cache Valley,426494.511,4618595.989,area_weighted_polygon_centroid_in_simplified_service_area,1
company_106,11671,Agricultural,Hay/Turf,Grass Hay,Flood,5.8855,2025,Cache,Bear River,Cache Valley,425046.487,4619756.86,area_weighted_polygon_centroid_in_simplified_service_area,1
company_164,11732,Agricultural,Hay/Turf,Alfalfa,Flood,2.006206,2025,Cache,Bear River,Cache Valley,423719.077,4610619.68,area_weighted_polygon_centroid_in_simplified_service_area,1
company_168,11762,Agricultural,Hay/Turf,Alfalfa,Flood,2.364146,2025,Cache,Bear River,Cache Valley,421248.43,4643791.964,area_weighted_polygon_centroid_in_simplified_service_area,1
company_164,11855,Agricultural,Hay/Turf,Alfalfa,Flood,45.126662,2025,Cache,Bear River,Cache Valley,424431.912,4614339.579,area_weighted_polygon_centroid_in_simplified_service_area,1
company_088,11875,Agricultural,Hay/Turf,Alfalfa,Flood,6.984809,2025,Cache,Bear River,Cache Valley,430073.424,4606415.2,area_weighted_polygon_centroid_in_simplified_service_area,1
company_168,11879,Agricultural,Hay/Turf,Alfalfa,Flood,9.3433,2025,Cache,Bear River,Cache Valley,426129.421,4632410.47,area_weighted_polygon_centroid_in_simplified_service_area,1
company_10390,11915,Agricultural,Hay/Turf,Alfalfa,Flood,6.814045,2025,Cache,Bear River,Cache Valley,426656.722,4619676.298,area_weighted_polygon_centroid_in_simplified_service_area,1
company_168,11991,Agricultural,Hay/Turf,Grass Hay,Flood,1.867115,2025,Cache,Bear River,Cache Valley,424639.63,4637687.535,area_weighted_polygon_centroid_in_simplified_service_area,1
company_10390,12002,Agricultural,Hay/Turf,Alfalfa,Flood,8.312851,2025,Cache,Bear River,Cache Valley,428355.474,4618966.388,area_weighted_polygon_centroid_in_simplified_service_area,1
company_105,12015,Agricultural,Hay/Turf,Alfalfa,Flood,4.789847,2025,Cache,Bear River,Cache Valley,429746.466,4624312.202,area_weighted_polygon_centroid_in_simplified_service_area,1
company_10390,12023,Agricultural,Hay/Turf,Grass Hay,Flood,10.370108,2025,Cache,Bear River,Cache Valley,427719.251,4618433.119,area_weighted_polygon_centroid_in_simplified_service_area,1
company_106,12025,Agricultural,Hay/Turf,Alfalfa,Flood,4.780706,2025,Cache,Bear River,Cache Valley,426581.079,4618165.054,area_weighted_polygon_centroid_in_simplified_service_area,1
company_164,12070,Agricultural,Hay/Turf,Alfalfa,Flood,2.552953,2025,Cache,Bear River,Cache Valley,424189.572,4610730.867,area_weighted_polygon_centroid_in_simplified_service_area,1
company_164,12078,Agricultural,Hay/Turf,Alfalfa,Flood,6.642868,2025,Cache,Bear River,Cache Valley,424472.189,4610678.129,area_weighted_polygon_centroid_in_simplified_service_area,1
company_164,12159,Agricultural,Hay/Turf,Alfalfa,Flood,13.010485,2025,Cache,Bear River,Cache Valley,424222.772,4613794.804,area_weighted_polygon_centroid_in_simplified_service_area,1
company_168,12206,Agricultural,Hay/Turf,Grass Hay,Flood,1.879263,2025,Cache,Bear River,Cache Valley,421123.925,4646067.336,area_weighted_polygon_centroid_in_simplified_service_area,1
company_168,12225,Agricultural,Hay/Turf,Grass Hay,Flood,2.179456,2025,Cache,Bear River,Cache Valley,425996.793,4632812.137,area_weighted_polygon_centroid_in_simplified_service_area,1
company_106,12231,Agricultural,Hay/Turf,Grass Hay,Flood,8.858998,2025,Cache,Bear River,Cache Valley,425637.132,4619309.557,area_weighted_polygon_centroid_in_simplified_service_area,1
company_164,12232,Agricultural,Hay/Turf,Grass Hay,Flood,5.888269,2025,Cache,Bear River,Cache Valley,424392.977,4612365.552,area_weighted_polygon_centroid_in_simplified_service_area,1
company_164,12285,Agricultural,Hay/Turf,Alfalfa,Flood,22.574708,2025,Cache,Bear River,Cache Valley,426396.877,4609587.121,area_weighted_polygon_centroid_in_simplified_service_area,1
company_106,12340,Agricultural,Hay/Turf,Alfalfa,Flood,4.472276,2025,Cache,Bear River,Cache Valley,426182.545,4616938.563,area_weighted_polygon_centroid_in_simplified_service_area,1
company_105,12376,Agricultural,Hay/Turf,Alfalfa,Flood,3.652942,2025,Cache,Bear River,Cache Valley,429676.207,4622521.7,area_weighted_polygon_centroid_in_simplified_service_area,1
company_106,12404,Agricultural,Hay/Turf,Alfalfa,Flood,7.363302,2025,Cache,Bear River,Cache Valley,425937.949,4618868.874,area_weighted_polygon_centroid_in_simplified_service_area,1
company_105,12440,Agricultural,Hay/Turf,Alfalfa,Flood,2.201177,2025,Cache,Bear River,Cache Valley,429976.659,4624316.184,area_weighted_polygon_centroid_in_simplified_service_area,1
company_088,12596,Agricultural,Hay/Turf,Alfalfa,Flood,5.729505,2025,Cache,Bear River,Cache Valley,429598.859,4609850.281,area_weighted_polygon_centroid_in_simplified_service_area,1
company_106,12607,Agricultural,Hay/Turf,Alfalfa,Flood,14.176048,2025,Cache,Bear River,Cache Valley,424013.815,4618600.157,area_weighted_polygon_centroid_in_simplified_service_area,1
company_106,12639,Agricultural,Hay/Turf,Grass Hay,Flood,9.416753,2025,Cache,Bear River,Cache Valley,425609.237,4619402.029,area_weighted_polygon_centroid_in_simplified_service_area,1
company_164,12669,Agricultural,Hay/Turf,Grass Hay,Flood,3.510196,2025,Cache,Bear River,Cache Valley,424151.391,4613294.059,area_weighted_polygon_centroid_in_simplified_service_area,1
company_106,12682,Agricultural,Hay/Turf,Grass Hay,Flood,5.775585,2025,Cache,Bear River,Cache Valley,424280.914,4619755.993,area_weighted_polygon_centroid_in_simplified_service_area,1
company_164,12683,Agricultural,Hay/Turf,Grass Hay,Flood,4.093892,2025,Cache,Bear River,Cache Valley,426710.346,4609744.63,area_weighted_polygon_centroid_in_simplified_service_area,1
company_168,12709,Agricultural,Hay/Turf,Alfalfa,Flood,13.846683,2025,Cache,Bear River,Cache Valley,421446.11,4638149.358,area_weighted_polygon_centroid_in_simplified_service_area,1
company_168,12734,Agricultural,Hay/Turf,Grass Hay,Flood,19.328733,2025,Cache,Bear River,Cache Valley,419809.039,4643217.903,area_weighted_polygon_centroid_in_simplified_service_area,1
company_168,12797,Agricultural,Hay/Turf,Alfalfa,Flood,3.560714,2025,Cache,Bear River,Cache Valley,422651.604,4639760.152,area_weighted_polygon_centroid_in_simplified_service_area,1
company_10390,12821,Agricultural,Hay/Turf,Alfalfa,Flood,6.646611,2025,Cache,Bear River,Cache Valley,427226.392,4618639.68,area_weighted_polygon_centroid_in_simplified_service_area,1
company_164,12864,Agricultural,Hay/Turf,Alfalfa,Flood,2.108657,2025,Cache,Bear River,Cache Valley,424073.749,4610848.595,area_weighted_polygon_centroid_in_simplified_service_area,1
company_106,12874,Agricultural,Hay/Turf,Grass Hay,Flood,4.312968,2025,Cache,Bear River,Cache Valley,425062.977,4619951.718,area_weighted_polygon_centroid_in_simplified_service_area,1
company_106,12923,Agricultural,Hay/Turf,Alfalfa,Flood,53.883227,2025,Cache,Bear River,Cache Valley,425235.635,4618950.435,area_weighted_polygon_centroid_in_simplified_service_area,1
company_164,13027,Agricultural,Hay/Turf,Grass Hay,Flood,1.745307,2025,Cache,Bear River,Cache Valley,425812.715,4613562.768,area_weighted_polygon_centroid_in_simplified_service_area,1
company_168,13050,Agricultural,Hay/Turf,Alfalfa,Flood,2.664792,2025,Cache,Bear River,Cache Valley,425395.676,4637789.767,area_weighted_polygon_centroid_in_simplified_service_area,1
company_1249,13053,Agricultural,Hay/Turf,Alfalfa,Flood,2.891052,2025,Cache,Bear River,Cache Valley,433487.378,4626608.951,area_weighted_polygon_centroid_in_simplified_service_area,1
company_164,13163,Agricultural,Hay/Turf,Alfalfa,Flood,15.023165,2025,Cache,Bear River,Cache Valley,424742.409,4614639.998,area_weighted_polygon_centroid_in_simplified_service_area,1
company_106,13245,Agricultural,Hay/Turf,Grass Hay,Flood,1.071703,2025,Cache,Bear River,Cache Valley,425684.272,4616809.544,area_weighted_polygon_centroid_in_simplified_service_area,1
company_168,13247,Agricultural,Hay/Turf,Alfalfa,Flood,4.592373,2025,Cache,Bear River,Cache Valley,420965.062,4634250.802,area_weighted_polygon_centroid_in_simplified_service_area,1
company_164,13279,Agricultural,Hay/Turf,Grass Hay,Flood,2.582525,2025,Cache,Bear River,Cache Valley,426639.033,4609750.201,area_weighted_polygon_centroid_in_simplified_service_area,1
company_168,13298,Agricultural,Hay/Turf,Alfalfa,Flood,1.261148,2025,Cache,Bear River,Cache Valley,425277.13,4632225.455,area_weighted_polygon_centroid_in_simplified_service_area,1
company_164,13437,Agricultural,Hay/Turf,Grass Hay,Flood,0.4906,2025,Cache,Bear River,Cache Valley,425694.347,4609798.211,area_weighted_polygon_centroid_in_simplified_service_area,1
company_106,13592,Agricultural,Hay/Turf,Grass Hay,Flood,2.584463,2025,Cache,Bear River,Cache Valley,424568.575,4619714.534,area_weighted_polygon_centroid_in_simplified_service_area,1
company_164,13662,Agricultural,Hay/Turf,Alfalfa,Flood,2.197446,2025,Cache,Bear River,Cache Valley,425445.7,4610253.076,area_weighted_polygon_centroid_in_simplified_service_area,1
company_168,13683,Agricultural,Hay/Turf,Alfalfa,Flood,5.190478,2025,Cache,Bear River,Cache Valley,421883.443,4641783.383,area_weighted_polygon_centroid_in_simplified_service_area,1
company_164,13695,Agricultural,Hay/Turf,Alfalfa,Flood,17.434853,2025,Cache,Bear River,Cache Valley,424485.336,4610223.804,area_weighted_polygon_centroid_in_simplified_service_area,1
company_106,13733,Agricultural,Hay/Turf,Alfalfa,Flood,9.902077,2025,Cache,Bear River,Cache Valley,423581.179,4617997.28,area_weighted_polygon_centroid_in_simplified_service_area,1
company_168,13774,Agricultural,Hay/Turf,Alfalfa,Flood,30.017417,2025,Cache,Bear River,Cache Valley,424459.876,4632044.393,area_weighted_polygon_centroid_in_simplified_service_area,1
company_168,13892,Agricultural,Hay/Turf,Alfalfa,Flood,1.034067,2025,Cache,Bear River,Cache Valley,421487.355,4642102.639,area_weighted_polygon_centroid_in_simplified_service_area,1
company_164,13916,Agricultural,Hay/Turf,Alfalfa,Flood,11.328731,2025,Cache,Bear River,Cache Valley,425505.613,4611053.636,area_weighted_polygon_centroid_in_simplified_service_area,1
company_10390,14069,Agricultural,Hay/Turf,Alfalfa,Flood,7.45297,2025,Cache,Bear River,Cache Valley,427803.862,4619284.397,area_weighted_polygon_centroid_in_simplified_service_area,1
company_106,14142,Agricultural,Hay/Turf,Alfalfa,Flood,6.469824,2025,Cache,Bear River,Cache Valley,423268.916,4618587.783,area_weighted_polygon_centroid_in_simplified_service_area,1
company_088,14164,Agricultural,Hay/Turf,Alfalfa,Flood,2.174658,2025,Cache,Bear River,Cache Valley,429955.966,4606639.62,area_weighted_polygon_centroid_in_simplified_service_area,1
company_164,14182,Agricultural,Hay/Turf,Alfalfa,Flood,22.473607,2025,Cache,Bear River,Cache Valley,425524.037,4611573.133,area_weighted_polygon_centroid_in_simplified_service_area,1
company_10390,14183,Agricultural,Hay/Turf,Alfalfa,Flood,3.03977,2025,Cache,Bear River,Cache Valley,427922.959,4618550.185,area_weighted_polygon_centroid_in_simplified_service_area,1
company_168,14204,Agricultural,Hay/Turf,Alfalfa,Flood,3.284188,2025,Cache,Bear River,Cache Valley,421756.674,4642041.821,area_weighted_polygon_centroid_in_simplified_service_area,1
company_168,14219,Agricultural,Hay/Turf,Alfalfa,Flood,10.135524,2025,Cache,Bear River,Cache Valley,425552.2,4636970.764,area_weighted_polygon_centroid_in_simplified_service_area,1
company_10390,14246,Agricultural,Hay/Turf,Alfalfa,Flood,1.12254,2025,Cache,Bear River,Cache Valley,426446.669,4619946.051,area_weighted_polygon_centroid_in_simplified_service_area,1
company_106,14328,Agricultural,Hay/Turf,Grass Hay,Flood,3.750344,2025,Cache,Bear River,Cache Valley,424797.351,4619517.38,area_weighted_polygon_centroid_in_simplified_service_area,1
company_088,14344,Agricultural,Hay/Turf,Grass Hay,Flood,2.77316,2025,Cache,Bear River,Cache Valley,430017.776,4609950.086,area_weighted_polygon_centroid_in_simplified_service_area,1
company_164,14365,Agricultural,Hay/Turf,Grass Hay,Flood,3.847918,2025,Cache,Bear River,Cache Valley,423576.841,4611301.346,area_weighted_polygon_centroid_in_simplified_service_area,1
company_168,14391,Agricultural,Hay/Turf,Alfalfa,Flood,3.924571,2025,Cache,Bear River,Cache Valley,426369.848,4632523.087,area_weighted_polygon_centroid_in_simplified_service_area,1
company_106,14473,Agricultural,Hay/Turf,Alfalfa,Flood,4.71639,2025,Cache,Bear River,Cache Valley,425888.553,4619137.53,area_weighted_polygon_centroid_in_simplified_service_area,1
company_1249,14477,Agricultural,Hay/Turf,Alfalfa,Flood,1.051757,2025,Cache,Bear River,Cache Valley,433118.1,4629369.524,area_weighted_polygon_centroid_in_simplified_service_area,1
company_106,14538,Agricultural,Hay/Turf,Grass Hay,Flood,1.347754,2025,Cache,Bear River,Cache Valley,425891.392,4618638.568,area_weighted_polygon_centroid_in_simplified_service_area,1
company_168,14619,Agricultural,Hay/Turf,Alfalfa,Flood,6.428736,2025,Cache,Bear River,Cache Valley,420275.332,4644618.945,area_weighted_polygon_centroid_in_simplified_service_area,1
company_164,14643,Agricultural,Hay/Turf,Alfalfa,Flood,2.999817,2025,Cache,Bear River,Cache Valley,425756.779,4610075.837,area_weighted_polygon_centroid_in_simplified_service_area,1
company_088,14686,Agricultural,Hay/Turf,Grass Hay,Flood,0.672974,2025,Cache,Bear River,Cache Valley,429973.378,4610372.394,area_weighted_polygon_centroid_in_simplified_service_area,1
company_168,14695,Agricultural,Hay/Turf,Grass Hay,Flood,3.223199,2025,Cache,Bear River,Cache Valley,421530.627,4641981.042,area_weighted_polygon_centroid_in_simplified_service_area,1
company_106,14714,Agricultural,Hay/Turf,Grass Hay,Flood,4.074948,2025,Cache,Bear River,Cache Valley,424478.148,4619749.923,area_weighted_polygon_centroid_in_simplified_service_area,1
company_130,14726,Agricultural,Hay/Turf,Alfalfa,Flood,3.995337,2025,Cache,Bear River,Cache Valley,431386.894,4599503.769,area_weighted_polygon_centroid_in_simplified_service_area,1
company_164,14753,Agricultural,Hay/Turf,Grass Hay,Flood,1.519852,2025,Cache,Bear River,Cache Valley,425190.738,4610263.634,area_weighted_polygon_centroid_in_simplified_service_area,1
company_106,14763,Agricultural,Hay/Turf,Alfalfa,Flood,10.535371,2025,Cache,Bear River,Cache Valley,426175.035,4618654.635,area_weighted_polygon_centroid_in_simplified_service_area,1
company_168,14769,Agricultural,Hay/Turf,Alfalfa,Flood,7.845785,2025,Cache,Bear River,Cache Valley,421505.933,4642539.942,area_weighted_polygon_centroid_in_simplified_service_area,1
company_088,14782,Agricultural,Hay/Turf,Grass Hay,Flood,4.304374,2025,Cache,Bear River,Cache Valley,429860.56,4610045.676,area_weighted_polygon_centroid_in_simplified_service_area,1
company_164,14791,Agricultural,Hay/Turf,Grass Hay,Flood,19.091506,2025,Cache,Bear River,Cache Valley,426303.221,4609910.369,area_weighted_polygon_centroid_in_simplified_service_area,1
company_106,14827,Agricultural,Hay/Turf,Grass Hay,Flood,8.598146,2025,Cache,Bear River,Cache Valley,424798.601,4619758.346,area_weighted_polygon_centroid_in_simplified_service_area,1
company_168,14856,Agricultural,Hay/Turf,Alfalfa,Flood,15.115036,2025,Cache,Bear River,Cache Valley,420554.907,4646568.839,area_weighted_polygon_centroid_in_simplified_service_area,1
company_106,14940,Agricultural,Hay/Turf,Alfalfa,Flood,13.581975,2025,Cache,Bear River,Cache Valley,423099.818,4619875.523,area_weighted_polygon_centroid_in_simplified_service_area,1
company_106,14992,Agricultural,Hay/Turf,Alfalfa,Flood,0.620204,2025,Cache,Bear River,Cache Valley,424264.624,4617436.202,area_weighted_polygon_centroid_in_simplified_service_area,1
company_106,15029,Agricultural,Hay/Turf,Alfalfa,Flood,22.24729,2025,Cache,Bear River,Cache Valley,423883.89,4617886.142,area_weighted_polygon_centroid_in_simplified_service_area,1
company_168,15044,Agricultural,Hay/Turf,Alfalfa,Flood,6.996929,2025,Cache,Bear River,Cache Valley,424863.363,4641094.34,area_weighted_polygon_centroid_in_simplified_service_area,1
company_164,15051,Agricultural,Hay/Turf,Grass Hay,Flood,4.159113,2025,Cache,Bear River,Cache Valley,425553.698,4613199.84,area_weighted_polygon_centroid_in_simplified_service_area,1
company_164,15066,Agricultural,Hay/Turf,Alfalfa,Flood,29.96398,2025,Cache,Bear River,Cache Valley,424431.662,4615337.768,area_weighted_polygon_centroid_in_simplified_service_area,1
company_088,15100,Agricultural,Hay/Turf,Alfalfa,Flood,2.011432,2025,Cache,Bear River,Cache Valley,429104.923,4610159.419,area_weighted_polygon_centroid_in_simplified_service_area,1
company_168,15102,Agricultural,Hay/Turf,Alfalfa,Flood,1.828731,2025,Cache,Bear River,Cache Valley,425998.331,4632578.315,area_weighted_polygon_centroid_in_simplified_service_area,1
company_168,15103,Agricultural,Hay/Turf,Alfalfa,Flood,8.563718,2025,Cache,Bear River,Cache Valley,426120.058,4632252.435,area_weighted_polygon_centroid_in_simplified_service_area,1
company_10390,15124,Agricultural,Hay/Turf,Grass Hay,Flood,1.387031,2025,Cache,Bear River,Cache Valley,426728.864,4619451.033,area_weighted_polygon_centroid_in_simplified_service_area,1
company_106,15158,Agricultural,Hay/Turf,Grass Hay,Flood,4.420168,2025,Cache,Bear River,Cache Valley,424660.222,4619759.923,area_weighted_polygon_centroid_in_simplified_service_area,1
company_168,15167,Agricultural,Hay/Turf,Alfalfa,Flood,15.304806,2025,Cache,Bear River,Cache Valley,417559.552,4633173.636,area_weighted_polygon_centroid_in_simplified_service_area,1
company_105,15400,Agricultural,Hay/Turf,Alfalfa,Flood,1.828586,2025,Cache,Bear River,Cache Valley,429051.459,4623609.777,area_weighted_polygon_centroid_in_simplified_service_area,1
company_132,15481,Agricultural,Hay/Turf,Alfalfa,Flood,4.400898,2025,Cache,Bear River,Cache Valley,432201.653,4598768.702,area_weighted_polygon_centroid_in_simplified_service_area,1
company_168,15522,Agricultural,Hay/Turf,Alfalfa,Flood,1.295653,2025,Cache,Bear River,Cache Valley,417243.443,4633711.134,area_weighted_polygon_centroid_in_simplified_service_area,1
company_164,15565,Agricultural,Hay/Turf,Alfalfa,Flood,0.662394,2025,Cache,Bear River,Cache Valley,424687.318,4613157.031,area_weighted_polygon_centroid_in_simplified_service_area,1
company_164,15903,Agricultural,Hay/Turf,Alfalfa,Flood,1.227607,2025,Cache,Bear River,Cache Valley,423752.628,4613847.661,area_weighted_polygon_centroid_in_simplified_service_area,1
company_10390,15929,Agricultural,Hay/Turf,Alfalfa,Flood,3.162498,2025,Cache,Bear River,Cache Valley,428314.216,4619075.471,area_weighted_polygon_centroid_in_simplified_service_area,1
company_088,15969,Agricultural,Hay/Turf,Alfalfa,Flood,18.057013,2025,Cache,Bear River,Cache Valley,429439.207,4608278.163,area_weighted_polygon_centroid_in_simplified_service_area,1
company_164,16088,Agricultural,Hay/Turf,Grass Hay,Flood,0.309627,2025,Cache,Bear River,Cache Valley,423725.088,4614624.216,area_weighted_polygon_centroid_in_simplified_service_area,1
company_105,16270,Agricultural,Hay/Turf,Alfalfa,Flood,2.389871,2025,Cache,Bear River,Cache Valley,429643.921,4622763.058,area_weighted_polygon_centroid_in_simplified_service_area,1
company_168,16363,Agricultural,Hay/Turf,Alfalfa,Flood,19.375177,2025,Cache,Bear River,Cache Valley,424070.166,4637454.044,area_weighted_polygon_centroid_in_simplified_service_area,1
company_105,16617,Agricultural,Hay/Turf,Alfalfa,Flood,10.19398,2025,Cache,Bear River,Cache Valley,429150.208,4624789.759,area_weighted_polygon_centroid_in_simplified_service_area,1
company_168,16631,Agricultural,Hay/Turf,Alfalfa,Flood,2.573589,2025,Cache,Bear River,Cache Valley,424735.543,4637411.284,area_weighted_polygon_centroid_in_simplified_service_area,1
company_130,16873,Agricultural,Hay/Turf,Alfalfa,Flood,0.7632,2025,Cache,Bear River,Cache Valley,430860.639,4601426.883,area_weighted_polygon_centroid_in_simplified_service_area,1
company_088,17087,Agricultural,Hay/Turf,Alfalfa,Flood,14.317713,2025,Cache,Bear River,Cache Valley,430466.091,4608014.233,area_weighted_polygon_centroid_in_simplified_service_area,1
company_105,17139,Agricultural,Hay/Turf,Alfalfa,Flood,1.721373,2025,Cache,Bear River,Cache Valley,429894.439,4624305.607,area_weighted_polygon_centroid_in_simplified_service_area,1
company_105,17233,Agricultural,Hay/Turf,Alfalfa,Flood,10.386282,2025,Cache,Bear River,Cache Valley,429701.423,4624162.966,area_weighted_polygon_centroid_in_simplified_service_area,1
company_168,17321,Agricultural,Hay/Turf,Grass Hay,Flood,3.289754,2025,Cache,Bear River,Cache Valley,426547.876,4632547.666,area_weighted_polygon_centroid_in_simplified_service_area,1
company_105,17371,Agricultural,Hay/Turf,Alfalfa,Flood,0.848053,2025,Cache,Bear River,Cache Valley,429887.058,4624382.163,area_weighted_polygon_centroid_in_simplified_service_area,1
company_088,17717,Agricultural,Hay/Turf,Alfalfa,Flood,0.945251,2025,Cache,Bear River,Cache Valley,429825.835,4609812.471,area_weighted_polygon_centroid_in_simplified_service_area,1
company_130,18033,Agricultural,Hay/Turf,Grass Hay,Flood,1.80237,2025,Cache,Bear River,Cache Valley,431373.35,4600713.686,area_weighted_polygon_centroid_in_simplified_service_area,1
company_168,18123,Agricultural,Hay/Turf,Alfalfa,Flood,18.076704,2025,Cache,Bear River,Cache Valley,421666.131,4640018.524,area_weighted_polygon_centroid_in_simplified_service_area,1
company_132,18665,Agricultural,Hay/Turf,Alfalfa,Flood,1.67914,2025,Cache,Bear River,Cache Valley,430291.418,4604330.251,area_weighted_polygon_centroid_in_simplified_service_area,1
company_10390,18715,Agricultural,Hay/Turf,Alfalfa,Flood,9.870663,2025,Cache,Bear River,Cache Valley,426915.467,4619275.532,area_weighted_polygon_centroid_in_simplified_service_area,1
company_130,18826,Agricultural,Hay/Turf,Alfalfa,Flood,1.024075,2025,Cache,Bear River,Cache Valley,430974.219,4601613.006,area_weighted_polygon_centroid_in_simplified_service_area,1
company_105,18889,Agricultural,Hay/Turf,Alfalfa,Flood,0.181047,2025,Cache,Bear River,Cache Valley,429857.938,4624287.591,area_weighted_polygon_centroid_in_simplified_service_area,1
company_168,18974,Agricultural,Hay/Turf,Alfalfa,Flood,4.805,2025,Cache,Bear River,Cache Valley,421079.705,4633978.877,area_weighted_polygon_centroid_in_simplified_service_area,1
company_088,18982,Agricultural,Hay/Turf,Alfalfa,Flood,3.300418,2025,Cache,Bear River,Cache Valley,428912.676,4610165.206,area_weighted_polygon_centroid_in_simplified_service_area,1
company_168,19062,Agricultural,Hay/Turf,Grass Hay,Flood,15.058499,2025,Cache,Bear River,Cache Valley,421871.518,4638545.149,area_weighted_polygon_centroid_in_simplified_service_area,1
company_164,19100,Agricultural,Hay/Turf,Alfalfa,Flood,1.062729,2025,Cache,Bear River,Cache Valley,424379.247,4613665.083,area_weighted_polygon_centroid_in_simplified_service_area,1
company_168,19219,Agricultural,Hay/Turf,Alfalfa,Flood,0.723604,2025,Cache,Bear River,Cache Valley,425851.283,4635204.284,area_weighted_polygon_centroid_in_simplified_service_area,1
company_132,19345,Agricultural,Hay/Turf,Alfalfa,Flood,11.277521,2025,Cache,Bear River,Cache Valley,432338.893,4603894.867,area_weighted_polygon_centroid_in_simplified_service_area,1
company_168,19434,Agricultural,Hay/Turf,Alfalfa,Flood,2.193801,2025,Cache,Bear River,Cache Valley,421635.156,4634543.794,area_weighted_polygon_centroid_in_simplified_service_area,1
company_10390,19723,Agricultural,Hay/Turf,Alfalfa,Flood,18.578319,2025,Cache,Bear River,Cache Valley,428027.258,4619242.414,area_weighted_polygon_centroid_in_simplified_service_area,1
company_132,19893,Agricultural,Hay/Turf,Alfalfa,Flood,1.829928,2025,Cache,Bear River,Cache Valley,432775.231,4606707.094,area_weighted_polygon_centroid_in_simplified_service_area,1
company_088,19953,Agricultural,Hay/Turf,Alfalfa,Flood,1.979023,2025,Cache,Bear River,Cache Valley,429080.273,4610074.889,area_weighted_polygon_centroid_in_simplified_service_area,1
company_105,20109,Agricultural,Hay/Turf,Alfalfa,Flood,5.278254,2025,Cache,Bear River,Cache Valley,429312.322,4623304.525,area_weighted_polygon_centroid_in_simplified_service_area,1
company_168,20260,Agricultural,Hay/Turf,Alfalfa,Flood,1.789935,2025,Cache,Bear River,Cache Valley,419323.164,4631415.157,area_weighted_polygon_centroid_in_simplified_service_area,1
company_168,20449,Agricultural,Hay/Turf,Alfalfa,Flood,5.297657,2025,Cache,Bear River,Cache Valley,420825.846,4640698.405,area_weighted_polygon_centroid_in_simplified_service_area,1
company_168,20484,Agricultural,Hay/Turf,Alfalfa,Flood,12.040121,2025,Cache,Bear River,Cache Valley,420923.06,4640422.637,area_weighted_polygon_centroid_in_simplified_service_area,1
company_168,20737,Agricultural,Hay/Turf,Alfalfa,Flood,2.884957,2025,Cache,Bear River,Cache Valley,423148.778,4637462.391,area_weighted_polygon_centroid_in_simplified_service_area,1
company_168,21137,Agricultural,Hay/Turf,Alfalfa,Flood,2.246517,2025,Cache,Bear River,Cache Valley,424669.407,4632499.111,area_weighted_polygon_centroid_in_simplified_service_area,1
company_164,21153,Agricultural,Hay/Turf,Grass Hay,Flood,1.097085,2025,Cache,Bear River,Cache Valley,424016.768,4611213.995,area_weighted_polygon_centroid_in_simplified_service_area,1
company_168,21198,Agricultural,Hay/Turf,Alfalfa,Wheel,3.467315,2025,Cache,Bear River,Cache Valley,422673.519,4639316.414,area_weighted_polygon_centroid_in_simplified_service_area,1
company_088,21432,Agricultural,Hay/Turf,Alfalfa,Flood,1.054357,2025,Cache,Bear River,Cache Valley,425728.103,4610180.617,area_weighted_polygon_centroid_in_simplified_service_area,1
company_132,21886,Agricultural,Hay/Turf,Alfalfa,Flood,7.080646,2025,Cache,Bear River,Cache Valley,432838.882,4608512.914,area_weighted_polygon_centroid_in_simplified_service_area,1
company_10390,22275,Agricultural,Hay/Turf,Grass Hay,Flood,4.267089,2025,Cache,Bear River,Cache Valley,426879.339,4619872.433,area_weighted_polygon_centroid_in_simplified_service_area,1
company_164,22576,Agricultural,Hay/Turf,Grass Hay,Flood,4.163426,2025,Cache,Bear River,Cache Valley,424081.493,4613172.7,area_weighted_polygon_centroid_in_simplified_service_area,1
company_168,22586,Agricultural,Hay/Turf,Alfalfa,Flood,5.378936,2025,Cache,Bear River,Cache Valley,425962.943,4633196.69,area_weighted_polygon_centroid_in_simplified_service_area,1
company_168,23009,Agricultural,Hay/Turf,Alfalfa,Flood,9.90224,2025,Cache,Bear River,Cache Valley,418393.497,4632874.628,area_weighted_polygon_centroid_in_simplified_service_area,1
company_168,23043,Agricultural,Hay/Turf,Alfalfa,Flood,2.041888,2025,Cache,Bear River,Cache Valley,420966.343,4632234.207,area_weighted_polygon_centroid_in_simplified_service_area,1
company_168,23100,Agricultural,Hay/Turf,Alfalfa,Flood,1.277861,2025,Cache,Bear River,Cache Valley,422163.356,4640410.545,area_weighted_polygon_centroid_in_simplified_service_area,1
company_168,23151,Agricultural,Hay/Turf,Alfalfa,Flood,6.439154,2025,Cache,Bear River,Cache Valley,417402.707,4632608.155,area_weighted_polygon_centroid_in_simplified_service_area,1
company_164,23268,Agricultural,Hay/Turf,Alfalfa,Flood,1.286481,2025,Cache,Bear River,Cache Valley,423635.728,4614837.577,area_weighted_polygon_centroid_in_simplified_service_area,1
company_168,23488,Agricultural,Hay/Turf,Alfalfa,Flood,10.383506,2025,Cache,Bear River,Cache Valley,421731.979,4640371.521,area_weighted_polygon_centroid_in_simplified_service_area,1
company_168,23845,Agricultural,Hay/Turf,Alfalfa,Flood,19.468754,2025,Cache,Bear River,Cache Valley,421601.064,4640429.561,area_weighted_polygon_centroid_in_simplified_service_area,1
company_088,24085,Agricultural,Hay/Turf,Alfalfa,Flood,4.928794,2025,Cache,Bear River,Cache Valley,426936.243,4609910.878,area_weighted_polygon_centroid_in_simplified_service_area,1
company_164,24298,Agricultural,Hay/Turf,Alfalfa,Flood,0.806466,2025,Cache,Bear River,Cache Valley,423473.93,4611407.9,area_weighted_polygon_centroid_in_simplified_service_area,1
company_168,24819,Agricultural,Hay/Turf,Alfalfa,Sprinkler,0.568458,2025,Cache,Bear River,Cache Valley,424683.949,4637871.376,area_weighted_polygon_centroid_in_simplified_service_area,1
company_1249,24825,Agricultural,Hay/Turf,Alfalfa,Wheel,7.613391,2025,Cache,Bear River,Cache Valley,432663.646,4629166.249,area_weighted_polygon_centroid_in_simplified_service_area,1
company_168,24843,Agricultural,Hay/Turf,Alfalfa,Pivot,10.524959,2025,Cache,Bear River,Cache Valley,423981.729,4638126.822,area_weighted_polygon_centroid_in_simplified_service_area,1
company_168,24878,Agricultural,Hay/Turf,Alfalfa,Sprinkler,3.78485,2025,Cache,Bear River,Cache Valley,424285.181,4639507.189,area_weighted_polygon_centroid_in_simplified_service_area,1
company_168,24882,Agricultural,Hay/Turf,Alfalfa,Wheel,10.465015,2025,Cache,Bear River,Cache Valley,422823.32,4638871.966,area_weighted_polygon_centroid_in_simplified_service_area,1
company_168,24895,Agricultural,Hay/Turf,Alfalfa,Wheel,3.912133,2025,Cache,Bear River,Cache Valley,422749.204,4638985.367,area_weighted_polygon_centroid_in_simplified_service_area,1
company_168,24899,Agricultural,Hay/Turf,Alfalfa,Wheel,11.516529,2025,Cache,Bear River,Cache Valley,417574.26,4633962.514,area_weighted_polygon_centroid_in_simplified_service_area,1
company_1249,24906,Agricultural,Hay/Turf,Alfalfa,Sprinkler,0.418696,2025,Cache,Bear River,Cache Valley,433328.578,4625544.945,area_weighted_polygon_centroid_in_simplified_service_area,1
company_168,24914,Agricultural,Hay/Turf,Alfalfa,Sprinkler,0.834597,2025,Cache,Bear River,Cache Valley,420377.682,4642641.835,area_weighted_polygon_centroid_in_simplified_service_area,1
company_168,24950,Agricultural,Hay/Turf,Alfalfa,Sprinkler,1.228853,2025,Cache,Bear River,Cache Valley,419231.931,4645039.008,area_weighted_polygon_centroid_in_simplified_service_area,1
company_130,24955,Agricultural,Hay/Turf,Alfalfa,Wheel,13.050556,2025,Cache,Bear River,Cache Valley,429497.758,4605014.284,area_weighted_polygon_centroid_in_simplified_service_area,1
company_168,24957,Agricultural,Hay/Turf,Alfalfa,Sprinkler,12.065925,2025,Cache,Bear River,Cache Valley,417986.553,4633315.513,area_weighted_polygon_centroid_in_simplified_service_area,1
company_132,24976,Agricultural,Hay/Turf,Alfalfa,Wheel,7.487163,2025,Cache,Bear River,Cache Valley,430078.535,4599289.917,area_weighted_polygon_centroid_in_simplified_service_area,1
company_168,24994,Agricultural,Hay/Turf,Alfalfa,Sprinkler,11.663803,2025,Cache,Bear River,Cache Valley,417998.946,4633533.552,area_weighted_polygon_centroid_in_simplified_service_area,1
company_1249,25073,Agricultural,Hay/Turf,Grass Hay,Sprinkler,4.809522,2025,Cache,Bear River,Cache Valley,433220.241,4627241.176,area_weighted_polygon_centroid_in_simplified_service_area,1
company_132,25078,Agricultural,Hay/Turf,Alfalfa,Sprinkler,2.469778,2025,Cache,Bear River,Cache Valley,432082.704,4600416.383,area_weighted_polygon_centroid_in_simplified_service_area,1
company_168,25103,Agricultural,Hay/Turf,Alfalfa,Wheel,13.85689,2025,Cache,Bear River,Cache Valley,422370.98,4638628.729,area_weighted_polygon_centroid_in_simplified_service_area,1
company_168,25117,Agricultural,Hay/Turf,Alfalfa,Wheel,30.367911,2025,Cache,Bear River,Cache Valley,421772.973,4639197.77,area_weighted_polygon_centroid_in_simplified_service_area,1
company_168,25138,Agricultural,Hay/Turf,Alfalfa,Pivot,4.535068,2025,Cache,Bear River,Cache Valley,423752.512,4638870.209,area_weighted_polygon_centroid_in_simplified_service_area,1
company_168,25181,Agricultural,Hay/Turf,Alfalfa,Pivot,15.591901,2025,Cache,Bear River,Cache Valley,427483.13,4637712.778,area_weighted_polygon_centroid_in_simplified_service_area,1
company_168,25211,Agricultural,Hay/Turf,Alfalfa,Sprinkler,5.707433,2025,Cache,Bear River,Cache Valley,419994.386,4632619.999,area_weighted_polygon_centroid_in_simplified_service_area,1
company_132,25220,Agricultural,Hay/Turf,Alfalfa,Sprinkler,2.487434,2025,Cache,Bear River,Cache Valley,432052.611,4600239.419,area_weighted_polygon_centroid_in_simplified_service_area,1
company_168,25236,Agricultural,Hay/Turf,Alfalfa,Wheel,4.046694,2025,Cache,Bear River,Cache Valley,420319.946,4647976.18,area_weighted_polygon_centroid_in_simplified_service_area,1
company_105,25244,Agricultural,Hay/Turf,Alfalfa,Sprinkler,0.059861,2025,Cache,Bear River,Cache Valley,428797.714,4619381.847,area_weighted_polygon_centroid_in_simplified_service_area,1
company_168,25287,Agricultural,Hay/Turf,Alfalfa,Sprinkler,6.558469,2025,Cache,Bear River,Cache Valley,420994.872,4648146.169,area_weighted_polygon_centroid_in_simplified_service_area,1
company_168,25295,Agricultural,Hay/Turf,Alfalfa,Wheel,5.863718,2025,Cache,Bear River,Cache Valley,417521.573,4634173.811,area_weighted_polygon_centroid_in_simplified_service_area,1
company_132,25316,Agricultural,Hay/Turf,Alfalfa,Sprinkler,4.504929,2025,Cache,Bear River,Cache Valley,431782.073,4600642.668,area_weighted_polygon_centroid_in_simplified_service_area,1
company_168,25383,Agricultural,Hay/Turf,Grass Hay,Pivot,41.907189,2025,Cache,Bear River,Cache Valley,420380.077,4643033.033,area_weighted_polygon_centroid_in_simplified_service_area,1
company_168,25415,Agricultural,Hay/Turf,Alfalfa,Pivot,34.691777,2025,Cache,Bear River,Cache Valley,421263.008,4647731.514,area_weighted_polygon_centroid_in_simplified_service_area,1
company_130,25460,Agricultural,Hay/Turf,Alfalfa,Sprinkler,12.340921,2025,Cache,Bear River,Cache Valley,429698.895,4605482.732,area_weighted_polygon_centroid_in_simplified_service_area,1
company_168,25492,Agricultural,Hay/Turf,Grass Hay,Sprinkler,8.496094,2025,Cache,Bear River,Cache Valley,422510.132,4640149.114,area_weighted_polygon_centroid_in_simplified_service_area,1
company_132,25505,Agricultural,Hay/Turf,Alfalfa,Sprinkler,9.844637,2025,Cache,Bear River,Cache Valley,432941.675,4608260.832,area_weighted_polygon_centroid_in_simplified_service_area,1
company_168,25506,Agricultural,Hay/Turf,Alfalfa,Wheel,7.77372,2025,Cache,Bear River,Cache Valley,425325.556,4633493.252,area_weighted_polygon_centroid_in_simplified_service_area,1
company_168,25534,Agricultural,Hay/Turf,Alfalfa,Wheel,5.906813,2025,Cache,Bear River,Cache Valley,421952.868,4639207.308,area_weighted_polygon_centroid_in_simplified_service_area,1
company_130,25568,Agricultural,Hay/Turf,Grass Hay,Sprinkler,2.560614,2025,Cache,Bear River,Cache Valley,431200.948,4598729.395,area_weighted_polygon_centroid_in_simplified_service_area,1
company_168,25608,Agricultural,Hay/Turf,Alfalfa,Wheel,9.603001,2025,Cache,Bear River,Cache Valley,422806.4,4638167.604,area_weighted_polygon_centroid_in_simplified_service_area,1
company_088,25637,Agricultural,Hay/Turf,Alfalfa,Sprinkler,7.314826,2025,Cache,Bear River,Cache Valley,429490.732,4606548.507,area_weighted_polygon_centroid_in_simplified_service_area,1
company_168,25644,Agricultural,Hay/Turf,Alfalfa,Wheel,26.042344,2025,Cache,Bear River,Cache Valley,426216.043,4637137.928,area_weighted_polygon_centroid_in_simplified_service_area,1
company_168,25714,Agricultural,Hay/Turf,Alfalfa,Wheel,19.6545,2025,Cache,Bear River,Cache Valley,419197.63,4648124.868,area_weighted_polygon_centroid_in_simplified_service_area,1
company_130,25731,Agricultural,Hay/Turf,Alfalfa,Wheel,25.453366,2025,Cache,Bear River,Cache Valley,431223.113,4599668.217,area_weighted_polygon_centroid_in_simplified_service_area,1
company_132,25772,Agricultural,Hay/Turf,Alfalfa,Sprinkler,5.105845,2025,Cache,Bear River,Cache Valley,431956.88,4598580.049,area_weighted_polygon_centroid_in_simplified_service_area,1
company_132,25817,Agricultural,Hay/Turf,Alfalfa,Sprinkler,7.99137,2025,Cache,Bear River,Cache Valley,432155.101,4602397.318,area_weighted_polygon_centroid_in_simplified_service_area,1
company_168,25825,Agricultural,Hay/Turf,Alfalfa,Sprinkler,1.336107,2025,Cache,Bear River,Cache Valley,420869.834,4643516.793,area_weighted_polygon_centroid_in_simplified_service_area,1
company_168,25833,Agricultural,Hay/Turf,Alfalfa,Wheel,47.407584,2025,Cache,Bear River,Cache Valley,421465.805,4646072.711,area_weighted_polygon_centroid_in_simplified_service_area,1
company_088,25854,Agricultural,Hay/Turf,Alfalfa,Sprinkler,5.014543,2025,Cache,Bear River,Cache Valley,430681.163,4607591.56,area_weighted_polygon_centroid_in_simplified_service_area,1
company_1249,25885,Agricultural,Hay/Turf,Grass Hay,Sprinkler,0.501023,2025,Cache,Bear River,Cache Valley,433287.68,4629305.48,area_weighted_polygon_centroid_in_simplified_service_area,1
company_168,25889,Agricultural,Hay/Turf,Alfalfa,Wheel,10.354725,2025,Cache,Bear River,Cache Valley,426674.132,4637723.591,area_weighted_polygon_centroid_in_simplified_service_area,1
company_088,25898,Agricultural,Hay/Turf,Alfalfa,Sprinkler,4.339116,2025,Cache,Bear River,Cache Valley,430883.654,4607586.942,area_weighted_polygon_centroid_in_simplified_service_area,1
company_168,25910,Agricultural,Hay/Turf,Alfalfa,Wheel,0.806676,2025,Cache,Bear River,Cache Valley,426285.956,4636976.358,area_weighted_polygon_centroid_in_simplified_service_area,1
company_168,25914,Agricultural,Hay/Turf,Alfalfa,Wheel,34.449071,2025,Cache,Bear River,Cache Valley,419469.22,4643740.966,area_weighted_polygon_centroid_in_simplified_service_area,1
company_168,25941,Agricultural,Hay/Turf,Alfalfa,Wheel,3.311114,2025,Cache,Bear River,Cache Valley,422403.177,4639016.509,area_weighted_polygon_centroid_in_simplified_service_area,1
company_168,25942,Agricultural,Hay/Turf,Alfalfa,Pivot,16.369381,2025,Cache,Bear River,Cache Valley,420739.624,4647004.994,area_weighted_polygon_centroid_in_simplified_service_area,1
company_132,25943,Agricultural,Hay/Turf,Alfalfa,Sprinkler,10.929712,2025,Cache,Bear River,Cache Valley,431447.761,4599575.277,area_weighted_polygon_centroid_in_simplified_service_area,1
company_1249,25946,Agricultural,Hay/Turf,Alfalfa,Sprinkler,4.595633,2025,Cache,Bear River,Cache Valley,433822.416,4624627.238,area_weighted_polygon_centroid_in_simplified_service_area,1
company_130,25960,Agricultural,Hay/Turf,Grass Hay,Sprinkler,2.200385,2025,Cache,Bear River,Cache Valley,430388.349,4601598.623,area_weighted_polygon_centroid_in_simplified_service_area,1
company_168,25979,Agricultural,Hay/Turf,Grass Hay,Sprinkler,1.232828,2025,Cache,Bear River,Cache Valley,421895.676,4641534.198,area_weighted_polygon_centroid_in_simplified_service_area,1
company_168,26001,Agricultural,Hay/Turf,Grass Hay,Sprinkler,0.402041,2025,Cache,Bear River,Cache Valley,425913.546,4635747.764,area_weighted_polygon_centroid_in_simplified_service_area,1
company_130,26190,Agricultural,Hay/Turf,Alfalfa,Sprinkler,4.158614,2025,Cache,Bear River,Cache Valley,430646.417,4602828.541,area_weighted_polygon_centroid_in_simplified_service_area,1
company_168,26201,Agricultural,Hay/Turf,Alfalfa,Wheel,139.569345,2025,Cache,Bear River,Cache Valley,425248.989,4634058.346,area_weighted_polygon_centroid_in_simplified_service_area,1
company_132,26209,Agricultural,Hay/Turf,Alfalfa,Sprinkler,15.891154,2025,Cache,Bear River,Cache Valley,431855.709,4609735.901,area_weighted_polygon_centroid_in_simplified_service_area,1
company_168,26257,Agricultural,Hay/Turf,Alfalfa,Wheel,6.680174,2025,Cache,Bear River,Cache Valley,422160.814,4639018.269,area_weighted_polygon_centroid_in_simplified_service_area,1
company_164,26283,Agricultural,Hay/Turf,Grass Hay,Sprinkler,17.497938,2025,Cache,Bear River,Cache Valley,422407.553,4614614.265,area_weighted_polygon_centroid_in_simplified_service_area,1
company_130,26301,Agricultural,Hay/Turf,Alfalfa,Sprinkler,0.320468,2025,Cache,Bear River,Cache Valley,429901.432,4602338.975,area_weighted_polygon_centroid_in_simplified_service_area,1
company_168,26303,Agricultural,Hay/Turf,Alfalfa,Wheel,23.106263,2025,Cache,Bear River,Cache Valley,426532.638,4636936.17,area_weighted_polygon_centroid_in_simplified_service_area,1
company_168,26345,Agricultural,Hay/Turf,Alfalfa,Wheel,4.952459,2025,Cache,Bear River,Cache Valley,425864.28,4638363.616,area_weighted_polygon_centroid_in_simplified_service_area,1
company_168,26384,Agricultural,Hay/Turf,Alfalfa,Pivot,20.023372,2025,Cache,Bear River,Cache Valley,419477.817,4644636.115,area_weighted_polygon_centroid_in_simplified_service_area,1
company_168,26408,Agricultural,Hay/Turf,Alfalfa,Pivot,22.657755,2025,Cache,Bear River,Cache Valley,422208.303,4641444.002,area_weighted_polygon_centroid_in_simplified_service_area,1
company_1249,26422,Agricultural,Hay/Turf,Alfalfa,Sprinkler,16.436662,2025,Cache,Bear River,Cache Valley,434132.788,4625591.226,area_weighted_polygon_centroid_in_simplified_service_area,1
company_132,26426,Agricultural,Hay/Turf,Alfalfa,Sprinkler,7.30244,2025,Cache,Bear River,Cache Valley,432490.493,4602663.609,area_weighted_polygon_centroid_in_simplified_service_area,1
company_130,26443,Agricultural,Hay/Turf,Alfalfa,Wheel,6.581845,2025,Cache,Bear River,Cache Valley,429737.304,4603702.143,area_weighted_polygon_centroid_in_simplified_service_area,1
company_168,26454,Agricultural,Hay/Turf,Alfalfa,Wheel,11.27382,2025,Cache,Bear River,Cache Valley,423127.918,4638847.212,area_weighted_polygon_centroid_in_simplified_service_area,1
company_132,26456,Agricultural,Hay/Turf,Alfalfa,Sprinkler,11.912138,2025,Cache,Bear River,Cache Valley,429880.751,4600126.274,area_weighted_polygon_centroid_in_simplified_service_area,1
company_164,26458,Agricultural,Hay/Turf,Alfalfa,Wheel,12.328875,2025,Cache,Bear River,Cache Valley,423406.199,4613594.879,area_weighted_polygon_centroid_in_simplified_service_area,1
company_168,26468,Agricultural,Hay/Turf,Grass Hay,Sprinkler,2.238635,2025,Cache,Bear River,Cache Valley,422304.553,4649825.215,area_weighted_polygon_centroid_in_simplified_service_area,1
company_130,26518,Agricultural,Hay/Turf,Alfalfa,Sprinkler,3.345872,2025,Cache,Bear River,Cache Valley,429267.321,4604560.918,area_weighted_polygon_centroid_in_simplified_service_area,1
company_168,26553,Agricultural,Hay/Turf,Alfalfa,Sprinkler,13.509048,2025,Cache,Bear River,Cache Valley,419636.114,4633720.759,area_weighted_polygon_centroid_in_simplified_service_area,1
company_168,26595,Agricultural,Hay/Turf,Alfalfa,Pivot,40.979002,2025,Cache,Bear River,Cache Valley,421540.746,4635015.399,area_weighted_polygon_centroid_in_simplified_service_area,1
company_1249,26605,Agricultural,Hay/Turf,Alfalfa,Sprinkler,1.131289,2025,Cache,Bear River,Cache Valley,433177.168,4625650.807,area_weighted_polygon_centroid_in_simplified_service_area,1
company_088,26617,Agricultural,Hay/Turf,Alfalfa,Wheel,13.602885,2025,Cache,Bear River,Cache Valley,431109.903,4607685.569,area_weighted_polygon_centroid_in_simplified_service_area,1
company_164,26641,Agricultural,Hay/Turf,Alfalfa,Wheel,5.39305,2025,Cache,Bear River,Cache Valley,423758.474,4613588.001,area_weighted_polygon_centroid_in_simplified_service_area,1
company_168,26666,Agricultural,Hay/Turf,Grass Hay,Pivot,5.996409,2025,Cache,Bear River,Cache Valley,420049.833,4633245.232,area_weighted_polygon_centroid_in_simplified_service_area,1
company_132,26689,Agricultural,Hay/Turf,Alfalfa,Sprinkler,15.892565,2025,Cache,Bear River,Cache Valley,432509.919,4606168.571,area_weighted_polygon_centroid_in_simplified_service_area,1
company_168,26706,Agricultural,Hay/Turf,Alfalfa,Pivot,37.902046,2025,Cache,Bear River,Cache Valley,420583.686,4642060.98,area_weighted_polygon_centroid_in_simplified_service_area,1
company_168,26739,Agricultural,Hay/Turf,Alfalfa,Wheel,5.180201,2025,Cache,Bear River,Cache Valley,421257.977,4647992.871,area_weighted_polygon_centroid_in_simplified_service_area,1
company_130,26759,Agricultural,Hay/Turf,Grass Hay,Sprinkler,4.201054,2025,Cache,Bear River,Cache Valley,429573.91,4604175.571,area_weighted_polygon_centroid_in_simplified_service_area,1
company_168,26802,Agricultural,Hay/Turf,Alfalfa,Sprinkler,2.87786,2025,Cache,Bear River,Cache Valley,425454.561,4637954.561,area_weighted_polygon_centroid_in_simplified_service_area,1
company_168,26845,Agricultural,Hay/Turf,Alfalfa,Sprinkler,2.174785,2025,Cache,Bear River,Cache Valley,421484.906,4647557.628,area_weighted_polygon_centroid_in_simplified_service_area,1
company_130,26913,Agricultural,Hay/Turf,Grass Hay,Sprinkler,0.83636,2025,Cache,Bear River,Cache Valley,429487.691,4602246.154,area_weighted_polygon_centroid_in_simplified_service_area,1
company_132,26958,Agricultural,Hay/Turf,Alfalfa,Pivot,18.258895,2025,Cache,Bear River,Cache Valley,431951.433,4599990.567,area_weighted_polygon_centroid_in_simplified_service_area,1
company_168,26971,Agricultural,Hay/Turf,Grass Hay,Sprinkler,3.132315,2025,Cache,Bear River,Cache Valley,423494.532,4639598.62,area_weighted_polygon_centroid_in_simplified_service_area,1
company_168,26982,Agricultural,Hay/Turf,Alfalfa,Sprinkler,44.010354,2025,Cache,Bear River,Cache Valley,421291.108,4639022.299,area_weighted_polygon_centroid_in_simplified_service_area,1
company_168,26995,Agricultural,Hay/Turf,Alfalfa,Sprinkler,11.607986,2025,Cache,Bear River,Cache Valley,420848.395,4645590.93,area_weighted_polygon_centroid_in_simplified_service_area,1
company_1249,27030,Agricultural,Hay/Turf,Alfalfa,Sprinkler,0.654995,2025,Cache,Bear River,Cache Valley,433684.025,4625791.06,area_weighted_polygon_centroid_in_simplified_service_area,1
company_130,27055,Agricultural,Hay/Turf,Grass Hay,Sprinkler,6.406506,2025,Cache,Bear River,Cache Valley,432542.084,4597791.164,area_weighted_polygon_centroid_in_simplified_service_area,1
company_1249,27062,Agricultural,Hay/Turf,Alfalfa,Sprinkler,0.282601,2025,Cache,Bear River,Cache Valley,433161.661,4625725.47,area_weighted_polygon_centroid_in_simplified_service_area,1
company_1249,27095,Agricultural,Hay/Turf,Alfalfa,Sprinkler,24.772061,2025,Cache,Bear River,Cache Valley,432908.839,4630414.627,area_weighted_polygon_centroid_in_simplified_service_area,1
company_168,27111,Agricultural,Hay/Turf,Alfalfa,Sprinkler,9.146423,2025,Cache,Bear River,Cache Valley,421070.027,4640784.448,area_weighted_polygon_centroid_in_simplified_service_area,1
company_088,27119,Agricultural,Hay/Turf,Grass Hay,Sprinkler,1.800086,2025,Cache,Bear River,Cache Valley,430665.364,4607168.808,area_weighted_polygon_centroid_in_simplified_service_area,1
company_168,27165,Agricultural,Hay/Turf,Alfalfa,Wheel,15.264458,2025,Cache,Bear River,Cache Valley,422382.872,4646890.089,area_weighted_polygon_centroid_in_simplified_service_area,1
company_130,27188,Agricultural,Hay/Turf,Grass Hay,Sprinkler,1.542755,2025,Cache,Bear River,Cache Valley,430853.961,4601886.466,area_weighted_polygon_centroid_in_simplified_service_area,1
company_1249,27219,Agricultural,Hay/Turf,Alfalfa,Sprinkler,0.946499,2025,Cache,Bear River,Cache Valley,433173.362,4629335.002,area_weighted_polygon_centroid_in_simplified_service_area,1
company_132,27266,Agricultural,Hay/Turf,Alfalfa,Wheel,7.541919,2025,Cache,Bear River,Cache Valley,432176.586,4606928.259,area_weighted_polygon_centroid_in_simplified_service_area,1
company_168,27310,Agricultural,Hay/Turf,Alfalfa,Sprinkler,6.528796,2025,Cache,Bear River,Cache Valley,420517.614,4632539.076,area_weighted_polygon_centroid_in_simplified_service_area,1
company_168,27316,Agricultural,Hay/Turf,Alfalfa,Sprinkler,15.763752,2025,Cache,Bear River,Cache Valley,421512.569,4638673.093,area_weighted_polygon_centroid_in_simplified_service_area,1
company_130,27337,Agricultural,Hay/Turf,Grass Hay,Sprinkler,5.421678,2025,Cache,Bear River,Cache Valley,429253.646,4603743.468,area_weighted_polygon_centroid_in_simplified_service_area,1
company_1249,27355,Agricultural,Hay/Turf,Alfalfa,Sprinkler,6.681852,2025,Cache,Bear River,Cache Valley,432844.176,4629516.244,area_weighted_polygon_centroid_in_simplified_service_area,1
company_168,27379,Agricultural,Hay/Turf,Alfalfa,Pivot,16.216035,2025,Cache,Bear River,Cache Valley,423209.626,4637636.921,area_weighted_polygon_centroid_in_simplified_service_area,1
company_168,27411,Agricultural,Hay/Turf,Alfalfa,Sprinkler,0.786549,2025,Cache,Bear River,Cache Valley,422634.74,4638657.594,area_weighted_polygon_centroid_in_simplified_service_area,1
company_130,27485,Agricultural,Hay/Turf,Grass Hay,Sprinkler,0.873598,2025,Cache,Bear River,Cache Valley,429601.569,4603889.998,area_weighted_polygon_centroid_in_simplified_service_area,1
company_164,27538,Agricultural,Hay/Turf,Alfalfa,Sprinkler,1.81645,2025,Cache,Bear River,Cache Valley,427271.451,4609039.368,area_weighted_polygon_centroid_in_simplified_service_area,1
company_168,27568,Agricultural,Hay/Turf,Alfalfa,Sprinkler,0.71149,2025,Cache,Bear River,Cache Valley,420181.874,4642051.057,area_weighted_polygon_centroid_in_simplified_service_area,1
company_130,27582,Agricultural,Hay/Turf,Alfalfa,Sprinkler,7.775046,2025,Cache,Bear River,Cache Valley,429295.555,4604755.422,area_weighted_polygon_centroid_in_simplified_service_area,1
company_130,27603,Agricultural,Hay/Turf,Alfalfa,Sprinkler,1.928491,2025,Cache,Bear River,Cache Valley,430623.638,4600868.844,area_weighted_polygon_centroid_in_simplified_service_area,1
company_168,27640,Agricultural,Hay/Turf,Alfalfa,Pivot,3.560538,2025,Cache,Bear River,Cache Valley,420679.61,4643391.725,area_weighted_polygon_centroid_in_simplified_service_area,1
company_168,27664,Agricultural,Hay/Turf,Alfalfa,Wheel,19.847195,2025,Cache,Bear River,Cache Valley,420674.537,4644176.247,area_weighted_polygon_centroid_in_simplified_service_area,1
company_168,27722,Agricultural,Hay/Turf,Alfalfa,Sprinkler,2.723267,2025,Cache,Bear River,Cache Valley,420564.225,4632308.199,area_weighted_polygon_centroid_in_simplified_service_area,1
company_164,27760,Agricultural,Hay/Turf,Alfalfa,Sprinkler,3.992871,2025,Cache,Bear River,Cache Valley,424241.242,4611354.128,area_weighted_polygon_centroid_in_simplified_service_area,1
company_130,27775,Agricultural,Hay/Turf,Alfalfa,Sprinkler,1.566195,2025,Cache,Bear River,Cache Valley,429977.352,4603434.674,area_weighted_polygon_centroid_in_simplified_service_area,1
company_168,27828,Agricultural,Hay/Turf,Grass Hay,Sprinkler,7.17683,2025,Cache,Bear River,Cache Valley,420986.333,4648466.44,area_weighted_polygon_centroid_in_simplified_service_area,1
company_168,27838,Agricultural,Hay/Turf,Grass Hay,Sprinkler,1.225045,2025,Cache,Bear River,Cache Valley,421100.561,4646446.083,area_weighted_polygon_centroid_in_simplified_service_area,1
company_168,27860,Agricultural,Hay/Turf,Alfalfa,Sprinkler,3.467445,2025,Cache,Bear River,Cache Valley,424487.968,4638579.492,area_weighted_polygon_centroid_in_simplified_service_area,1
company_1249,27898,Agricultural,Hay/Turf,Alfalfa,Sprinkler,3.472261,2025,Cache,Bear River,Cache Valley,432845.284,4627714.412,area_weighted_polygon_centroid_in_simplified_service_area,1
company_132,27910,Agricultural,Hay/Turf,Alfalfa,Sprinkler,3.460126,2025,Cache,Bear River,Cache Valley,432095.085,4598865.412,area_weighted_polygon_centroid_in_simplified_service_area,1
company_168,27935,Agricultural,Hay/Turf,Alfalfa,Pivot,11.685797,2025,Cache,Bear River,Cache Valley,424039.147,4638700.818,area_weighted_polygon_centroid_in_simplified_service_area,1
company_132,27965,Agricultural,Hay/Turf,Alfalfa,Sprinkler,21.725582,2025,Cache,Bear River,Cache Valley,432090.427,4604778.21,area_weighted_polygon_centroid_in_simplified_service_area,1
company_132,27966,Agricultural,Hay/Turf,Alfalfa,Wheel,10.356559,2025,Cache,Bear River,Cache Valley,431671.135,4606837.906,area_weighted_polygon_centroid_in_simplified_service_area,1
company_130,28041,Agricultural,Hay/Turf,Grass Hay,Sprinkler,2.097141,2025,Cache,Bear River,Cache Valley,429565.417,4602867.766,area_weighted_polygon_centroid_in_simplified_service_area,1
company_132,28161,Agricultural,Hay/Turf,Alfalfa,Pivot,22.931342,2025,Cache,Bear River,Cache Valley,431951.749,4605206.148,area_weighted_polygon_centroid_in_simplified_service_area,1
company_168,28196,Agricultural,Hay/Turf,Alfalfa,Wheel,25.323064,2025,Cache,Bear River,Cache Valley,421285.265,4648159.932,area_weighted_polygon_centroid_in_simplified_service_area,1
company_088,28208,Agricultural,Hay/Turf,Alfalfa,Sprinkler,3.495395,2025,Cache,Bear River,Cache Valley,427351.303,4610314.853,area_weighted_polygon_centroid_in_simplified_service_area,1
company_168,28218,Agricultural,Hay/Turf,Alfalfa,Sprinkler,12.222691,2025,Cache,Bear River,Cache Valley,423630.736,4638567.051,area_weighted_polygon_centroid_in_simplified_service_area,1
company_1249,28220,Agricultural,Hay/Turf,Grass Hay,Sprinkler,2.393814,2025,Cache,Bear River,Cache Valley,434399.783,4625437.666,area_weighted_polygon_centroid_in_simplified_service_area,1
company_168,28252,Agricultural,Hay/Turf,Alfalfa,Sprinkler,3.686283,2025,Cache,Bear River,Cache Valley,421524.064,4644894.794,area_weighted_polygon_centroid_in_simplified_service_area,1
company_132,28268,Agricultural,Hay/Turf,Alfalfa,Pivot,38.483179,2025,Cache,Bear River,Cache Valley,432541.986,4608320.418,area_weighted_polygon_centroid_in_simplified_service_area,1
company_168,28315,Agricultural,Hay/Turf,Alfalfa,Wheel,6.997731,2025,Cache,Bear River,Cache Valley,422661.327,4642036.941,area_weighted_polygon_centroid_in_simplified_service_area,1
company_168,28366,Agricultural,Hay/Turf,Alfalfa,Sprinkler,9.979609,2025,Cache,Bear River,Cache Valley,424356.575,4639753.067,area_weighted_polygon_centroid_in_simplified_service_area,1
company_168,28375,Agricultural,Hay/Turf,Alfalfa,Sprinkler,4.513623,2025,Cache,Bear River,Cache Valley,423313.119,4640618.873,area_weighted_polygon_centroid_in_simplified_service_area,1
company_164,28382,Agricultural,Hay/Turf,Alfalfa,Sprinkler,10.458996,2025,Cache,Bear River,Cache Valley,425039.544,4610023.961,area_weighted_polygon_centroid_in_simplified_service_area,1
company_168,28449,Agricultural,Hay/Turf,Alfalfa,Sprinkler,13.144475,2025,Cache,Bear River,Cache Valley,421820.942,4636052.487,area_weighted_polygon_centroid_in_simplified_service_area,1
company_132,28493,Agricultural,Hay/Turf,Alfalfa,Wheel,31.210604,2025,Cache,Bear River,Cache Valley,431545.054,4600738.052,area_weighted_polygon_centroid_in_simplified_service_area,1
company_132,28511,Agricultural,Hay/Turf,Alfalfa,Wheel,4.705275,2025,Cache,Bear River,Cache Valley,431753.997,4602894.098,area_weighted_polygon_centroid_in_simplified_service_area,1
company_132,28558,Agricultural,Hay/Turf,Alfalfa,Sprinkler,11.480528,2025,Cache,Bear River,Cache Valley,432170.043,4606074.931,area_weighted_polygon_centroid_in_simplified_service_area,1
company_130,28624,Agricultural,Hay/Turf,Grass Hay,Sprinkler,6.827558,2025,Cache,Bear River,Cache Valley,429809.875,4601294.433,area_weighted_polygon_centroid_in_simplified_service_area,1
company_168,28637,Agricultural,Hay/Turf,Alfalfa,Pivot,23.1969,2025,Cache,Bear River,Cache Valley,420255.251,4646881.985,area_weighted_polygon_centroid_in_simplified_service_area,1
company_130,28646,Agricultural,Hay/Turf,Alfalfa,Sprinkler,1.835564,2025,Cache,Bear River,Cache Valley,430275.818,4602385.788,area_weighted_polygon_centroid_in_simplified_service_area,1
company_168,28664,Agricultural,Hay/Turf,Alfalfa,Wheel,0.510585,2025,Cache,Bear River,Cache Valley,421733.157,4646030.959,area_weighted_polygon_centroid_in_simplified_service_area,1
company_168,28722,Agricultural,Hay/Turf,Grass Hay,Sprinkler,9.090118,2025,Cache,Bear River,Cache Valley,425462.51,4633231.734,area_weighted_polygon_centroid_in_simplified_service_area,1
company_132,28725,Agricultural,Hay/Turf,Alfalfa,Wheel,21.731405,2025,Cache,Bear River,Cache Valley,431551.741,4599954.596,area_weighted_polygon_centroid_in_simplified_service_area,1
company_130,28729,Agricultural,Hay/Turf,Grass Hay,Sprinkler,1.40301,2025,Cache,Bear River,Cache Valley,430513.05,4602849.037,area_weighted_polygon_centroid_in_simplified_service_area,1
company_130,28836,Agricultural,Hay/Turf,Grass Hay,Sprinkler,4.892236,2025,Cache,Bear River,Cache Valley,429722.657,4601443.033,area_weighted_polygon_centroid_in_simplified_service_area,1
company_130,28842,Agricultural,Hay/Turf,Alfalfa,Wheel,14.950809,2025,Cache,Bear River,Cache Valley,431331.607,4600082.807,area_weighted_polygon_centroid_in_simplified_service_area,1
company_168,28888,Agricultural,Hay/Turf,Alfalfa,Wheel,19.007407,2025,Cache,Bear River,Cache Valley,425447.387,4637170.15,area_weighted_polygon_centroid_in_simplified_service_area,1
company_132,28889,Agricultural,Hay/Turf,Alfalfa,Sprinkler,6.023657,2025,Cache,Bear River,Cache Valley,432499.302,4602801.734,area_weighted_polygon_centroid_in_simplified_service_area,1
company_132,28893,Agricultural,Hay/Turf,Alfalfa,Sprinkler,2.913091,2025,Cache,Bear River,Cache Valley,432045.987,4604396.23,area_weighted_polygon_centroid_in_simplified_service_area,1
company_168,28912,Agricultural,Hay/Turf,Alfalfa,Sprinkler,8.00613,2025,Cache,Bear River,Cache Valley,426074.242,4635371.969,area_weighted_polygon_centroid_in_simplified_service_area,1
company_168,28966,Agricultural,Hay/Turf,Alfalfa,Wheel,22.526502,2025,Cache,Bear River,Cache Valley,420301.747,4647598.056,area_weighted_polygon_centroid_in_simplified_service_area,1
company_088,28994,Agricultural,Hay/Turf,Alfalfa,Sprinkler,0.952151,2025,Cache,Bear River,Cache Valley,428004.539,4610161.361,area_weighted_polygon_centroid_in_simplified_service_area,1
company_168,29004,Agricultural,Hay/Turf,Alfalfa,Pivot,26.098739,2025,Cache,Bear River,Cache Valley,425202.743,4635512.864,area_weighted_polygon_centroid_in_simplified_service_area,1
company_168,29012,Agricultural,Hay/Turf,Alfalfa,Pivot,0.55576,2025,Cache,Bear River,Cache Valley,423882.122,4638199.367,area_weighted_polygon_centroid_in_simplified_service_area,1
company_168,29030,Agricultural,Hay/Turf,Alfalfa,Sprinkler,3.219495,2025,Cache,Bear River,Cache Valley,425765.207,4636529.343,area_weighted_polygon_centroid_in_simplified_service_area,1
company_168,29066,Agricultural,Hay/Turf,Grass Hay,Wheel,1.218706,2025,Cache,Bear River,Cache Valley,421634.584,4645886.835,area_weighted_polygon_centroid_in_simplified_service_area,1
company_168,29112,Agricultural,Hay/Turf,Alfalfa,Wheel,6.76431,2025,Cache,Bear River,Cache Valley,422408.783,4638273.994,area_weighted_polygon_centroid_in_simplified_service_area,1
company_168,29120,Agricultural,Hay/Turf,Alfalfa,Pivot,25.188541,2025,Cache,Bear River,Cache Valley,421125.71,4644087.402,area_weighted_polygon_centroid_in_simplified_service_area,1
company_132,29122,Agricultural,Hay/Turf,Alfalfa,Sprinkler,3.646081,2025,Cache,Bear River,Cache Valley,430018.769,4599919.129,area_weighted_polygon_centroid_in_simplified_service_area,1
company_168,29221,Agricultural,Hay/Turf,Alfalfa,Wheel,24.28643,2025,Cache,Bear River,Cache Valley,425206.838,4633120.412,area_weighted_polygon_centroid_in_simplified_service_area,1
company_168,29251,Agricultural,Hay/Turf,Alfalfa,Wheel,16.490324,2025,Cache,Bear River,Cache Valley,427021.584,4636868.814,area_weighted_polygon_centroid_in_simplified_service_area,1
company_168,29252,Agricultural,Hay/Turf,Alfalfa,Wheel,22.955258,2025,Cache,Bear River,Cache Valley,426708.199,4637342.659,area_weighted_polygon_centroid_in_simplified_service_area,1
company_168,29269,Agricultural,Hay/Turf,Alfalfa,Wheel,49.656012,2025,Cache,Bear River,Cache Valley,422171.578,4646302.314,area_weighted_polygon_centroid_in_simplified_service_area,1
company_130,29302,Agricultural,Hay/Turf,Grass Hay,Sprinkler,3.208535,2025,Cache,Bear River,Cache Valley,429453.237,4603898.66,area_weighted_polygon_centroid_in_simplified_service_area,1
company_168,29359,Agricultural,Hay/Turf,Alfalfa,Sprinkler,6.233344,2025,Cache,Bear River,Cache Valley,426147.461,4632539.755,area_weighted_polygon_centroid_in_simplified_service_area,1
company_132,29364,Agricultural,Hay/Turf,Alfalfa,Sprinkler,12.417531,2025,Cache,Bear River,Cache Valley,430057.297,4599584.936,area_weighted_polygon_centroid_in_simplified_service_area,1
company_168,29366,Agricultural,Hay/Turf,Alfalfa,Sprinkler,0.809138,2025,Cache,Bear River,Cache Valley,422701.337,4638836.837,area_weighted_polygon_centroid_in_simplified_service_area,1
company_130,29400,Agricultural,Hay/Turf,Grass Hay,Sprinkler,1.819459,2025,Cache,Bear River,Cache Valley,429975.823,4601446.147,area_weighted_polygon_centroid_in_simplified_service_area,1
company_130,29426,Agricultural,Hay/Turf,Alfalfa,Wheel,21.991887,2025,Cache,Bear River,Cache Valley,429573.802,4604818.637,area_weighted_polygon_centroid_in_simplified_service_area,1
company_130,29459,Agricultural,Hay/Turf,Alfalfa,Sprinkler,11.211292,2025,Cache,Bear River,Cache Valley,430627.912,4600102.786,area_weighted_polygon_centroid_in_simplified_service_area,1
company_168,29507,Agricultural,Hay/Turf,Alfalfa,Sprinkler,2.114312,2025,Cache,Bear River,Cache Valley,427305.926,4637680.796,area_weighted_polygon_centroid_in_simplified_service_area,1
company_168,29576,Agricultural,Hay/Turf,Alfalfa,Pivot,23.006511,2025,Cache,Bear River,Cache Valley,425507.581,4636152.889,area_weighted_polygon_centroid_in_simplified_service_area,1
company_132,29687,Agricultural,Hay/Turf,Alfalfa,Sprinkler,25.181422,2025,Cache,Bear River,Cache Valley,431303.352,4603559.288,area_weighted_polygon_centroid_in_simplified_service_area,1
company_088,29695,Agricultural,Hay/Turf,Alfalfa,Sprinkler,5.300316,2025,Cache,Bear River,Cache Valley,430984.31,4607583.802,area_weighted_polygon_centroid_in_simplified_service_area,1
company_168,29732,Agricultural,Hay/Turf,Alfalfa,Pivot,2.994876,2025,Cache,Bear River,Cache Valley,423462.376,4638969.365,area_weighted_polygon_centroid_in_simplified_service_area,1
company_1249,29740,Agricultural,Hay/Turf,Alfalfa,Wheel,5.875124,2025,Cache,Bear River,Cache Valley,432819.438,4629358.731,area_weighted_polygon_centroid_in_simplified_service_area,1
company_1249,29800,Agricultural,Hay/Turf,Alfalfa,Sprinkler,2.990405,2025,Cache,Bear River,Cache Valley,434199.097,4625171.215,area_weighted_polygon_centroid_in_simplified_service_area,1
company_1249,29807,Agricultural,Hay/Turf,Alfalfa,Sprinkler,2.074923,2025,Cache,Bear River,Cache Valley,433880.94,4624834.897,area_weighted_polygon_centroid_in_simplified_service_area,1
company_132,29811,Agricultural,Hay/Turf,Alfalfa,Wheel,6.362435,2025,Cache,Bear River,Cache Valley,432046.658,4606901.044,area_weighted_polygon_centroid_in_simplified_service_area,1
company_168,29822,Agricultural,Hay/Turf,Alfalfa,Wheel,17.273431,2025,Cache,Bear River,Cache Valley,420731.109,4643151.77,area_weighted_polygon_centroid_in_simplified_service_area,1
company_130,29860,Agricultural,Hay/Turf,Alfalfa,Sprinkler,1.58599,2025,Cache,Bear River,Cache Valley,429957.394,4602295.838,area_weighted_polygon_centroid_in_simplified_service_area,1
company_168,29865,Agricultural,Hay/Turf,Alfalfa,Wheel,11.578603,2025,Cache,Bear River,Cache Valley,422260.266,4642056.043,area_weighted_polygon_centroid_in_simplified_service_area,1
company_168,29888,Agricultural,Hay/Turf,Alfalfa,Wheel,26.787615,2025,Cache,Bear River,Cache Valley,417987.17,4632361.93,area_weighted_polygon_centroid_in_simplified_service_area,1
company_130,29999,Agricultural,Hay/Turf,Grass Hay,Sprinkler,2.343931,2025,Cache,Bear River,Cache Valley,430675.726,4602029.218,area_weighted_polygon_centroid_in_simplified_service_area,1
company_168,30014,Agricultural,Hay/Turf,Alfalfa,Wheel,10.656668,2025,Cache,Bear River,Cache Valley,418027.465,4634148.729,area_weighted_polygon_centroid_in_simplified_service_area,1
company_130,30029,Agricultural,Hay/Turf,Alfalfa,Sprinkler,4.46407,2025,Cache,Bear River,Cache Valley,430408.704,4602605.571,area_weighted_polygon_centroid_in_simplified_service_area,1
company_168,30084,Agricultural,Hay/Turf,Alfalfa,Sprinkler,1.760991,2025,Cache,Bear River,Cache Valley,426021.501,4635745.674,area_weighted_polygon_centroid_in_simplified_service_area,1
company_132,30099,Agricultural,Hay/Turf,Alfalfa,Wheel,23.537696,2025,Cache,Bear River,Cache Valley,430252.331,4599395.401,area_weighted_polygon_centroid_in_simplified_service_area,1
company_130,30134,Agricultural,Hay/Turf,Grass Hay,Sprinkler,2.987849,2025,Cache,Bear River,Cache Valley,432030.188,4598163.963,area_weighted_polygon_centroid_in_simplified_service_area,1
company_168,30142,Agricultural,Hay/Turf,Alfalfa,Sprinkler,12.164669,2025,Cache,Bear River,Cache Valley,417974.156,4633095.386,area_weighted_polygon_centroid_in_simplified_service_area,1
company_130,30143,Agricultural,Hay/Turf,Grass Hay,Sprinkler,1.754782,2025,Cache,Bear River,Cache Valley,429711.622,4602635.56,area_weighted_polygon_centroid_in_simplified_service_area,1
company_1249,30148,Agricultural,Hay/Turf,Alfalfa,Sprinkler,13.085223,2025,Cache,Bear River,Cache Valley,433283.286,4626607.659,area_weighted_polygon_centroid_in_simplified_service_area,1
company_132,30169,Agricultural,Hay/Turf,Alfalfa,Sprinkler,18.756153,2025,Cache,Bear River,Cache Valley,432665.414,4603067.618,area_weighted_polygon_centroid_in_simplified_service_area,1
company_130,30191,Agricultural,Hay/Turf,Alfalfa,Sprinkler,24.911223,2025,Cache,Bear River,Cache Valley,429984.561,4606025.61,area_weighted_polygon_centroid_in_simplified_service_area,1
company_168,30199,Agricultural,Hay/Turf,Alfalfa,Sprinkler,12.768995,2025,Cache,Bear River,Cache Valley,417804.529,4634067.048,area_weighted_polygon_centroid_in_simplified_service_area,1
company_168,30213,Agricultural,Hay/Turf,Alfalfa,Wheel,13.034513,2025,Cache,Bear River,Cache Valley,423196.461,4638284.593,area_weighted_polygon_centroid_in_simplified_service_area,1
company_168,30251,Agricultural,Hay/Turf,Alfalfa,Wheel,9.672917,2025,Cache,Bear River,Cache Valley,422253.852,4647084.158,area_weighted_polygon_centroid_in_simplified_service_area,1
company_168,30254,Agricultural,Hay/Turf,Alfalfa,Pivot,19.562719,2025,Cache,Bear River,Cache Valley,423983.075,4637967.061,area_weighted_polygon_centroid_in_simplified_service_area,1
company_168,30259,Agricultural,Hay/Turf,Alfalfa,Wheel,15.675248,2025,Cache,Bear River,Cache Valley,421930.98,4638849.186,area_weighted_polygon_centroid_in_simplified_service_area,1
company_168,30267,Agricultural,Hay/Turf,Alfalfa,Sprinkler,30.363054,2025,Cache,Bear River,Cache Valley,425178.762,4640081.322,area_weighted_polygon_centroid_in_simplified_service_area,1
company_130,30312,Agricultural,Hay/Turf,Alfalfa,Sprinkler,5.579522,2025,Cache,Bear River,Cache Valley,432055.608,4597903.7,area_weighted_polygon_centroid_in_simplified_service_area,1
company_168,30325,Agricultural,Hay/Turf,Alfalfa,Pivot,11.564523,2025,Cache,Bear River,Cache Valley,419672.756,4645564.462,area_weighted_polygon_centroid_in_simplified_service_area,1
company_132,30349,Agricultural,Hay/Turf,Alfalfa,Sprinkler,15.416016,2025,Cache,Bear River,Cache Valley,431507.853,4603462.231,area_weighted_polygon_centroid_in_simplified_service_area,1
company_168,30350,Agricultural,Hay/Turf,Alfalfa,Sprinkler,2.550574,2025,Cache,Bear River,Cache Valley,419374.542,4632450.364,area_weighted_polygon_centroid_in_simplified_service_area,1
company_168,30371,Agricultural,Hay/Turf,Alfalfa,Sprinkler,2.09131,2025,Cache,Bear River,Cache Valley,425901.618,4636388.491,area_weighted_polygon_centroid_in_simplified_service_area,1
company_132,30374,Agricultural,Hay/Turf,Alfalfa,Sprinkler,2.767339,2025,Cache,Bear River,Cache Valley,432672.79,4607844.555,area_weighted_polygon_centroid_in_simplified_service_area,1
company_1249,30379,Agricultural,Hay/Turf,Grass Hay,Sprinkler,1.12032,2025,Cache,Bear River,Cache Valley,433302.061,4629162.862,area_weighted_polygon_centroid_in_simplified_service_area,1
company_168,30402,Agricultural,Hay/Turf,Alfalfa,Wheel,20.748996,2025,Cache,Bear River,Cache Valley,420712.756,4647999.292,area_weighted_polygon_centroid_in_simplified_service_area,1
company_130,30417,Agricultural,Hay/Turf,Alfalfa,Sprinkler,5.643969,2025,Cache,Bear River,Cache Valley,430697.741,4601265.817,area_weighted_polygon_centroid_in_simplified_service_area,1
company_164,30433,Agricultural,Hay/Turf,Alfalfa,Sprinkler,13.529741,2025,Cache,Bear River,Cache Valley,424503.779,4611804.337,area_weighted_polygon_centroid_in_simplified_service_area,1
company_1249,30501,Agricultural,Hay/Turf,Alfalfa,Sprinkler,2.7175,2025,Cache,Bear River,Cache Valley,433194.594,4628864.416,area_weighted_polygon_centroid_in_simplified_service_area,1
company_132,30510,Agricultural,Hay/Turf,Alfalfa,Pivot,23.561012,2025,Cache,Bear River,Cache Valley,431760.71,4599985.427,area_weighted_polygon_centroid_in_simplified_service_area,1
company_130,30535,Agricultural,Hay/Turf,Alfalfa,Sprinkler,18.518301,2025,Cache,Bear River,Cache Valley,429965.369,4601124.565,area_weighted_polygon_centroid_in_simplified_service_area,1
company_132,30563,Agricultural,Hay/Turf,Alfalfa,Sprinkler,12.678287,2025,Cache,Bear River,Cache Valley,430295.767,4599074.419,area_weighted_polygon_centroid_in_simplified_service_area,1
company_130,30612,Agricultural,Hay/Turf,Alfalfa,Wheel,19.514151,2025,Cache,Bear River,Cache Valley,431231.787,4600533.914,area_weighted_polygon_centroid_in_simplified_service_area,1
company_130,30648,Agricultural,Hay/Turf,Alfalfa,Sprinkler,8.249602,2025,Cache,Bear River,Cache Valley,432310.471,4598069.453,area_weighted_polygon_centroid_in_simplified_service_area,1
company_130,30672,Agricultural,Hay/Turf,Alfalfa,Wheel,9.780497,2025,Cache,Bear River,Cache Valley,429105.961,4603948.43,area_weighted_polygon_centroid_in_simplified_service_area,1
company_168,30689,Agricultural,Hay/Turf,Alfalfa,Pivot,19.882997,2025,Cache,Bear River,Cache Valley,425201.244,4635264.053,area_weighted_polygon_centroid_in_simplified_service_area,1
company_164,30694,Agricultural,Hay/Turf,Grass Hay,Sprinkler,1.516979,2025,Cache,Bear River,Cache Valley,425114.644,4610142.055,area_weighted_polygon_centroid_in_simplified_service_area,1
company_168,30744,Agricultural,Hay/Turf,Alfalfa,Sprinkler,17.940821,2025,Cache,Bear River,Cache Valley,419488.858,4644921.77,area_weighted_polygon_centroid_in_simplified_service_area,1
company_130,30746,Agricultural,Hay/Turf,Alfalfa,Sprinkler,13.338202,2025,Cache,Bear River,Cache Valley,429512.974,4606135.985,area_weighted_polygon_centroid_in_simplified_service_area,1
company_132,30803,Agricultural,Hay/Turf,Alfalfa,Sprinkler,4.967408,2025,Cache,Bear River,Cache Valley,431481.898,4605357.889,area_weighted_polygon_centroid_in_simplified_service_area,1
company_164,30895,Agricultural,Hay/Turf,Alfalfa,Sprinkler,3.048737,2025,Cache,Bear River,Cache Valley,424504.921,4613480.248,area_weighted_polygon_centroid_in_simplified_service_area,1
company_168,30949,Agricultural,Hay/Turf,Alfalfa,Wheel,14.326523,2025,Cache,Bear River,Cache Valley,420302.546,4648074.462,area_weighted_polygon_centroid_in_simplified_service_area,1
company_168,30951,Agricultural,Hay/Turf,Alfalfa,Sprinkler,4.129945,2025,Cache,Bear River,Cache Valley,419306.76,4645033.863,area_weighted_polygon_centroid_in_simplified_service_area,1
company_168,31018,Agricultural,Hay/Turf,Alfalfa,Pivot,93.673698,2025,Cache,Bear River,Cache Valley,420751.276,4633342.331,area_weighted_polygon_centroid_in_simplified_service_area,1
company_132,31075,Agricultural,Hay/Turf,Alfalfa,Pivot,46.965821,2025,Cache,Bear River,Cache Valley,431728.738,4600377.54,area_weighted_polygon_centroid_in_simplified_service_area,1
company_168,31086,Agricultural,Hay/Turf,Alfalfa,Sprinkler,0.355035,2025,Cache,Bear River,Cache Valley,425699.978,4633028.988,area_weighted_polygon_centroid_in_simplified_service_area,1
company_1249,31112,Agricultural,Hay/Turf,Alfalfa,Sprinkler,0.335183,2025,Cache,Bear River,Cache Valley,433737.767,4625790.011,area_weighted_polygon_centroid_in_simplified_service_area,1
company_168,31202,Agricultural,Hay/Turf,Alfalfa,Pivot,14.283127,2025,Cache,Bear River,Cache Valley,419456.439,4647796.332,area_weighted_polygon_centroid_in_simplified_service_area,1
company_132,31258,Agricultural,Hay/Turf,Alfalfa,Wheel,8.981737,2025,Cache,Bear River,Cache Valley,431683.689,4601731.778,area_weighted_polygon_centroid_in_simplified_service_area,1
company_1249,31272,Agricultural,Hay/Turf,Alfalfa,Sprinkler,3.877076,2025,Cache,Bear River,Cache Valley,434023.171,4625234.091,area_weighted_polygon_centroid_in_simplified_service_area,1
company_168,31282,Agricultural,Hay/Turf,Alfalfa,Pivot,72.777902,2025,Cache,Bear River,Cache Valley,427059.906,4637923.05,area_weighted_polygon_centroid_in_simplified_service_area,1
company_168,31323,Agricultural,Hay/Turf,Alfalfa,Sprinkler,20.437848,2025,Cache,Bear River,Cache Valley,422153.864,4638140.962,area_weighted_polygon_centroid_in_simplified_service_area,1
company_132,31415,Agricultural,Hay/Turf,Alfalfa,Sprinkler,7.277569,2025,Cache,Bear River,Cache Valley,430715.138,4603752.514,area_weighted_polygon_centroid_in_simplified_service_area,1
company_168,31424,Agricultural,Hay/Turf,Alfalfa,Sprinkler,10.884127,2025,Cache,Bear River,Cache Valley,418504.615,4631893.195,area_weighted_polygon_centroid_in_simplified_service_area,1
company_168,31458,Agricultural,Hay/Turf,Alfalfa,Pivot,51.964217,2025,Cache,Bear River,Cache Valley,421905.998,4646267.993,area_weighted_polygon_centroid_in_simplified_service_area,1
company_130,31474,Agricultural,Hay/Turf,Alfalfa,Pivot,19.345532,2025,Cache,Bear River,Cache Valley,429749.247,4606130.663,area_weighted_polygon_centroid_in_simplified_service_area,1
company_168,31583,Agricultural,Hay/Turf,Alfalfa,Pivot,21.654396,2025,Cache,Bear River,Cache Valley,421612.361,4635281.031,area_weighted_polygon_centroid_in_simplified_service_area,1
company_168,31611,Agricultural,Hay/Turf,Alfalfa,Pivot,38.086302,2025,Cache,Bear River,Cache Valley,421591.76,4647906.42,area_weighted_polygon_centroid_in_simplified_service_area,1
company_130,31702,Agricultural,Hay/Turf,Alfalfa,Wheel,7.003031,2025,Cache,Bear River,Cache Valley,430000.828,4605443.502,area_weighted_polygon_centroid_in_simplified_service_area,1
company_1249,31721,Agricultural,Hay/Turf,Alfalfa,Wheel,4.922952,2025,Cache,Bear River,Cache Valley,433523.043,4625191.482,area_weighted_polygon_centroid_in_simplified_service_area,1
company_168,31732,Agricultural,Hay/Turf,Alfalfa,Sprinkler,89.574369,2025,Cache,Bear River,Cache Valley,421377.764,4637439.923,area_weighted_polygon_centroid_in_simplified_service_area,1
company_168,31744,Agricultural,Hay/Turf,Alfalfa,Sprinkler,25.980904,2025,Cache,Bear River,Cache Valley,419562.7,4632191.656,area_weighted_polygon_centroid_in_simplified_service_area,1
company_168,31880,Agricultural,Hay/Turf,Alfalfa,Sprinkler,5.130583,2025,Cache,Bear River,Cache Valley,421325.227,4639646.039,area_weighted_polygon_centroid_in_simplified_service_area,1
company_130,31906,Agricultural,Hay/Turf,Grass Hay,Sprinkler,1.706984,2025,Cache,Bear River,Cache Valley,430039.566,4604011.174,area_weighted_polygon_centroid_in_simplified_service_area,1
company_1249,31908,Agricultural,Hay/Turf,Grass Hay,Sprinkler,4.016045,2025,Cache,Bear River,Cache Valley,433070.167,4626735.816,area_weighted_polygon_centroid_in_simplified_service_area,1
company_168,31974,Agricultural,Hay/Turf,Alfalfa,Wheel,19.144892,2025,Cache,Bear River,Cache Valley,426251.092,4636285.718,area_weighted_polygon_centroid_in_simplified_service_area,1
company_1249,31998,Agricultural,Hay/Turf,Alfalfa,Sprinkler,1.282097,2025,Cache,Bear River,Cache Valley,433796.522,4625738.003,area_weighted_polygon_centroid_in_simplified_service_area,1
company_1249,32024,Agricultural,Hay/Turf,Alfalfa,Sprinkler,3.005048,2025,Cache,Bear River,Cache Valley,433521.339,4625542.387,area_weighted_polygon_centroid_in_simplified_service_area,1
company_168,32030,Agricultural,Hay/Turf,Alfalfa,Wheel,12.071106,2025,Cache,Bear River,Cache Valley,425128.605,4633492.117,area_weighted_polygon_centroid_in_simplified_service_area,1
company_168,32091,Agricultural,Hay/Turf,Alfalfa,Wheel,10.064583,2025,Cache,Bear River,Cache Valley,422804.654,4638578.028,area_weighted_polygon_centroid_in_simplified_service_area,1
company_1249,32236,Agricultural,Hay/Turf,Alfalfa,Sprinkler,0.665234,2025,Cache,Bear River,Cache Valley,433617.795,4627089.066,area_weighted_polygon_centroid_in_simplified_service_area,1
company_168,32293,Agricultural,Hay/Turf,Grass Hay,Sprinkler,3.24317,2025,Cache,Bear River,Cache Valley,420561.795,4632226.278,area_weighted_polygon_centroid_in_simplified_service_area,1
company_168,32299,Agricultural,Hay/Turf,Alfalfa,Sprinkler,7.075917,2025,Cache,Bear River,Cache Valley,426174.08,4633178.918,area_weighted_polygon_centroid_in_simplified_service_area,1
company_164,32309,Agricultural,Hay/Turf,Grass Hay,Sprinkler,3.119341,2025,Cache,Bear River,Cache Valley,427060.904,4609188.469,area_weighted_polygon_centroid_in_simplified_service_area,1
company_1249,32332,Agricultural,Hay/Turf,Alfalfa,Sprinkler,0.524219,2025,Cache,Bear River,Cache Valley,433181.987,4628779.354,area_weighted_polygon_centroid_in_simplified_service_area,1
company_1249,32337,Agricultural,Hay/Turf,Alfalfa,Wheel,13.1884,2025,Cache,Bear River,Cache Valley,434030.385,4623822.841,area_weighted_polygon_centroid_in_simplified_service_area,1
company_088,32367,Agricultural,Hay/Turf,Alfalfa,Sprinkler,9.747793,2025,Cache,Bear River,Cache Valley,430771.981,4606875.6,area_weighted_polygon_centroid_in_simplified_service_area,1
company_168,32433,Agricultural,Hay/Turf,Alfalfa,Sprinkler,13.727398,2025,Cache,Bear River,Cache Valley,422725.683,4640137.303,area_weighted_polygon_centroid_in_simplified_service_area,1
company_168,32438,Agricultural,Hay/Turf,Alfalfa,Sprinkler,2.342218,2025,Cache,Bear River,Cache Valley,426170.137,4633033.99,area_weighted_polygon_centroid_in_simplified_service_area,1
company_132,32465,Agricultural,Hay/Turf,Alfalfa,Wheel,13.768977,2025,Cache,Bear River,Cache Valley,431667.068,4606983.741,area_weighted_polygon_centroid_in_simplified_service_area,1
company_1249,32475,Agricultural,Hay/Turf,Alfalfa,Sprinkler,2e-06,2025,Cache,Bear River,Cache Valley,431890.931,4630972.889,area_weighted_polygon_centroid_in_simplified_service_area,1
company_132,32534,Agricultural,Hay/Turf,Alfalfa,Sprinkler,14.475855,2025,Cache,Bear River,Cache Valley,430937.876,4602824.911,area_weighted_polygon_centroid_in_simplified_service_area,1
company_130,32558,Agricultural,Hay/Turf,Grass Hay,Sprinkler,1.530909,2025,Cache,Bear River,Cache Valley,430957.678,4601830.091,area_weighted_polygon_centroid_in_simplified_service_area,1
company_168,32610,Agricultural,Hay/Turf,Alfalfa,Sprinkler,18.762402,2025,Cache,Bear River,Cache Valley,421523.172,4644013.323,area_weighted_polygon_centroid_in_simplified_service_area,1
company_164,32629,Agricultural,Hay/Turf,Grass Hay,Sprinkler,7.047187,2025,Cache,Bear River,Cache Valley,425165.168,4612537.191,area_weighted_polygon_centroid_in_simplified_service_area,1
company_130,32651,Agricultural,Hay/Turf,Alfalfa,Sprinkler,15.929145,2025,Cache,Bear River,Cache Valley,429961.309,4604213.655,area_weighted_polygon_centroid_in_simplified_service_area,1
company_168,32699,Agricultural,Hay/Turf,Alfalfa,Sprinkler,12.141476,2025,Cache,Bear River,Cache Valley,417563.716,4633757.675,area_weighted_polygon_centroid_in_simplified_service_area,1
company_164,32708,Agricultural,Hay/Turf,Alfalfa,Wheel,5.388476,2025,Cache,Bear River,Cache Valley,425303.787,4609810.39,area_weighted_polygon_centroid_in_simplified_service_area,1
company_168,32763,Agricultural,Hay/Turf,Alfalfa,Pivot,9.71907,2025,Cache,Bear River,Cache Valley,423787.902,4638795.789,area_weighted_polygon_centroid_in_simplified_service_area,1
company_168,32775,Agricultural,Hay/Turf,Alfalfa,Sprinkler,4.898636,2025,Cache,Bear River,Cache Valley,421502.425,4638352.321,area_weighted_polygon_centroid_in_simplified_service_area,1
company_168,32821,Agricultural,Hay/Turf,Alfalfa,Sprinkler,6.76507,2025,Cache,Bear River,Cache Valley,424723.738,4640070.14,area_weighted_polygon_centroid_in_simplified_service_area,1
company_168,32839,Agricultural,Hay/Turf,Alfalfa,Sprinkler,0.291042,2025,Cache,Bear River,Cache Valley,425587.35,4633039.703,area_weighted_polygon_centroid_in_simplified_service_area,1
company_130,32840,Agricultural,Hay/Turf,Alfalfa,Sprinkler,3.547014,2025,Cache,Bear River,Cache Valley,429736.728,4602308.476,area_weighted_polygon_centroid_in_simplified_service_area,1
company_132,32877,Agricultural,Hay/Turf,Alfalfa,Sprinkler,14.756038,2025,Cache,Bear River,Cache Valley,432014.199,4601903.893,area_weighted_polygon_centroid_in_simplified_service_area,1
company_088,32880,Agricultural,Hay/Turf,Alfalfa,Sprinkler,6.407676,2025,Cache,Bear River,Cache Valley,430442.134,4606155.389,area_weighted_polygon_centroid_in_simplified_service_area,1
company_168,32906,Agricultural,Hay/Turf,Alfalfa,Wheel,21.851476,2025,Cache,Bear River,Cache Valley,420670.873,4644363.591,area_weighted_polygon_centroid_in_simplified_service_area,1
company_168,32920,Agricultural,Hay/Turf,Alfalfa,Pivot,9.544685,2025,Cache,Bear River,Cache Valley,421067.584,4641973.177,area_weighted_polygon_centroid_in_simplified_service_area,1
company_164,32984,Agricultural,Hay/Turf,Alfalfa,Sprinkler,5.947009,2025,Cache,Bear River,Cache Valley,424640.874,4611868.59,area_weighted_polygon_centroid_in_simplified_service_area,1
company_130,32996,Agricultural,Hay/Turf,Alfalfa,Sprinkler,2.899649,2025,Cache,Bear River,Cache Valley,430043.117,4602295.037,area_weighted_polygon_centroid_in_simplified_service_area,1
company_168,33000,Agricultural,Hay/Turf,Alfalfa,Sprinkler,4.724464,2025,Cache,Bear River,Cache Valley,421890.368,4634942.444,area_weighted_polygon_centroid_in_simplified_service_area,1
company_132,33015,Agricultural,Hay/Turf,Alfalfa,Sprinkler,11.736576,2025,Cache,Bear River,Cache Valley,432439.075,4607822.713,area_weighted_polygon_centroid_in_simplified_service_area,1
company_168,33049,Agricultural,Hay/Turf,Alfalfa,Wheel,9.834817,2025,Cache,Bear River,Cache Valley,425602.591,4638049.851,area_weighted_polygon_centroid_in_simplified_service_area,1
company_132,33075,Agricultural,Hay/Turf,Alfalfa,Wheel,8.196469,2025,Cache,Bear River,Cache Valley,432103.175,4601731.901,area_weighted_polygon_centroid_in_simplified_service_area,1
company_130,33093,Agricultural,Hay/Turf,Grass Hay,Sprinkler,2.497612,2025,Cache,Bear River,Cache Valley,430510.074,4602619.864,area_weighted_polygon_centroid_in_simplified_service_area,1
company_168,33112,Agricultural,Hay/Turf,Alfalfa,Pivot,30.643905,2025,Cache,Bear River,Cache Valley,424365.243,4638414.892,area_weighted_polygon_centroid_in_simplified_service_area,1
company_130,33114,Agricultural,Hay/Turf,Alfalfa,Wheel,10.393902,2025,Cache,Bear River,Cache Valley,429422.272,4604599.718,area_weighted_polygon_centroid_in_simplified_service_area,1
company_168,33117,Agricultural,Hay/Turf,Alfalfa,Wheel,35.628105,2025,Cache,Bear River,Cache Valley,426282.247,4636442.742,area_weighted_polygon_centroid_in_simplified_service_area,1
company_132,33122,Agricultural,Hay/Turf,Alfalfa,Sprinkler,7.328768,2025,Cache,Bear River,Cache Valley,432079.219,4604552.154,area_weighted_polygon_centroid_in_simplified_service_area,1
company_168,33138,Agricultural,Hay/Turf,Alfalfa,Pivot,10.454849,2025,Cache,Bear River,Cache Valley,421540.565,4643510.872,area_weighted_polygon_centroid_in_simplified_service_area,1
company_168,33154,Agricultural,Hay/Turf,Alfalfa,Pivot,12.008569,2025,Cache,Bear River,Cache Valley,422071.768,4641218.965,area_weighted_polygon_centroid_in_simplified_service_area,1
company_1249,33177,Agricultural,Hay/Turf,Alfalfa,Wheel,9.860778,2025,Cache,Bear River,Cache Valley,432082.975,4630396.668,area_weighted_polygon_centroid_in_simplified_service_area,1
company_132,33218,Agricultural,Hay/Turf,Alfalfa,Wheel,16.524848,2025,Cache,Bear River,Cache Valley,431760.521,4602307.354,area_weighted_polygon_centroid_in_simplified_service_area,1
company_168,33222,Agricultural,Hay/Turf,Alfalfa,Pivot,17.591195,2025,Cache,Bear River,Cache Valley,420015.203,4644186.449,area_weighted_polygon_centroid_in_simplified_service_area,1
company_168,33223,Agricultural,Hay/Turf,Alfalfa,Sprinkler,22.979562,2025,Cache,Bear River,Cache Valley,423668.996,4638150.297,area_weighted_polygon_centroid_in_simplified_service_area,1
company_168,33253,Agricultural,Hay/Turf,Alfalfa,Wheel,10.673313,2025,Cache,Bear River,Cache Valley,422157.737,4639126.973,area_weighted_polygon_centroid_in_simplified_service_area,1
company_1249,33325,Agricultural,Hay/Turf,Alfalfa,Wheel,3.512726,2025,Cache,Bear River,Cache Valley,433081.733,4624904.956,area_weighted_polygon_centroid_in_simplified_service_area,1
company_130,33366,Agricultural,Hay/Turf,Grass Hay,Wheel,2.825613,2025,Cache,Bear River,Cache Valley,429543.142,4603925.395,area_weighted_polygon_centroid_in_simplified_service_area,1
company_168,33389,Agricultural,Hay/Turf,Alfalfa,Sprinkler,25.722755,2025,Cache,Bear River,Cache Valley,419858.762,4632736.158,area_weighted_polygon_centroid_in_simplified_service_area,1
company_168,33394,Agricultural,Hay/Turf,Alfalfa,Wheel,6.881911,2025,Cache,Bear River,Cache Valley,417200.289,4632926.078,area_weighted_polygon_centroid_in_simplified_service_area,1
company_130,33435,Agricultural,Hay/Turf,Alfalfa,Sprinkler,5.344605,2025,Cache,Bear River,Cache Valley,429324.097,4603545.879,area_weighted_polygon_centroid_in_simplified_service_area,1
company_132,33465,Agricultural,Hay/Turf,Alfalfa,Wheel,20.408193,2025,Cache,Bear River,Cache Valley,431606.91,4603713.998,area_weighted_polygon_centroid_in_simplified_service_area,1
company_132,33482,Agricultural,Hay/Turf,Alfalfa,Pivot,12.971238,2025,Cache,Bear River,Cache Valley,431958.879,4600722.483,area_weighted_polygon_centroid_in_simplified_service_area,1
company_168,33561,Agricultural,Hay/Turf,Alfalfa,Pivot,15.371634,2025,Cache,Bear River,Cache Valley,426035.111,4635859.157,area_weighted_polygon_centroid_in_simplified_service_area,1
company_168,33565,Agricultural,Hay/Turf,Alfalfa,Wheel,17.245527,2025,Cache,Bear River,Cache Valley,426513.348,4638709.424,area_weighted_polygon_centroid_in_simplified_service_area,1
company_168,33599,Agricultural,Hay/Turf,Alfalfa,Pivot,53.215921,2025,Cache,Bear River,Cache Valley,419822.553,4647729.461,area_weighted_polygon_centroid_in_simplified_service_area,1
company_1249,33622,Agricultural,Hay/Turf,Alfalfa,Sprinkler,6.260066,2025,Cache,Bear River,Cache Valley,433331.914,4626151.681,area_weighted_polygon_centroid_in_simplified_service_area,1
company_132,33655,Agricultural,Hay/Turf,Alfalfa,Sprinkler,1.922287,2025,Cache,Bear River,Cache Valley,432094.899,4605392.17,area_weighted_polygon_centroid_in_simplified_service_area,1
company_168,33713,Agricultural,Hay/Turf,Alfalfa,Wheel,10.138369,2025,Cache,Bear River,Cache Valley,422807.543,4638474.016,area_weighted_polygon_centroid_in_simplified_service_area,1
company_130,33747,Agricultural,Hay/Turf,Alfalfa,Sprinkler,5.045053,2025,Cache,Bear River,Cache Valley,429443.597,4603739.34,area_weighted_polygon_centroid_in_simplified_service_area,1
company_130,33748,Agricultural,Hay/Turf,Grass Hay,Sprinkler,5.136133,2025,Cache,Bear River,Cache Valley,430386.069,4605616.541,area_weighted_polygon_centroid_in_simplified_service_area,1
company_130,33762,Agricultural,Hay/Turf,Alfalfa,Sprinkler,13.068682,2025,Cache,Bear River,Cache Valley,429976.713,4604570.74,area_weighted_polygon_centroid_in_simplified_service_area,1
company_168,33780,Agricultural,Hay/Turf,Alfalfa,Pivot,30.178356,2025,Cache,Bear River,Cache Valley,421973.966,4635208.915,area_weighted_polygon_centroid_in_simplified_service_area,1
company_168,33840,Agricultural,Hay/Turf,Alfalfa,Pivot,11.91348,2025,Cache,Bear River,Cache Valley,424537.146,4638035.913,area_weighted_polygon_centroid_in_simplified_service_area,1
company_164,33887,Agricultural,Hay/Turf,Alfalfa,Sprinkler,4.712003,2025,Cache,Bear River,Cache Valley,424597.377,4609918.723,area_weighted_polygon_centroid_in_simplified_service_area,1
company_168,33942,Agricultural,Hay/Turf,Alfalfa,Wheel,13.886268,2025,Cache,Bear River,Cache Valley,423720.344,4637616.116,area_weighted_polygon_centroid_in_simplified_service_area,1
company_168,33998,Agricultural,Hay/Turf,Alfalfa,Wheel,4.977909,2025,Cache,Bear River,Cache Valley,417641.306,4634139.474,area_weighted_polygon_centroid_in_simplified_service_area,1
company_088,34059,Agricultural,Hay/Turf,Alfalfa,Sprinkler,3.495431,2025,Cache,Bear River,Cache Valley,429576.949,4608629.523,area_weighted_polygon_centroid_in_simplified_service_area,1
company_168,34088,Agricultural,Hay/Turf,Grass Hay,Sprinkler,13.328105,2025,Cache,Bear River,Cache Valley,423151.777,4639196.551,area_weighted_polygon_centroid_in_simplified_service_area,1
company_132,34151,Agricultural,Hay/Turf,Alfalfa,Sprinkler,28.205113,2025,Cache,Bear River,Cache Valley,431615.795,4609688.001,area_weighted_polygon_centroid_in_simplified_service_area,1
company_132,34155,Agricultural,Hay/Turf,Alfalfa,Wheel,8.390094,2025,Cache,Bear River,Cache Valley,431491.286,4601903.099,area_weighted_polygon_centroid_in_simplified_service_area,1
company_168,34161,Agricultural,Hay/Turf,Grass Hay,Sprinkler,3.265109,2025,Cache,Bear River,Cache Valley,420590.96,4645995.531,area_weighted_polygon_centroid_in_simplified_service_area,1
company_130,34177,Agricultural,Hay/Turf,Grass Hay,Sprinkler,1.139404,2025,Cache,Bear River,Cache Valley,430695.563,4601399.066,area_weighted_polygon_centroid_in_simplified_service_area,1
company_132,34181,Agricultural,Hay/Turf,Alfalfa,Sprinkler,6.59334,2025,Cache,Bear River,Cache Valley,431380.186,4599026.737,area_weighted_polygon_centroid_in_simplified_service_area,1
company_168,34183,Agricultural,Hay/Turf,Alfalfa,Wheel,18.769163,2025,Cache,Bear River,Cache Valley,422460.333,4638838.315,area_weighted_polygon_centroid_in_simplified_service_area,1
company_168,34208,Agricultural,Hay/Turf,Alfalfa,Sprinkler,2.328872,2025,Cache,Bear River,Cache Valley,426827.606,4637688.909,area_weighted_polygon_centroid_in_simplified_service_area,1
company_088,34238,Agricultural,Hay/Turf,Alfalfa,Sprinkler,7.827507,2025,Cache,Bear River,Cache Valley,427741.956,4610418.71,area_weighted_polygon_centroid_in_simplified_service_area,1
company_168,34245,Agricultural,Hay/Turf,Alfalfa,Sprinkler,19.575953,2025,Cache,Bear River,Cache Valley,422379.354,4639906.222,area_weighted_polygon_centroid_in_simplified_service_area,1
company_164,34256,Agricultural,Hay/Turf,Alfalfa,Sprinkler,13.091055,2025,Cache,Bear River,Cache Valley,423562.939,4613329.726,area_weighted_polygon_centroid_in_simplified_service_area,1
company_130,34285,Agricultural,Hay/Turf,Alfalfa,Sprinkler,7.231465,2025,Cache,Bear River,Cache Valley,430006.889,4604415.36,area_weighted_polygon_centroid_in_simplified_service_area,1
company_130,34290,Agricultural,Hay/Turf,Grass Hay,Sprinkler,2.356281,2025,Cache,Bear River,Cache Valley,430035.545,4603888.496,area_weighted_polygon_centroid_in_simplified_service_area,1
company_132,34299,Agricultural,Hay/Turf,Alfalfa,Sprinkler,10.494719,2025,Cache,Bear River,Cache Valley,431496.543,4602896.5,area_weighted_polygon_centroid_in_simplified_service_area,1
company_1249,34312,Agricultural,Hay/Turf,Alfalfa,Sprinkler,2.774522,2025,Cache,Bear River,Cache Valley,434002.394,4625751.73,area_weighted_polygon_centroid_in_simplified_service_area,1
company_132,34316,Agricultural,Hay/Turf,Alfalfa,Wheel,27.630821,2025,Cache,Bear River,Cache Valley,430536.505,4604337.267,area_weighted_polygon_centroid_in_simplified_service_area,1
company_130,34364,Agricultural,Hay/Turf,Grass Hay,Sprinkler,5.281616,2025,Cache,Bear River,Cache Valley,431110.045,4600267.381,area_weighted_polygon_centroid_in_simplified_service_area,1
company_168,34375,Agricultural,Hay/Turf,Alfalfa,Sprinkler,7.786807,2025,Cache,Bear River,Cache Valley,421132.213,4643882.58,area_weighted_polygon_centroid_in_simplified_service_area,1
company_168,34376,Agricultural,Hay/Turf,Alfalfa,Pivot,25.018007,2025,Cache,Bear River,Cache Valley,419591.588,4633119.384,area_weighted_polygon_centroid_in_simplified_service_area,1
company_164,34398,Agricultural,Hay/Turf,Alfalfa,Sprinkler,19.037382,2025,Cache,Bear River,Cache Valley,424957.165,4611949.196,area_weighted_polygon_centroid_in_simplified_service_area,1
company_132,34405,Agricultural,Hay/Turf,Alfalfa,Sprinkler,1.94602,2025,Cache,Bear River,Cache Valley,432960.353,4608375.437,area_weighted_polygon_centroid_in_simplified_service_area,1
company_168,34445,Agricultural,Hay/Turf,Grass Hay,Sprinkler,0.844582,2025,Cache,Bear River,Cache Valley,426229.588,4632880.154,area_weighted_polygon_centroid_in_simplified_service_area,1
company_168,34484,Agricultural,Hay/Turf,Alfalfa,Pivot,23.297285,2025,Cache,Bear River,Cache Valley,423857.235,4638970.923,area_weighted_polygon_centroid_in_simplified_service_area,1
company_088,34497,Agricultural,Hay/Turf,Alfalfa,Sprinkler,3.477061,2025,Cache,Bear River,Cache Valley,430259.031,4606225.026,area_weighted_polygon_centroid_in_simplified_service_area,1
company_168,34507,Agricultural,Hay/Turf,Alfalfa,Sprinkler,6.152358,2025,Cache,Bear River,Cache Valley,425459.28,4634560.578,area_weighted_polygon_centroid_in_simplified_service_area,1
company_168,34533,Agricultural,Hay/Turf,Alfalfa,Sprinkler,0.904793,2025,Cache,Bear River,Cache Valley,421844.306,4641687.506,area_weighted_polygon_centroid_in_simplified_service_area,1
company_168,34613,Agricultural,Hay/Turf,Alfalfa,Wheel,23.432725,2025,Cache,Bear River,Cache Valley,421388.381,4644839.218,area_weighted_polygon_centroid_in_simplified_service_area,1
company_168,34652,Agricultural,Hay/Turf,Alfalfa,Wheel,18.977647,2025,Cache,Bear River,Cache Valley,425592.71,4633494.623,area_weighted_polygon_centroid_in_simplified_service_area,1
company_168,34655,Agricultural,Hay/Turf,Alfalfa,Wheel,8.133326,2025,Cache,Bear River,Cache Valley,424074.647,4640386.995,area_weighted_polygon_centroid_in_simplified_service_area,1
company_106,34668,Agricultural,Hay/Turf,Alfalfa,Wheel,10.728137,2025,Cache,Bear River,Cache Valley,425237.045,4617056.065,area_weighted_polygon_centroid_in_simplified_service_area,1
company_168,34715,Agricultural,Hay/Turf,Alfalfa,Pivot,16.776297,2025,Cache,Bear River,Cache Valley,420731.163,4646761.154,area_weighted_polygon_centroid_in_simplified_service_area,1
company_132,34735,Agricultural,Hay/Turf,Alfalfa,Sprinkler,3.026888,2025,Cache,Bear River,Cache Valley,430149.831,4599708.466,area_weighted_polygon_centroid_in_simplified_service_area,1
company_1249,34767,Agricultural,Hay/Turf,Grass Hay,Sprinkler,6.927348,2025,Cache,Bear River,Cache Valley,433691.317,4625257.577,area_weighted_polygon_centroid_in_simplified_service_area,1
company_168,34812,Agricultural,Hay/Turf,Alfalfa,Wheel,25.609463,2025,Cache,Bear River,Cache Valley,426992.112,4638415.941,area_weighted_polygon_centroid_in_simplified_service_area,1
company_168,34876,Agricultural,Hay/Turf,Alfalfa,Sprinkler,8.312896,2025,Cache,Bear River,Cache Valley,419598.994,4647445.658,area_weighted_polygon_centroid_in_simplified_service_area,1
company_168,34904,Agricultural,Hay/Turf,Grass Hay,Sprinkler,2.143895,2025,Cache,Bear River,Cache Valley,425932.061,4633034.298,area_weighted_polygon_centroid_in_simplified_service_area,1
company_088,34933,Agricultural,Hay/Turf,Alfalfa,Wheel,16.460016,2025,Cache,Bear River,Cache Valley,430383.215,4606581.577,area_weighted_polygon_centroid_in_simplified_service_area,1
company_130,34991,Agricultural,Hay/Turf,Alfalfa,Wheel,1.980789,2025,Cache,Bear River,Cache Valley,429897.286,4603850.124,area_weighted_polygon_centroid_in_simplified_service_area,1
company_130,35035,Agricultural,Hay/Turf,Alfalfa,Sprinkler,1.132751,2025,Cache,Bear River,Cache Valley,430263.893,4605650.159,area_weighted_polygon_centroid_in_simplified_service_area,1
company_168,35064,Agricultural,Hay/Turf,Alfalfa,Wheel,11.994008,2025,Cache,Bear River,Cache Valley,427136.403,4636491.825,area_weighted_polygon_centroid_in_simplified_service_area,1
company_168,35073,Agricultural,Hay/Turf,Alfalfa,Sprinkler,8.239079,2025,Cache,Bear River,Cache Valley,421393.217,4638338.646,area_weighted_polygon_centroid_in_simplified_service_area,1
company_168,35090,Agricultural,Hay/Turf,Alfalfa,Sprinkler,3.634942,2025,Cache,Bear River,Cache Valley,421398.609,4638538.284,area_weighted_polygon_centroid_in_simplified_service_area,1
company_1249,35091,Agricultural,Hay/Turf,Alfalfa,Sprinkler,2.329375,2025,Cache,Bear River,Cache Valley,433701.289,4625853.633,area_weighted_polygon_centroid_in_simplified_service_area,1
company_130,35113,Agricultural,Hay/Turf,Alfalfa,Sprinkler,9.506148,2025,Cache,Bear River,Cache Valley,430544.018,4605626.515,area_weighted_polygon_centroid_in_simplified_service_area,1
company_168,35126,Agricultural,Hay/Turf,Alfalfa,Wheel,10.592991,2025,Cache,Bear River,Cache Valley,425315.902,4637075.6,area_weighted_polygon_centroid_in_simplified_service_area,1
company_168,35161,Agricultural,Hay/Turf,Alfalfa,Pivot,45.936715,2025,Cache,Bear River,Cache Valley,420024.283,4643995.842,area_weighted_polygon_centroid_in_simplified_service_area,1
company_130,35243,Agricultural,Hay/Turf,Grass Hay,Sprinkler,1.562677,2025,Cache,Bear River,Cache Valley,430486.297,4601631.205,area_weighted_polygon_centroid_in_simplified_service_area,1
company_168,35267,Agricultural,Hay/Turf,Alfalfa,Sprinkler,5.088573,2025,Cache,Bear River,Cache Valley,420897.067,4642190.775,area_weighted_polygon_centroid_in_simplified_service_area,1
company_168,35279,Agricultural,Hay/Turf,Alfalfa,Pivot,7.935115,2025,Cache,Bear River,Cache Valley,424065.521,4638846.551,area_weighted_polygon_centroid_in_simplified_service_area,1
company_168,35344,Agricultural,Hay/Turf,Alfalfa,Wheel,16.439388,2025,Cache,Bear River,Cache Valley,426427.738,4637753.606,area_weighted_polygon_centroid_in_simplified_service_area,1
company_168,35365,Agricultural,Hay/Turf,Grass Hay,Sprinkler,2.888086,2025,Cache,Bear River,Cache Valley,422358.038,4649760.015,area_weighted_polygon_centroid_in_simplified_service_area,1
company_088,35391,Agricultural,Hay/Turf,Alfalfa,Sprinkler,10.743805,2025,Cache,Bear River,Cache Valley,430669.368,4606877.555,area_weighted_polygon_centroid_in_simplified_service_area,1
company_168,35394,Agricultural,Hay/Turf,Alfalfa,Sprinkler,3.678553,2025,Cache,Bear River,Cache Valley,425627.453,4633157.955,area_weighted_polygon_centroid_in_simplified_service_area,1
company_132,35428,Agricultural,Hay/Turf,Alfalfa,Sprinkler,8.033227,2025,Cache,Bear River,Cache Valley,431891.795,4603312.401,area_weighted_polygon_centroid_in_simplified_service_area,1
company_132,35438,Agricultural,Hay/Turf,Alfalfa,Pivot,43.176732,2025,Cache,Bear River,Cache Valley,432220.944,4605811.713,area_weighted_polygon_centroid_in_simplified_service_area,1
company_132,35458,Agricultural,Hay/Turf,Alfalfa,Wheel,14.971645,2025,Cache,Bear River,Cache Valley,432358.296,4606912.775,area_weighted_polygon_centroid_in_simplified_service_area,1
company_168,35468,Agricultural,Hay/Turf,Grass Hay,Sprinkler,4.526501,2025,Cache,Bear River,Cache Valley,425594.689,4633336.309,area_weighted_polygon_centroid_in_simplified_service_area,1
company_168,35559,Agricultural,Hay/Turf,Alfalfa,Sprinkler,1.924006,2025,Cache,Bear River,Cache Valley,424127.108,4637874.163,area_weighted_polygon_centroid_in_simplified_service_area,1
company_168,35575,Agricultural,Hay/Turf,Alfalfa,Pivot,2.486035,2025,Cache,Bear River,Cache Valley,424118.461,4638174.661,area_weighted_polygon_centroid_in_simplified_service_area,1
company_168,35580,Agricultural,Hay/Turf,Alfalfa,Sprinkler,0.752591,2025,Cache,Bear River,Cache Valley,425694.576,4634511.752,area_weighted_polygon_centroid_in_simplified_service_area,1
company_168,35592,Agricultural,Hay/Turf,Alfalfa,Wheel,16.346738,2025,Cache,Bear River,Cache Valley,422856.997,4638717.221,area_weighted_polygon_centroid_in_simplified_service_area,1
company_168,35606,Agricultural,Hay/Turf,Alfalfa,Sprinkler,8.314223,2025,Cache,Bear River,Cache Valley,421051.583,4646565.24,area_weighted_polygon_centroid_in_simplified_service_area,1
company_168,35630,Agricultural,Hay/Turf,Alfalfa,Sprinkler,3.243918,2025,Cache,Bear River,Cache Valley,423518.344,4637470.569,area_weighted_polygon_centroid_in_simplified_service_area,1
company_168,35665,Agricultural,Hay/Turf,Alfalfa,Pivot,10.893986,2025,Cache,Bear River,Cache Valley,422304.299,4641237.921,area_weighted_polygon_centroid_in_simplified_service_area,1
company_088,35666,Agricultural,Hay/Turf,Alfalfa,Sprinkler,1.664335,2025,Cache,Bear River,Cache Valley,429612.053,4608871.713,area_weighted_polygon_centroid_in_simplified_service_area,1
company_132,35750,Agricultural,Hay/Turf,Alfalfa,Sprinkler,4.39466,2025,Cache,Bear River,Cache Valley,430468.376,4599020.098,area_weighted_polygon_centroid_in_simplified_service_area,1
company_132,35762,Agricultural,Hay/Turf,Alfalfa,Sprinkler,6.730467,2025,Cache,Bear River,Cache Valley,430124.275,4599068.506,area_weighted_polygon_centroid_in_simplified_service_area,1
company_168,35775,Agricultural,Hay/Turf,Alfalfa,Pivot,37.237872,2025,Cache,Bear River,Cache Valley,421558.841,4643745.265,area_weighted_polygon_centroid_in_simplified_service_area,1
company_132,35785,Agricultural,Hay/Turf,Alfalfa,Sprinkler,7.185232,2025,Cache,Bear River,Cache Valley,431882.504,4603107.809,area_weighted_polygon_centroid_in_simplified_service_area,1
company_088,35793,Agricultural,Hay/Turf,Grass Hay,Sprinkler,2.193925,2025,Cache,Bear River,Cache Valley,426649.873,4610419.882,area_weighted_polygon_centroid_in_simplified_service_area,1
company_164,35822,Agricultural,Hay/Turf,Alfalfa,Sprinkler,5.006633,2025,Cache,Bear River,Cache Valley,423590.468,4615213.913,area_weighted_polygon_centroid_in_simplified_service_area,1
company_168,35967,Agricultural,Hay/Turf,Alfalfa,Pivot,21.067507,2025,Cache,Bear River,Cache Valley,425594.492,4635259.004,area_weighted_polygon_centroid_in_simplified_service_area,1
company_088,35999,Agricultural,Hay/Turf,Alfalfa,Sprinkler,3.266776,2025,Cache,Bear River,Cache Valley,428015.799,4610063.512,area_weighted_polygon_centroid_in_simplified_service_area,1
company_164,36005,Agricultural,Hay/Turf,Alfalfa,Sprinkler,10.949515,2025,Cache,Bear River,Cache Valley,423225.551,4613338.446,area_weighted_polygon_centroid_in_simplified_service_area,1
company_168,36046,Agricultural,Hay/Turf,Alfalfa,Pivot,30.609361,2025,Cache,Bear River,Cache Valley,419924.665,4648109.778,area_weighted_polygon_centroid_in_simplified_service_area,1
company_168,36054,Agricultural,Hay/Turf,Alfalfa,Wheel,9.633005,2025,Cache,Bear River,Cache Valley,422971.142,4639107.885,area_weighted_polygon_centroid_in_simplified_service_area,1
company_168,36066,Agricultural,Hay/Turf,Alfalfa,Wheel,5.17336,2025,Cache,Bear River,Cache Valley,422452.91,4638081.639,area_weighted_polygon_centroid_in_simplified_service_area,1
company_168,36072,Agricultural,Hay/Turf,Grass Hay,Sprinkler,1.910502,2025,Cache,Bear River,Cache Valley,420888.911,4643405.051,area_weighted_polygon_centroid_in_simplified_service_area,1
company_168,36077,Agricultural,Hay/Turf,Alfalfa,Wheel,35.417103,2025,Cache,Bear River,Cache Valley,421472.233,4646552.292,area_weighted_polygon_centroid_in_simplified_service_area,1
company_1249,36102,Agricultural,Hay/Turf,Alfalfa,Wheel,0.818322,2025,Cache,Bear River,Cache Valley,433717.977,4624739.635,area_weighted_polygon_centroid_in_simplified_service_area,1
company_168,36125,Agricultural,Hay/Turf,Alfalfa,Sprinkler,5.634082,2025,Cache,Bear River,Cache Valley,421497.819,4638931.955,area_weighted_polygon_centroid_in_simplified_service_area,1
company_088,36146,Agricultural,Hay/Turf,Alfalfa,Wheel,14.658664,2025,Cache,Bear River,Cache Valley,431012.548,4606880.108,area_weighted_polygon_centroid_in_simplified_service_area,1
company_168,36165,Agricultural,Hay/Turf,Grass Hay,Wheel,6.188697,2025,Cache,Bear River,Cache Valley,422440.498,4638010.505,area_weighted_polygon_centroid_in_simplified_service_area,1
company_088,36170,Agricultural,Hay/Turf,Alfalfa,Sprinkler,24.881209,2025,Cache,Bear River,Cache Valley,429747.186,4606477.05,area_weighted_polygon_centroid_in_simplified_service_area,1
company_130,36180,Agricultural,Hay/Turf,Grass Hay,Sprinkler,3.413002,2025,Cache,Bear River,Cache Valley,431290.15,4598483.478,area_weighted_polygon_centroid_in_simplified_service_area,1
company_1249,36204,Agricultural,Hay/Turf,Alfalfa,Wheel,22.794699,2025,Cache,Bear River,Cache Valley,432631.102,4629529.068,area_weighted_polygon_centroid_in_simplified_service_area,1
company_088,36225,Agricultural,Hay/Turf,Alfalfa,Sprinkler,1.549771,2025,Cache,Bear River,Cache Valley,427760.872,4610683.767,area_weighted_polygon_centroid_in_simplified_service_area,1
company_1249,36239,Agricultural,Hay/Turf,Alfalfa,Sprinkler,0.984404,2025,Cache,Bear River,Cache Valley,433302.088,4625770.843,area_weighted_polygon_centroid_in_simplified_service_area,1
company_168,36261,Agricultural,Hay/Turf,Alfalfa,Sprinkler,10.779091,2025,Cache,Bear River,Cache Valley,421048.794,4645977.131,area_weighted_polygon_centroid_in_simplified_service_area,1
company_168,36281,Agricultural,Hay/Turf,Alfalfa,Wheel,11.436083,2025,Cache,Bear River,Cache Valley,422241.058,4638400.559,area_weighted_polygon_centroid_in_simplified_service_area,1
company_1249,36303,Agricultural,Hay/Turf,Alfalfa,Sprinkler,0.678911,2025,Cache,Bear River,Cache Valley,433098.577,4625316.626,area_weighted_polygon_centroid_in_simplified_service_area,1
company_168,36328,Agricultural,Hay/Turf,Alfalfa,Sprinkler,7.046492,2025,Cache,Bear River,Cache Valley,423615.246,4637596.897,area_weighted_polygon_centroid_in_simplified_service_area,1
company_130,36445,Agricultural,Hay/Turf,Grass Hay,Sprinkler,3.151183,2025,Cache,Bear River,Cache Valley,429800.758,4601690.649,area_weighted_polygon_centroid_in_simplified_service_area,1
company_168,36500,Agricultural,Hay/Turf,Alfalfa,Sprinkler,28.977608,2025,Cache,Bear River,Cache Valley,421035.518,4647043.365,area_weighted_polygon_centroid_in_simplified_service_area,1
company_1249,36510,Agricultural,Hay/Turf,Grass Hay,Sprinkler,3.612741,2025,Cache,Bear River,Cache Valley,434445.259,4625182.227,area_weighted_polygon_centroid_in_simplified_service_area,1
company_168,36515,Agricultural,Hay/Turf,Alfalfa,Wheel,18.160537,2025,Cache,Bear River,Cache Valley,422006.126,4646975.522,area_weighted_polygon_centroid_in_simplified_service_area,1
company_132,36532,Agricultural,Hay/Turf,Grass Hay,Sprinkler,2.545974,2025,Cache,Bear River,Cache Valley,430151.073,4603400.172,area_weighted_polygon_centroid_in_simplified_service_area,1
company_132,36561,Agricultural,Hay/Turf,Alfalfa,Pivot,17.65986,2025,Cache,Bear River,Cache Valley,431675.682,4598800.113,area_weighted_polygon_centroid_in_simplified_service_area,1
company_130,36579,Agricultural,Hay/Turf,Alfalfa,Sprinkler,13.769242,2025,Cache,Bear River,Cache Valley,430215.06,4603208.032,area_weighted_polygon_centroid_in_simplified_service_area,1
company_168,36606,Agricultural,Hay/Turf,Alfalfa,Sprinkler,17.76244,2025,Cache,Bear River,Cache Valley,419591.7,4647245.607,area_weighted_polygon_centroid_in_simplified_service_area,1
company_168,36612,Agricultural,Hay/Turf,Alfalfa,Pivot,29.296529,2025,Cache,Bear River,Cache Valley,421222.644,4642075.61,area_weighted_polygon_centroid_in_simplified_service_area,1
company_164,36676,Agricultural,Hay/Turf,Alfalfa,Wheel,10.242626,2025,Cache,Bear River,Cache Valley,423385.15,4613335.674,area_weighted_polygon_centroid_in_simplified_service_area,1
company_136,36689,Agricultural,Hay/Turf,Alfalfa,Sprinkler,0.777842,2025,Cache,Bear River,Cache Valley,430993.314,4618878.325,area_weighted_polygon_centroid_in_simplified_service_area,1
company_164,36696,Agricultural,Hay/Turf,Alfalfa,Sprinkler,5.832541,2025,Cache,Bear River,Cache Valley,424437.354,4611580.458,area_weighted_polygon_centroid_in_simplified_service_area,1
company_1249,36704,Agricultural,Hay/Turf,Alfalfa,Wheel,5.15437,2025,Cache,Bear River,Cache Valley,433253.839,4629242.779,area_weighted_polygon_centroid_in_simplified_service_area,1
company_1249,36749,Agricultural,Hay/Turf,Alfalfa,Sprinkler,0.48718,2025,Cache,Bear River,Cache Valley,432967.817,4628342.599,area_weighted_polygon_centroid_in_simplified_service_area,1
company_168,36794,Agricultural,Hay/Turf,Alfalfa,Sprinkler,1.580313,2025,Cache,Bear River,Cache Valley,424267.625,4639605.763,area_weighted_polygon_centroid_in_simplified_service_area,1
company_1249,36823,Agricultural,Hay/Turf,Alfalfa,Wheel,42.315003,2025,Cache,Bear River,Cache Valley,433544.326,4625980.944,area_weighted_polygon_centroid_in_simplified_service_area,1
company_1249,36853,Agricultural,Hay/Turf,Alfalfa,Sprinkler,2.306424,2025,Cache,Bear River,Cache Valley,432896.35,4624031.386,area_weighted_polygon_centroid_in_simplified_service_area,1
company_130,36895,Agricultural,Hay/Turf,Alfalfa,Wheel,23.348954,2025,Cache,Bear River,Cache Valley,429559.773,4602614.874,area_weighted_polygon_centroid_in_simplified_service_area,1
company_130,37007,Agricultural,Hay/Turf,Alfalfa,Sprinkler,26.231867,2025,Cache,Bear River,Cache Valley,430193.03,4605990.675,area_weighted_polygon_centroid_in_simplified_service_area,1
company_168,37033,Agricultural,Hay/Turf,Grass Hay,Pivot,15.627041,2025,Cache,Bear River,Cache Valley,419489.44,4645514.697,area_weighted_polygon_centroid_in_simplified_service_area,1
company_168,37038,Agricultural,Hay/Turf,Alfalfa,Wheel,26.758296,2025,Cache,Bear River,Cache Valley,426216.482,4637342.206,area_weighted_polygon_centroid_in_simplified_service_area,1
company_1249,37052,Agricultural,Hay/Turf,Alfalfa,Sprinkler,2.228452,2025,Cache,Bear River,Cache Valley,433565.738,4627400.143,area_weighted_polygon_centroid_in_simplified_service_area,1
company_168,37065,Agricultural,Hay/Turf,Alfalfa,Wheel,5.691636,2025,Cache,Bear River,Cache Valley,422104.041,4638633.369,area_weighted_polygon_centroid_in_simplified_service_area,1
company_168,37172,Agricultural,Hay/Turf,Alfalfa,Wheel,4.791417,2025,Cache,Bear River,Cache Valley,426156.847,4638716.333,area_weighted_polygon_centroid_in_simplified_service_area,1
company_1249,37189,Agricultural,Hay/Turf,Alfalfa,Sprinkler,12.015101,2025,Cache,Bear River,Cache Valley,433798.858,4626615.75,area_weighted_polygon_centroid_in_simplified_service_area,1
company_1249,37194,Agricultural,Hay/Turf,Alfalfa,Sprinkler,11.726171,2025,Cache,Bear River,Cache Valley,432754.653,4631994.682,area_weighted_polygon_centroid_in_simplified_service_area,1
company_168,37195,Agricultural,Hay/Turf,Alfalfa,Sprinkler,5.054853,2025,Cache,Bear River,Cache Valley,425991.399,4633115.868,area_weighted_polygon_centroid_in_simplified_service_area,1
company_168,37224,Agricultural,Hay/Turf,Alfalfa,Pivot,27.161746,2025,Cache,Bear River,Cache Valley,424339.899,4638031.378,area_weighted_polygon_centroid_in_simplified_service_area,1
company_168,37238,Agricultural,Hay/Turf,Alfalfa,Sprinkler,1.892256,2025,Cache,Bear River,Cache Valley,427409.407,4637366.093,area_weighted_polygon_centroid_in_simplified_service_area,1
company_1249,37249,Agricultural,Hay/Turf,Grass Hay,Sprinkler,2.623667,2025,Cache,Bear River,Cache Valley,433833.175,4625417.011,area_weighted_polygon_centroid_in_simplified_service_area,1
company_168,37258,Agricultural,Hay/Turf,Alfalfa,Wheel,15.929835,2025,Cache,Bear River,Cache Valley,425389.237,4636379.112,area_weighted_polygon_centroid_in_simplified_service_area,1
company_168,37278,Agricultural,Hay/Turf,Alfalfa,Sprinkler,32.005136,2025,Cache,Bear River,Cache Valley,419985.167,4632346.975,area_weighted_polygon_centroid_in_simplified_service_area,1
company_168,37292,Agricultural,Hay/Turf,Alfalfa,Sprinkler,12.131484,2025,Cache,Bear River,Cache Valley,425938.157,4635424.542,area_weighted_polygon_centroid_in_simplified_service_area,1
company_130,37294,Agricultural,Hay/Turf,Grass Hay,Wheel,5.275183,2025,Cache,Bear River,Cache Valley,431081.623,4600129.129,area_weighted_polygon_centroid_in_simplified_service_area,1
company_130,37306,Agricultural,Hay/Turf,Grass Hay,Sprinkler,12.184409,2025,Cache,Bear River,Cache Valley,430220.977,4601355.549,area_weighted_polygon_centroid_in_simplified_service_area,1
company_168,37310,Agricultural,Hay/Turf,Alfalfa,Wheel,18.548678,2025,Cache,Bear River,Cache Valley,426535.111,4638849.763,area_weighted_polygon_centroid_in_simplified_service_area,1
company_132,37342,Agricultural,Hay/Turf,Alfalfa,Sprinkler,9.060676,2025,Cache,Bear River,Cache Valley,431957.406,4601100.995,area_weighted_polygon_centroid_in_simplified_service_area,1
company_168,37353,Agricultural,Hay/Turf,Alfalfa,Wheel,10.865442,2025,Cache,Bear River,Cache Valley,418014.02,4633945.205,area_weighted_polygon_centroid_in_simplified_service_area,1
company_168,37414,Agricultural,Hay/Turf,Alfalfa,Wheel,23.725057,2025,Cache,Bear River,Cache Valley,426915.362,4636457.91,area_weighted_polygon_centroid_in_simplified_service_area,1
company_168,37504,Agricultural,Hay/Turf,Alfalfa,Wheel,24.153616,2025,Cache,Bear River,Cache Valley,422169.798,4642454.11,area_weighted_polygon_centroid_in_simplified_service_area,1
company_168,37568,Agricultural,Hay/Turf,Alfalfa,Sprinkler,12.383535,2025,Cache,Bear River,Cache Valley,423668.38,4638410.531,area_weighted_polygon_centroid_in_simplified_service_area,1
company_088,37571,Agricultural,Hay/Turf,Alfalfa,Sprinkler,2.397213,2025,Cache,Bear River,Cache Valley,430417.901,4606241.106,area_weighted_polygon_centroid_in_simplified_service_area,1
company_168,37662,Agricultural,Hay/Turf,Alfalfa,Wheel,32.635079,2025,Cache,Bear River,Cache Valley,422850.594,4640599.109,area_weighted_polygon_centroid_in_simplified_service_area,1
company_132,37677,Agricultural,Hay/Turf,Alfalfa,Sprinkler,3.901375,2025,Cache,Bear River,Cache Valley,432097.277,4605471.039,area_weighted_polygon_centroid_in_simplified_service_area,1
company_130,37695,Agricultural,Hay/Turf,Grass Hay,Sprinkler,0.846807,2025,Cache,Bear River,Cache Valley,429369.903,4603805.149,area_weighted_polygon_centroid_in_simplified_service_area,1
company_130,37779,Agricultural,Hay/Turf,Alfalfa,Sprinkler,10.518387,2025,Cache,Bear River,Cache Valley,429301.966,4603945.541,area_weighted_polygon_centroid_in_simplified_service_area,1
company_1249,37785,Agricultural,Hay/Turf,Alfalfa,Sprinkler,6.508966,2025,Cache,Bear River,Cache Valley,432841.957,4628992.28,area_weighted_polygon_centroid_in_simplified_service_area,1
company_168,37789,Agricultural,Hay/Turf,Alfalfa,Wheel,20.582526,2025,Cache,Bear River,Cache Valley,426943.525,4636720.503,area_weighted_polygon_centroid_in_simplified_service_area,1
company_168,37905,Agricultural,Hay/Turf,Alfalfa,Wheel,22.300169,2025,Cache,Bear River,Cache Valley,421478.24,4646346.399,area_weighted_polygon_centroid_in_simplified_service_area,1
company_130,37934,Agricultural,Hay/Turf,Alfalfa,Sprinkler,7.393689,2025,Cache,Bear River,Cache Valley,431171.244,4600688.212,area_weighted_polygon_centroid_in_simplified_service_area,1
company_168,37947,Agricultural,Hay/Turf,Alfalfa,Sprinkler,0.425472,2025,Cache,Bear River,Cache Valley,424070.711,4639461.021,area_weighted_polygon_centroid_in_simplified_service_area,1
company_1249,37953,Agricultural,Hay/Turf,Grass Hay,Sprinkler,1.993078,2025,Cache,Bear River,Cache Valley,432997.632,4626874.815,area_weighted_polygon_centroid_in_simplified_service_area,1
company_168,37987,Agricultural,Hay/Turf,Alfalfa,Sprinkler,3.893537,2025,Cache,Bear River,Cache Valley,426015.628,4638112.324,area_weighted_polygon_centroid_in_simplified_service_area,1
company_168,38009,Agricultural,Hay/Turf,Alfalfa,Sprinkler,4.474798,2025,Cache,Bear River,Cache Valley,420412.564,4642546.584,area_weighted_polygon_centroid_in_simplified_service_area,1
company_164,38018,Agricultural,Hay/Turf,Alfalfa,Sprinkler,0.582626,2025,Cache,Bear River,Cache Valley,425175.034,4609766.085,area_weighted_polygon_centroid_in_simplified_service_area,1
company_130,38022,Agricultural,Hay/Turf,Alfalfa,Sprinkler,1.017188,2025,Cache,Bear River,Cache Valley,430534.734,4602787.644,area_weighted_polygon_centroid_in_simplified_service_area,1
company_132,38043,Agricultural,Hay/Turf,Alfalfa,Pivot,42.728844,2025,Cache,Bear River,Cache Valley,431645.979,4605182.558,area_weighted_polygon_centroid_in_simplified_service_area,1
company_168,38108,Agricultural,Hay/Turf,Alfalfa,Wheel,15.751298,2025,Cache,Bear River,Cache Valley,426857.479,4638823.671,area_weighted_polygon_centroid_in_simplified_service_area,1
company_164,38155,Agricultural,Hay/Turf,Alfalfa,Sprinkler,1.698707,2025,Cache,Bear River,Cache Valley,423787.905,4611620.988,area_weighted_polygon_centroid_in_simplified_service_area,1
company_168,38161,Agricultural,Hay/Turf,Grass Hay,Sprinkler,7.382268,2025,Cache,Bear River,Cache Valley,419968.538,4633115.357,area_weighted_polygon_centroid_in_simplified_service_area,1
company_168,38200,Agricultural,Hay/Turf,Alfalfa,Sprinkler,11.508179,2025,Cache,Bear River,Cache Valley,421458.721,4639750.276,area_weighted_polygon_centroid_in_simplified_service_area,1
company_168,38229,Agricultural,Hay/Turf,Alfalfa,Wheel,13.412172,2025,Cache,Bear River,Cache Valley,423789.583,4640371.084,area_weighted_polygon_centroid_in_simplified_service_area,1
company_1249,38283,Agricultural,Hay/Turf,Alfalfa,Sprinkler,0.992513,2025,Cache,Bear River,Cache Valley,433347.742,4629336.842,area_weighted_polygon_centroid_in_simplified_service_area,1
company_088,38317,Agricultural,Hay/Turf,Grass Hay,Sprinkler,12.602173,2025,Cache,Bear River,Cache Valley,431959.527,4597237.053,area_weighted_polygon_centroid_in_simplified_service_area,1
company_130,38351,Agricultural,Hay/Turf,Grass Hay,Sprinkler,0.684251,2025,Cache,Bear River,Cache Valley,430582.995,4601382.866,area_weighted_polygon_centroid_in_simplified_service_area,1
company_168,38421,Agricultural,Hay/Turf,Alfalfa,Sprinkler,17.473223,2025,Cache,Bear River,Cache Valley,421480.019,4639222.616,area_weighted_polygon_centroid_in_simplified_service_area,1
company_088,38427,Agricultural,Hay/Turf,Alfalfa,Sprinkler,3.23937,2025,Cache,Bear River,Cache Valley,431167.863,4606999.146,area_weighted_polygon_centroid_in_simplified_service_area,1
company_088,38443,Agricultural,Hay/Turf,Alfalfa,Sprinkler,10.504747,2025,Cache,Bear River,Cache Valley,429928.59,4606469.261,area_weighted_polygon_centroid_in_simplified_service_area,1
company_130,38449,Agricultural,Hay/Turf,Alfalfa,Sprinkler,4.263928,2025,Cache,Bear River,Cache Valley,430246.833,4605388.987,area_weighted_polygon_centroid_in_simplified_service_area,1
company_132,38484,Agricultural,Hay/Turf,Alfalfa,Pivot,40.405119,2025,Cache,Bear River,Cache Valley,430597.647,4604018.823,area_weighted_polygon_centroid_in_simplified_service_area,1
company_168,38492,Agricultural,Hay/Turf,Alfalfa,Sprinkler,6.223113,2025,Cache,Bear River,Cache Valley,420752.548,4645931.171,area_weighted_polygon_centroid_in_simplified_service_area,1
company_168,38546,Agricultural,Hay/Turf,Alfalfa,Sprinkler,10.853157,2025,Cache,Bear River,Cache Valley,420605.041,4643508.479,area_weighted_polygon_centroid_in_simplified_service_area,1
company_168,38562,Agricultural,Hay/Turf,Alfalfa,Pivot,17.318682,2025,Cache,Bear River,Cache Valley,422099.815,4642116.923,area_weighted_polygon_centroid_in_simplified_service_area,1
company_132,38563,Agricultural,Hay/Turf,Alfalfa,Sprinkler,9.707021,2025,Cache,Bear River,Cache Valley,431800.163,4601508.119,area_weighted_polygon_centroid_in_simplified_service_area,1
company_168,38594,Agricultural,Hay/Turf,Alfalfa,Pivot,20.087365,2025,Cache,Bear River,Cache Valley,420889.217,4633948.537,area_weighted_polygon_centroid_in_simplified_service_area,1
company_168,38607,Agricultural,Hay/Turf,Alfalfa,Pivot,16.674914,2025,Cache,Bear River,Cache Valley,420451.747,4646897.765,area_weighted_polygon_centroid_in_simplified_service_area,1
company_088,38623,Agricultural,Hay/Turf,Alfalfa,Sprinkler,4.588742,2025,Cache,Bear River,Cache Valley,427518.975,4610431.528,area_weighted_polygon_centroid_in_simplified_service_area,1
company_1249,38641,Agricultural,Hay/Turf,Alfalfa,Wheel,16.282539,2025,Cache,Bear River,Cache Valley,432225.555,4630341.428,area_weighted_polygon_centroid_in_simplified_service_area,1
company_164,38665,Agricultural,Hay/Turf,Alfalfa,Sprinkler,17.738141,2025,Cache,Bear River,Cache Valley,425534.738,4611971.283,area_weighted_polygon_centroid_in_simplified_service_area,1
company_168,38668,Agricultural,Hay/Turf,Alfalfa,Pivot,37.41411,2025,Cache,Bear River,Cache Valley,418845.874,4631932.219,area_weighted_polygon_centroid_in_simplified_service_area,1
company_106,38693,Agricultural,Hay/Turf,Alfalfa,Wheel,8.605222,2025,Cache,Bear River,Cache Valley,425210.862,4616946.048,area_weighted_polygon_centroid_in_simplified_service_area,1
company_132,38709,Agricultural,Hay/Turf,Alfalfa,Wheel,27.831933,2025,Cache,Bear River,Cache Valley,430435.107,4603264.229,area_weighted_polygon_centroid_in_simplified_service_area,1
company_168,38730,Agricultural,Hay/Turf,Alfalfa,Sprinkler,11.972564,2025,Cache,Bear River,Cache Valley,424823.114,4639555.7,area_weighted_polygon_centroid_in_simplified_service_area,1
company_130,38890,Agricultural,Hay/Turf,Grass Hay,Sprinkler,2.773381,2025,Cache,Bear River,Cache Valley,429913.923,4603968.531,area_weighted_polygon_centroid_in_simplified_service_area,1
company_168,38933,Agricultural,Hay/Turf,Alfalfa,Sprinkler,9.901783,2025,Cache,Bear River,Cache Valley,423606.683,4641597.552,area_weighted_polygon_centroid_in_simplified_service_area,1
company_168,38959,Agricultural,Hay/Turf,Alfalfa,Wheel,16.764805,2025,Cache,Bear River,Cache Valley,426706.582,4636432.096,area_weighted_polygon_centroid_in_simplified_service_area,1
company_168,38984,Agricultural,Hay/Turf,Alfalfa,Sprinkler,0.676787,2025,Cache,Bear River,Cache Valley,417699.72,4633358.065,area_weighted_polygon_centroid_in_simplified_service_area,1
company_168,39017,Agricultural,Hay/Turf,Alfalfa,Sprinkler,10.833344,2025,Cache,Bear River,Cache Valley,421465.517,4639547.078,area_weighted_polygon_centroid_in_simplified_service_area,1
company_132,39018,Agricultural,Hay/Turf,Grass Hay,Sprinkler,2.661557,2025,Cache,Bear River,Cache Valley,430590.112,4600251.158,area_weighted_polygon_centroid_in_simplified_service_area,1
company_130,39037,Agricultural,Hay/Turf,Alfalfa,Sprinkler,1.459514,2025,Cache,Bear River,Cache Valley,431307.581,4598749.789,area_weighted_polygon_centroid_in_simplified_service_area,1
company_168,39060,Agricultural,Hay/Turf,Alfalfa,Wheel,3.42185,2025,Cache,Bear River,Cache Valley,421920.878,4641231.611,area_weighted_polygon_centroid_in_simplified_service_area,1
company_130,39071,Agricultural,Hay/Turf,Grass Hay,Wheel,10.581463,2025,Cache,Bear River,Cache Valley,431581.148,4598461.49,area_weighted_polygon_centroid_in_simplified_service_area,1
company_168,39092,Agricultural,Hay/Turf,Grass Hay,Wheel,10.894135,2025,Cache,Bear River,Cache Valley,422454.892,4637900.429,area_weighted_polygon_centroid_in_simplified_service_area,1
company_130,39105,Agricultural,Hay/Turf,Grass Hay,Sprinkler,7.968977,2025,Cache,Bear River,Cache Valley,430539.982,4600777.995,area_weighted_polygon_centroid_in_simplified_service_area,1
company_130,39191,Agricultural,Hay/Turf,Alfalfa,Sprinkler,13.145801,2025,Cache,Bear River,Cache Valley,429185.317,4604369.974,area_weighted_polygon_centroid_in_simplified_service_area,1
company_088,39210,Agricultural,Hay/Turf,Alfalfa,Sprinkler,5.825527,2025,Cache,Bear River,Cache Valley,426234.471,4610660.017,area_weighted_polygon_centroid_in_simplified_service_area,1
company_130,39225,Agricultural,Hay/Turf,Alfalfa,Sprinkler,3.167345,2025,Cache,Bear River,Cache Valley,430769.973,4602848.615,area_weighted_polygon_centroid_in_simplified_service_area,1
company_1249,39249,Agricultural,Hay/Turf,Alfalfa,Sprinkler,1.176468,2025,Cache,Bear River,Cache Valley,433810.047,4624828.334,area_weighted_polygon_centroid_in_simplified_service_area,1
company_168,39259,Agricultural,Hay/Turf,Alfalfa,Wheel,4.844112,2025,Cache,Bear River,Cache Valley,421311.119,4647437.504,area_weighted_polygon_centroid_in_simplified_service_area,1
company_168,39264,Agricultural,Hay/Turf,Alfalfa,Wheel,13.797935,2025,Cache,Bear River,Cache Valley,426374.657,4637885.337,area_weighted_polygon_centroid_in_simplified_service_area,1
company_168,39266,Agricultural,Hay/Turf,Alfalfa,Sprinkler,13.414142,2025,Cache,Bear River,Cache Valley,424530.003,4640195.016,area_weighted_polygon_centroid_in_simplified_service_area,1
company_164,39314,Agricultural,Hay/Turf,Alfalfa,Wheel,13.614046,2025,Cache,Bear River,Cache Valley,423610.119,4613594.106,area_weighted_polygon_centroid_in_simplified_service_area,1
company_168,39380,Agricultural,Hay/Turf,Alfalfa,Wheel,9.749251,2025,Cache,Bear River,Cache Valley,420681.17,4643014.081,area_weighted_polygon_centroid_in_simplified_service_area,1
company_168,39395,Agricultural,Hay/Turf,Alfalfa,Sprinkler,1.724511,2025,Cache,Bear River,Cache Valley,424212.928,4638899.52,area_weighted_polygon_centroid_in_simplified_service_area,1
company_168,39418,Agricultural,Hay/Turf,Alfalfa,Pivot,26.381359,2025,Cache,Bear River,Cache Valley,426393.991,4635944.064,area_weighted_polygon_centroid_in_simplified_service_area,1
company_088,39423,Agricultural,Hay/Turf,Alfalfa,Sprinkler,12.463819,2025,Cache,Bear River,Cache Valley,427308.484,4610465.873,area_weighted_polygon_centroid_in_simplified_service_area,1
company_1249,39460,Agricultural,Hay/Turf,Alfalfa,Sprinkler,4.695384,2025,Cache,Bear River,Cache Valley,433051.461,4627014.75,area_weighted_polygon_centroid_in_simplified_service_area,1
company_088,39475,Agricultural,Hay/Turf,Alfalfa,Sprinkler,1.334668,2025,Cache,Bear River,Cache Valley,430282.98,4608918.423,area_weighted_polygon_centroid_in_simplified_service_area,1
company_130,39496,Agricultural,Hay/Turf,Grass Hay,Sprinkler,6.997817,2025,Cache,Bear River,Cache Valley,429623.775,4601650.545,area_weighted_polygon_centroid_in_simplified_service_area,1
company_164,39511,Agricultural,Hay/Turf,Alfalfa,Wheel,23.660976,2025,Cache,Bear River,Cache Valley,424230.597,4610158.633,area_weighted_polygon_centroid_in_simplified_service_area,1
company_1249,39525,Agricultural,Hay/Turf,Alfalfa,Sprinkler,1.299962,2025,Cache,Bear River,Cache Valley,432612.966,4631938.636,area_weighted_polygon_centroid_in_simplified_service_area,1
company_168,39557,Agricultural,Hay/Turf,Alfalfa,Sprinkler,2.808665,2025,Cache,Bear River,Cache Valley,421513.679,4641199.065,area_weighted_polygon_centroid_in_simplified_service_area,1
company_132,39558,Agricultural,Hay/Turf,Alfalfa,Wheel,28.235809,2025,Cache,Bear River,Cache Valley,430680.959,4604528.197,area_weighted_polygon_centroid_in_simplified_service_area,1
company_1249,39625,Agricultural,Hay/Turf,Alfalfa,Sprinkler,2.917525,2025,Cache,Bear River,Cache Valley,434048.593,4625324.218,area_weighted_polygon_centroid_in_simplified_service_area,1
company_168,39663,Agricultural,Hay/Turf,Alfalfa,Wheel,7.232031,2025,Cache,Bear River,Cache Valley,419414.357,4647606.214,area_weighted_polygon_centroid_in_simplified_service_area,1
company_168,39696,Agricultural,Hay/Turf,Alfalfa,Sprinkler,1.375653,2025,Cache,Bear River,Cache Valley,426100.003,4637670.976,area_weighted_polygon_centroid_in_simplified_service_area,1
company_168,39710,Agricultural,Hay/Turf,Alfalfa,Wheel,10.065528,2025,Cache,Bear River,Cache Valley,422805.852,4638269.778,area_weighted_polygon_centroid_in_simplified_service_area,1
company_130,39717,Agricultural,Hay/Turf,Alfalfa,Sprinkler,19.273262,2025,Cache,Bear River,Cache Valley,429711.303,4605282.462,area_weighted_polygon_centroid_in_simplified_service_area,1
company_164,39767,Agricultural,Hay/Turf,Grass Hay,Sprinkler,2.109859,2025,Cache,Bear River,Cache Valley,423613.041,4610003.285,area_weighted_polygon_centroid_in_simplified_service_area,1
company_132,39814,Agricultural,Hay/Turf,Alfalfa,Pivot,44.914333,2025,Cache,Bear River,Cache Valley,431704.538,4604809.824,area_weighted_polygon_centroid_in_simplified_service_area,1
company_168,39825,Agricultural,Hay/Turf,Alfalfa,Wheel,28.663034,2025,Cache,Bear River,Cache Valley,424006.755,4638351.876,area_weighted_polygon_centroid_in_simplified_service_area,1
company_168,39863,Agricultural,Hay/Turf,Alfalfa,Wheel,21.75451,2025,Cache,Bear River,Cache Valley,422163.158,4638838.949,area_weighted_polygon_centroid_in_simplified_service_area,1
company_130,39869,Agricultural,Hay/Turf,Grass Hay,Wheel,10.740612,2025,Cache,Bear River,Cache Valley,429943.061,4603681.129,area_weighted_polygon_centroid_in_simplified_service_area,1
company_130,39888,Agricultural,Hay/Turf,Alfalfa,Sprinkler,14.43993,2025,Cache,Bear River,Cache Valley,430100.678,4604881.623,area_weighted_polygon_centroid_in_simplified_service_area,1
company_130,39893,Agricultural,Hay/Turf,Grass Hay,Sprinkler,1.337415,2025,Cache,Bear River,Cache Valley,430995.441,4600061.028,area_weighted_polygon_centroid_in_simplified_service_area,1
company_168,39924,Agricultural,Hay/Turf,Alfalfa,Sprinkler,7.794836,2025,Cache,Bear River,Cache Valley,422407.997,4643345.291,area_weighted_polygon_centroid_in_simplified_service_area,1
company_1249,39987,Agricultural,Hay/Turf,Alfalfa,Sprinkler,9.534251,2025,Cache,Bear River,Cache Valley,432942.011,4623349.448,area_weighted_polygon_centroid_in_simplified_service_area,1
company_168,40027,Agricultural,Hay/Turf,Alfalfa,Sprinkler,21.414778,2025,Cache,Bear River,Cache Valley,418606.075,4633244.192,area_weighted_polygon_centroid_in_simplified_service_area,1
company_088,40040,Agricultural,Hay/Turf,Alfalfa,Sprinkler,9.940751,2025,Cache,Bear River,Cache Valley,430870.846,4606877.699,area_weighted_polygon_centroid_in_simplified_service_area,1
company_168,40050,Agricultural,Hay/Turf,Alfalfa,Pivot,25.198108,2025,Cache,Bear River,Cache Valley,419032.596,4631657.716,area_weighted_polygon_centroid_in_simplified_service_area,1
company_168,40081,Agricultural,Hay/Turf,Alfalfa,Sprinkler,7.837276,2025,Cache,Bear River,Cache Valley,420651.942,4645669.889,area_weighted_polygon_centroid_in_simplified_service_area,1
company_164,40115,Agricultural,Hay/Turf,Alfalfa,Wheel,1.999031,2025,Cache,Bear River,Cache Valley,425327.655,4609897.978,area_weighted_polygon_centroid_in_simplified_service_area,1
company_164,40148,Agricultural,Hay/Turf,Alfalfa,Sprinkler,2.342819,2025,Cache,Bear River,Cache Valley,424297.183,4614079.42,area_weighted_polygon_centroid_in_simplified_service_area,1
company_130,40149,Agricultural,Hay/Turf,Alfalfa,Wheel,10.574008,2025,Cache,Bear River,Cache Valley,429418.404,4604375.656,area_weighted_polygon_centroid_in_simplified_service_area,1
company_106,40156,Agricultural,Hay/Turf,Alfalfa,Sprinkler,6.547336,2025,Cache,Bear River,Cache Valley,425754.582,4618581.143,area_weighted_polygon_centroid_in_simplified_service_area,1
company_130,40173,Agricultural,Hay/Turf,Alfalfa,Sprinkler,1.837288,2025,Cache,Bear River,Cache Valley,429301.816,4606166.024,area_weighted_polygon_centroid_in_simplified_service_area,1
company_168,40189,Agricultural,Hay/Turf,Alfalfa,Pivot,10.29388,2025,Cache,Bear River,Cache Valley,419120.875,4632110.943,area_weighted_polygon_centroid_in_simplified_service_area,1
company_130,40193,Agricultural,Hay/Turf,Alfalfa,Sprinkler,9.118891,2025,Cache,Bear River,Cache Valley,430689.766,4599931.815,area_weighted_polygon_centroid_in_simplified_service_area,1
company_132,40195,Agricultural,Hay/Turf,Alfalfa,Sprinkler,2.74014,2025,Cache,Bear River,Cache Valley,432789.638,4608432.043,area_weighted_polygon_centroid_in_simplified_service_area,1
company_130,40375,Agricultural,Hay/Turf,Grass Hay,Sprinkler,1.318278,2025,Cache,Bear River,Cache Valley,429809.037,4602381.271,area_weighted_polygon_centroid_in_simplified_service_area,1
company_132,40381,Agricultural,Hay/Turf,Alfalfa,Sprinkler,34.115851,2025,Cache,Bear River,Cache Valley,430415.229,4603623.553,area_weighted_polygon_centroid_in_simplified_service_area,1
company_130,40418,Agricultural,Hay/Turf,Alfalfa,Sprinkler,5.438432,2025,Cache,Bear River,Cache Valley,429966.98,4601631.601,area_weighted_polygon_centroid_in_simplified_service_area,1
company_168,40495,Agricultural,Hay/Turf,Alfalfa,Wheel,35.79005,2025,Cache,Bear River,Cache Valley,426125.417,4638427.599,area_weighted_polygon_centroid_in_simplified_service_area,1
company_168,40504,Agricultural,Hay/Turf,Grass Hay,Sprinkler,1.275731,2025,Cache,Bear River,Cache Valley,424635.186,4637875.472,area_weighted_polygon_centroid_in_simplified_service_area,1
company_130,40506,Agricultural,Hay/Turf,Alfalfa,Sprinkler,3.419261,2025,Cache,Bear River,Cache Valley,429974.001,4603311.869,area_weighted_polygon_centroid_in_simplified_service_area,1
company_1249,40530,Agricultural,Hay/Turf,Alfalfa,Sprinkler,1.168567,2025,Cache,Bear River,Cache Valley,432809.874,4624721.024,area_weighted_polygon_centroid_in_simplified_service_area,1
company_168,40614,Agricultural,Hay/Turf,Alfalfa,Sprinkler,4.303636,2025,Cache,Bear River,Cache Valley,424305.834,4631842.494,area_weighted_polygon_centroid_in_simplified_service_area,1
company_168,40643,Agricultural,Hay/Turf,Grass Hay,Sprinkler,1.363005,2025,Cache,Bear River,Cache Valley,423635.224,4640502.378,area_weighted_polygon_centroid_in_simplified_service_area,1
company_168,40645,Agricultural,Hay/Turf,Alfalfa,Wheel,27.670023,2025,Cache,Bear River,Cache Valley,425346.522,4637303.368,area_weighted_polygon_centroid_in_simplified_service_area,1
company_168,40651,Agricultural,Hay/Turf,Alfalfa,Sprinkler,24.926463,2025,Cache,Bear River,Cache Valley,417569.097,4632722.29,area_weighted_polygon_centroid_in_simplified_service_area,1
company_130,40661,Agricultural,Hay/Turf,Grass Hay,Sprinkler,1.827793,2025,Cache,Bear River,Cache Valley,431295.976,4598661.487,area_weighted_polygon_centroid_in_simplified_service_area,1
company_168,40741,Agricultural,Hay/Turf,Alfalfa,Wheel,4.987299,2025,Cache,Bear River,Cache Valley,423134.548,4638179.727,area_weighted_polygon_centroid_in_simplified_service_area,1
company_132,40749,Agricultural,Hay/Turf,Alfalfa,Sprinkler,7.439751,2025,Cache,Bear River,Cache Valley,430224.899,4604288.089,area_weighted_polygon_centroid_in_simplified_service_area,1
company_1249,40763,Agricultural,Hay/Turf,Alfalfa,Sprinkler,4.79305,2025,Cache,Bear River,Cache Valley,433362.339,4625591.054,area_weighted_polygon_centroid_in_simplified_service_area,1
company_130,40785,Agricultural,Hay/Turf,Grass Hay,Sprinkler,4.810611,2025,Cache,Bear River,Cache Valley,429393.512,4605832.757,area_weighted_polygon_centroid_in_simplified_service_area,1
company_168,40833,Agricultural,Hay/Turf,Alfalfa,Wheel,15.613508,2025,Cache,Bear River,Cache Valley,422118.062,4646976.962,area_weighted_polygon_centroid_in_simplified_service_area,1
company_130,40842,Agricultural,Hay/Turf,Grass Hay,Sprinkler,4.80681,2025,Cache,Bear River,Cache Valley,429458.983,4605189.138,area_weighted_polygon_centroid_in_simplified_service_area,1
company_132,40871,Agricultural,Hay/Turf,Alfalfa,Sprinkler,14.384591,2025,Cache,Bear River,Cache Valley,431709.98,4603462.925,area_weighted_polygon_centroid_in_simplified_service_area,1
company_130,40878,Agricultural,Hay/Turf,Alfalfa,Wheel,16.847369,2025,Cache,Bear River,Cache Valley,431231.254,4599930.476,area_weighted_polygon_centroid_in_simplified_service_area,1
company_168,40942,Agricultural,Hay/Turf,Alfalfa,Sprinkler,4.066014,2025,Cache,Bear River,Cache Valley,426294.588,4632895.089,area_weighted_polygon_centroid_in_simplified_service_area,1
company_168,40963,Agricultural,Hay/Turf,Alfalfa,Sprinkler,20.631868,2025,Cache,Bear River,Cache Valley,420281.248,4632390.699,area_weighted_polygon_centroid_in_simplified_service_area,1
company_168,40967,Agricultural,Hay/Turf,Alfalfa,Pivot,10.855717,2025,Cache,Bear River,Cache Valley,427372.36,4637806.47,area_weighted_polygon_centroid_in_simplified_service_area,1
company_130,40975,Agricultural,Hay/Turf,Alfalfa,Sprinkler,18.954751,2025,Cache,Bear River,Cache Valley,429558.556,4602147.702,area_weighted_polygon_centroid_in_simplified_service_area,1
company_168,40983,Agricultural,Hay/Turf,Alfalfa,Wheel,15.63685,2025,Cache,Bear River,Cache Valley,427071.367,4636984.668,area_weighted_polygon_centroid_in_simplified_service_area,1
company_168,41020,Agricultural,Hay/Turf,Alfalfa,Sprinkler,3.235933,2025,Cache,Bear River,Cache Valley,417806.137,4633387.917,area_weighted_polygon_centroid_in_simplified_service_area,1
company_130,41035,Agricultural,Hay/Turf,Alfalfa,Wheel,15.520602,2025,Cache,Bear River,Cache Valley,431345.118,4600296.755,area_weighted_polygon_centroid_in_simplified_service_area,1
company_168,41085,Agricultural,Hay/Turf,Alfalfa,Sprinkler,11.354051,2025,Cache,Bear River,Cache Valley,418005.124,4633743.659,area_weighted_polygon_centroid_in_simplified_service_area,1
company_1249,41142,Agricultural,Hay/Turf,Alfalfa,Sprinkler,2.867604,2025,Cache,Bear River,Cache Valley,433220.648,4626761.143,area_weighted_polygon_centroid_in_simplified_service_area,1
company_168,41159,Agricultural,Hay/Turf,Alfalfa,Sprinkler,2.379171,2025,Cache,Bear River,Cache Valley,420787.703,4643388.456,area_weighted_polygon_centroid_in_simplified_service_area,1
company_130,41184,Agricultural,Hay/Turf,Alfalfa,Wheel,16.542826,2025,Cache,Bear River,Cache Valley,429679.583,4604591.282,area_weighted_polygon_centroid_in_simplified_service_area,1
company_130,41204,Agricultural,Hay/Turf,Alfalfa,Sprinkler,21.31304,2025,Cache,Bear River,Cache Valley,430651.8,4605910.089,area_weighted_polygon_centroid_in_simplified_service_area,1
company_130,41209,Agricultural,Hay/Turf,Alfalfa,Wheel,16.099136,2025,Cache,Bear River,Cache Valley,429527.973,4601821.085,area_weighted_polygon_centroid_in_simplified_service_area,1
company_168,41218,Agricultural,Hay/Turf,Alfalfa,Sprinkler,4.429613,2025,Cache,Bear River,Cache Valley,422148.07,4637916.593,area_weighted_polygon_centroid_in_simplified_service_area,1
company_1249,41280,Agricultural,Hay/Turf,Alfalfa,Sprinkler,7.444737,2025,Cache,Bear River,Cache Valley,433064.267,4627679.93,area_weighted_polygon_centroid_in_simplified_service_area,1
company_130,41370,Agricultural,Hay/Turf,Alfalfa,Sprinkler,17.028307,2025,Cache,Bear River,Cache Valley,430362.453,4600969.692,area_weighted_polygon_centroid_in_simplified_service_area,1
company_130,41373,Agricultural,Hay/Turf,Alfalfa,Sprinkler,1.219239,2025,Cache,Bear River,Cache Valley,430174.733,4601589.553,area_weighted_polygon_centroid_in_simplified_service_area,1
company_132,41406,Agricultural,Hay/Turf,Alfalfa,Wheel,12.195062,2025,Cache,Bear River,Cache Valley,431965.858,4601517.366,area_weighted_polygon_centroid_in_simplified_service_area,1
company_168,41424,Agricultural,Hay/Turf,Alfalfa,Pivot,9.111605,2025,Cache,Bear River,Cache Valley,423385.93,4637695.86,area_weighted_polygon_centroid_in_simplified_service_area,1
company_130,41450,Agricultural,Hay/Turf,Grass Hay,Sprinkler,9.189957,2025,Cache,Bear River,Cache Valley,429388.555,4604196.96,area_weighted_polygon_centroid_in_simplified_service_area,1
company_168,41473,Agricultural,Hay/Turf,Alfalfa,Wheel,6.55692,2025,Cache,Bear River,Cache Valley,423043.022,4638984.625,area_weighted_polygon_centroid_in_simplified_service_area,1
company_168,41482,Agricultural,Hay/Turf,Grass Hay,Sprinkler,8.312655,2025,Cache,Bear River,Cache Valley,421971.374,4640397.196,area_weighted_polygon_centroid_in_simplified_service_area,1
company_168,41500,Agricultural,Hay/Turf,Alfalfa,Sprinkler,2.902639,2025,Cache,Bear River,Cache Valley,425769.515,4638107.798,area_weighted_polygon_centroid_in_simplified_service_area,1
company_168,41507,Agricultural,Hay/Turf,Alfalfa,Sprinkler,8.791989,2025,Cache,Bear River,Cache Valley,423472.597,4638261.596,area_weighted_polygon_centroid_in_simplified_service_area,1
company_130,41537,Agricultural,Hay/Turf,Grass Hay,Sprinkler,1.863312,2025,Cache,Bear River,Cache Valley,430656.743,4601616.125,area_weighted_polygon_centroid_in_simplified_service_area,1
company_130,41553,Agricultural,Hay/Turf,Grass Hay,Sprinkler,4.272872,2025,Cache,Bear River,Cache Valley,430719.519,4600588.486,area_weighted_polygon_centroid_in_simplified_service_area,1
company_1249,41568,Agricultural,Hay/Turf,Alfalfa,Sprinkler,25.471568,2025,Cache,Bear River,Cache Valley,433794.678,4626275.151,area_weighted_polygon_centroid_in_simplified_service_area,1
company_132,41637,Agricultural,Hay/Turf,Alfalfa,Wheel,9.611164,2025,Cache,Bear River,Cache Valley,431456.328,4601509.216,area_weighted_polygon_centroid_in_simplified_service_area,1
company_168,41655,Agricultural,Hay/Turf,Alfalfa,Wheel,8.787268,2025,Cache,Bear River,Cache Valley,425693.871,4638084.216,area_weighted_polygon_centroid_in_simplified_service_area,1
company_168,41659,Agricultural,Hay/Turf,Alfalfa,Sprinkler,10.395122,2025,Cache,Bear River,Cache Valley,421012.986,4647813.113,area_weighted_polygon_centroid_in_simplified_service_area,1
company_130,41757,Agricultural,Hay/Turf,Alfalfa,Sprinkler,1.637721,2025,Cache,Bear River,Cache Valley,429293.592,4605866.615,area_weighted_polygon_centroid_in_simplified_service_area,1
company_168,41766,Agricultural,Hay/Turf,Alfalfa,Wheel,5.977896,2025,Cache,Bear River,Cache Valley,423172.918,4638099.183,area_weighted_polygon_centroid_in_simplified_service_area,1
company_132,41775,Agricultural,Hay/Turf,Alfalfa,Pivot,17.708307,2025,Cache,Bear River,Cache Valley,431964.583,4598746.954,area_weighted_polygon_centroid_in_simplified_service_area,1
company_1249,41776,Agricultural,Hay/Turf,Alfalfa,Sprinkler,4.011338,2025,Cache,Bear River,Cache Valley,433331.781,4627038.474,area_weighted_polygon_centroid_in_simplified_service_area,1
company_1249,41784,Agricultural,Hay/Turf,Alfalfa,Sprinkler,0.178762,2025,Cache,Bear River,Cache Valley,432862.236,4624631.513,area_weighted_polygon_centroid_in_simplified_service_area,1
company_130,41852,Agricultural,Hay/Turf,Alfalfa,Sprinkler,0.781185,2025,Cache,Bear River,Cache Valley,429976.471,4602867.967,area_weighted_polygon_centroid_in_simplified_service_area,1
company_132,41865,Agricultural,Hay/Turf,Alfalfa,Sprinkler,21.860406,2025,Cache,Bear River,Cache Valley,430271.868,4603977.913,area_weighted_polygon_centroid_in_simplified_service_area,1
company_1249,41892,Agricultural,Hay/Turf,Alfalfa,Sprinkler,1.941572,2025,Cache,Bear River,Cache Valley,433387.116,4625762.083,area_weighted_polygon_centroid_in_simplified_service_area,1
company_168,41929,Agricultural,Hay/Turf,Alfalfa,Wheel,22.340667,2025,Cache,Bear River,Cache Valley,423769.322,4639548.712,area_weighted_polygon_centroid_in_simplified_service_area,1
company_132,41974,Agricultural,Hay/Turf,Alfalfa,Sprinkler,5.169098,2025,Cache,Bear River,Cache Valley,432966.549,4608434.521,area_weighted_polygon_centroid_in_simplified_service_area,1
company_1249,41980,Agricultural,Hay/Turf,Alfalfa,Sprinkler,6.710765,2025,Cache,Bear River,Cache Valley,433612.17,4625275.845,area_weighted_polygon_centroid_in_simplified_service_area,1
company_088,41998,Agricultural,Hay/Turf,Alfalfa,Sprinkler,1.916503,2025,Cache,Bear River,Cache Valley,430760.569,4607148.392,area_weighted_polygon_centroid_in_simplified_service_area,1
company_132,42006,Agricultural,Hay/Turf,Alfalfa,Sprinkler,4.028578,2025,Cache,Bear River,Cache Valley,431772.255,4603179.951,area_weighted_polygon_centroid_in_simplified_service_area,1
company_168,42056,Agricultural,Hay/Turf,Alfalfa,Pivot,30.121035,2025,Cache,Bear River,Cache Valley,425496.829,4635971.753,area_weighted_polygon_centroid_in_simplified_service_area,1
company_130,42063,Agricultural,Hay/Turf,Alfalfa,Wheel,9.662254,2025,Cache,Bear River,Cache Valley,431707.197,4597979.606,area_weighted_polygon_centroid_in_simplified_service_area,1
company_168,42065,Agricultural,Hay/Turf,Alfalfa,Wheel,21.627878,2025,Cache,Bear River,Cache Valley,421210.636,4648432.045,area_weighted_polygon_centroid_in_simplified_service_area,1
company_130,42070,Agricultural,Hay/Turf,Alfalfa,Sprinkler,1.485595,2025,Cache,Bear River,Cache Valley,430725.805,4602621.542,area_weighted_polygon_centroid_in_simplified_service_area,1
company_132,42132,Agricultural,Hay/Turf,Alfalfa,Wheel,6.587607,2025,Cache,Bear River,Cache Valley,431581.23,4601508.089,area_weighted_polygon_centroid_in_simplified_service_area,1
company_168,42135,Agricultural,Hay/Turf,Alfalfa,Sprinkler,6.458507,2025,Cache,Bear River,Cache Valley,421445.45,4640818.63,area_weighted_polygon_centroid_in_simplified_service_area,1
company_130,42162,Agricultural,Hay/Turf,Alfalfa,Sprinkler,2.779684,2025,Cache,Bear River,Cache Valley,429612.534,4603004.121,area_weighted_polygon_centroid_in_simplified_service_area,1
company_168,42185,Agricultural,Hay/Turf,Grass Hay,Pivot,5.880651,2025,Cache,Bear River,Cache Valley,420460.543,4643402.222,area_weighted_polygon_centroid_in_simplified_service_area,1
company_1249,42200,Agricultural,Hay/Turf,Alfalfa,Sprinkler,2.682986,2025,Cache,Bear River,Cache Valley,433667.475,4625536.254,area_weighted_polygon_centroid_in_simplified_service_area,1
company_088,42218,Agricultural,Hay/Turf,Alfalfa,Sprinkler,0.904716,2025,Cache,Bear River,Cache Valley,427450.743,4610401.823,area_weighted_polygon_centroid_in_simplified_service_area,1
company_168,42234,Agricultural,Hay/Turf,Alfalfa,Pivot,12.137045,2025,Cache,Bear River,Cache Valley,426030.493,4636008.872,area_weighted_polygon_centroid_in_simplified_service_area,1
company_088,42240,Agricultural,Hay/Turf,Alfalfa,Sprinkler,10.249906,2025,Cache,Bear River,Cache Valley,431917.085,4597405.283,area_weighted_polygon_centroid_in_simplified_service_area,1
company_1249,42272,Agricultural,Hay/Turf,Alfalfa,Sprinkler,2.168643,2025,Cache,Bear River,Cache Valley,433070.464,4624572.147,area_weighted_polygon_centroid_in_simplified_service_area,1
company_164,42289,Agricultural,Hay/Turf,Alfalfa,Sprinkler,6.157488,2025,Cache,Bear River,Cache Valley,425210.67,4612376.839,area_weighted_polygon_centroid_in_simplified_service_area,1
company_088,42325,Agricultural,Hay/Turf,Alfalfa,Sprinkler,17.594898,2025,Cache,Bear River,Cache Valley,430774.204,4607355.311,area_weighted_polygon_centroid_in_simplified_service_area,1
company_132,42350,Agricultural,Hay/Turf,Alfalfa,Sprinkler,8.979319,2025,Cache,Bear River,Cache Valley,431484.213,4601731.48,area_weighted_polygon_centroid_in_simplified_service_area,1
company_168,42369,Agricultural,Hay/Turf,Alfalfa,Sprinkler,3.442994,2025,Cache,Bear River,Cache Valley,425749.833,4636816.669,area_weighted_polygon_centroid_in_simplified_service_area,1
company_132,42415,Agricultural,Hay/Turf,Grass Hay,Sprinkler,20.107697,2025,Cache,Bear River,Cache Valley,430721.93,4603477.534,area_weighted_polygon_centroid_in_simplified_service_area,1
company_168,42424,Agricultural,Hay/Turf,Alfalfa,Sprinkler,16.487047,2025,Cache,Bear River,Cache Valley,424664.367,4639997.264,area_weighted_polygon_centroid_in_simplified_service_area,1
company_130,42463,Agricultural,Hay/Turf,Alfalfa,Wheel,12.630668,2025,Cache,Bear River,Cache Valley,429095.282,4604169.05,area_weighted_polygon_centroid_in_simplified_service_area,1
company_168,42475,Agricultural,Hay/Turf,Alfalfa,Wheel,28.396399,2025,Cache,Bear River,Cache Valley,420731.828,4642827.881,area_weighted_polygon_centroid_in_simplified_service_area,1
company_168,42491,Agricultural,Hay/Turf,Alfalfa,Pivot,10.365864,2025,Cache,Bear River,Cache Valley,423652.957,4638705.474,area_weighted_polygon_centroid_in_simplified_service_area,1
company_130,42500,Agricultural,Hay/Turf,Alfalfa,Sprinkler,2.820647,2025,Cache,Bear River,Cache Valley,431094.935,4601573.438,area_weighted_polygon_centroid_in_simplified_service_area,1
company_088,42519,Agricultural,Hay/Turf,Alfalfa,Sprinkler,1.053234,2025,Cache,Bear River,Cache Valley,425752.413,4610335.136,area_weighted_polygon_centroid_in_simplified_service_area,1
company_168,42531,Agricultural,Hay/Turf,Grass Hay,Sprinkler,1.313271,2025,Cache,Bear River,Cache Valley,425713.785,4633368.404,area_weighted_polygon_centroid_in_simplified_service_area,1
company_168,42548,Agricultural,Hay/Turf,Alfalfa,Pivot,2.812243,2025,Cache,Bear River,Cache Valley,423523.197,4638871.282,area_weighted_polygon_centroid_in_simplified_service_area,1
company_168,42551,Agricultural,Hay/Turf,Alfalfa,Sprinkler,33.801052,2025,Cache,Bear River,Cache Valley,424808.718,4639753.521,area_weighted_polygon_centroid_in_simplified_service_area,1
company_168,42608,Agricultural,Hay/Turf,Alfalfa,Wheel,14.594341,2025,Cache,Bear River,Cache Valley,422375.26,4646740.23,area_weighted_polygon_centroid_in_simplified_service_area,1
company_1249,42622,Agricultural,Hay/Turf,Alfalfa,Sprinkler,8.093896,2025,Cache,Bear River,Cache Valley,433163.605,4625292.248,area_weighted_polygon_centroid_in_simplified_service_area,1
company_168,42629,Agricultural,Hay/Turf,Alfalfa,Wheel,2.727482,2025,Cache,Bear River,Cache Valley,422355.445,4642148.119,area_weighted_polygon_centroid_in_simplified_service_area,1
company_130,42655,Agricultural,Hay/Turf,Grass Hay,Sprinkler,2.336857,2025,Cache,Bear River,Cache Valley,430669.411,4602609.864,area_weighted_polygon_centroid_in_simplified_service_area,1
company_130,42675,Agricultural,Hay/Turf,Grass Hay,Sprinkler,7.731681,2025,Cache,Bear River,Cache Valley,430156.015,4605254.115,area_weighted_polygon_centroid_in_simplified_service_area,1
company_130,42759,Agricultural,Hay/Turf,Alfalfa,Sprinkler,6.625885,2025,Cache,Bear River,Cache Valley,428926.165,4604097.178,area_weighted_polygon_centroid_in_simplified_service_area,1
company_130,42766,Agricultural,Hay/Turf,Alfalfa,Sprinkler,0.923267,2025,Cache,Bear River,Cache Valley,431227.827,4600237.628,area_weighted_polygon_centroid_in_simplified_service_area,1
company_130,42774,Agricultural,Hay/Turf,Alfalfa,Sprinkler,2.232858,2025,Cache,Bear River,Cache Valley,429989.463,4603530.943,area_weighted_polygon_centroid_in_simplified_service_area,1
company_168,42783,Agricultural,Hay/Turf,Alfalfa,Pivot,8.87815,2025,Cache,Bear River,Cache Valley,421980.143,4634845.33,area_weighted_polygon_centroid_in_simplified_service_area,1
company_168,42839,Agricultural,Hay/Turf,Alfalfa,Sprinkler,8.347472,2025,Cache,Bear River,Cache Valley,424617.549,4640118.946,area_weighted_polygon_centroid_in_simplified_service_area,1
company_168,42868,Agricultural,Hay/Turf,Alfalfa,Wheel,4.581886,2025,Cache,Bear River,Cache Valley,421716.327,4638695.108,area_weighted_polygon_centroid_in_simplified_service_area,1
company_168,42870,Agricultural,Hay/Turf,Alfalfa,Wheel,5.737852,2025,Cache,Bear River,Cache Valley,422243.804,4638512.645,area_weighted_polygon_centroid_in_simplified_service_area,1
company_1249,42891,Agricultural,Hay/Turf,Alfalfa,Sprinkler,2.841422,2025,Cache,Bear River,Cache Valley,434100.08,4625752.648,area_weighted_polygon_centroid_in_simplified_service_area,1
company_088,42903,Agricultural,Hay/Turf,Alfalfa,Sprinkler,2.853082,2025,Cache,Bear River,Cache Valley,428096.463,4610731.132,area_weighted_polygon_centroid_in_simplified_service_area,1
company_088,42927,Agricultural,Hay/Turf,Alfalfa,Sprinkler,2.226515,2025,Cache,Bear River,Cache Valley,429753.567,4609636.216,area_weighted_polygon_centroid_in_simplified_service_area,1
company_168,42929,Agricultural,Hay/Turf,Alfalfa,Sprinkler,8.615737,2025,Cache,Bear River,Cache Valley,420374.289,4632455.384,area_weighted_polygon_centroid_in_simplified_service_area,1
company_168,42951,Agricultural,Hay/Turf,Alfalfa,Sprinkler,3.888138,2025,Cache,Bear River,Cache Valley,420478.901,4632332.654,area_weighted_polygon_centroid_in_simplified_service_area,1
company_130,42968,Agricultural,Hay/Turf,Alfalfa,Sprinkler,8.054959,2025,Cache,Bear River,Cache Valley,430468.491,4601202.487,area_weighted_polygon_centroid_in_simplified_service_area,1
company_132,42989,Agricultural,Hay/Turf,Alfalfa,Sprinkler,17.469778,2025,Cache,Bear River,Cache Valley,432571.338,4606921.295,area_weighted_polygon_centroid_in_simplified_service_area,1
company_130,43051,Agricultural,Hay/Turf,Alfalfa,Sprinkler,3.089727,2025,Cache,Bear River,Cache Valley,429169.538,4603747.282,area_weighted_polygon_centroid_in_simplified_service_area,1
company_168,43056,Agricultural,Hay/Turf,Alfalfa,Sprinkler,8.297584,2025,Cache,Bear River,Cache Valley,420653.513,4645526.607,area_weighted_polygon_centroid_in_simplified_service_area,1
company_106,43068,Agricultural,Hay/Turf,Alfalfa,Sprinkler,10.056107,2025,Cache,Bear River,Cache Valley,425558.74,4618586.506,area_weighted_polygon_centroid_in_simplified_service_area,1
company_132,43081,Agricultural,Hay/Turf,Alfalfa,Sprinkler,12.094246,2025,Cache,Bear River,Cache Valley,431957.089,4604307.403,area_weighted_polygon_centroid_in_simplified_service_area,1
company_168,43120,Agricultural,Hay/Turf,Alfalfa,Sprinkler,6.055774,2025,Cache,Bear River,Cache Valley,424902.011,4640187.429,area_weighted_polygon_centroid_in_simplified_service_area,1
company_168,43123,Agricultural,Hay/Turf,Grass Hay,Sprinkler,0.981262,2025,Cache,Bear River,Cache Valley,417354.905,4632936.408,area_weighted_polygon_centroid_in_simplified_service_area,1
company_130,43125,Agricultural,Hay/Turf,Alfalfa,Sprinkler,8.719719,2025,Cache,Bear River,Cache Valley,431282.224,4598291.853,area_weighted_polygon_centroid_in_simplified_service_area,1
company_132,43133,Agricultural,Hay/Turf,Alfalfa,Sprinkler,9.339439,2025,Cache,Bear River,Cache Valley,430914.873,4603098.545,area_weighted_polygon_centroid_in_simplified_service_area,1
company_168,43173,Agricultural,Hay/Turf,Alfalfa,Wheel,14.389578,2025,Cache,Bear River,Cache Valley,425205.77,4633317.635,area_weighted_polygon_centroid_in_simplified_service_area,1
company_168,43196,Agricultural,Hay/Turf,Alfalfa,Sprinkler,11.3844,2025,Cache,Bear River,Cache Valley,419320.5,4633694.402,area_weighted_polygon_centroid_in_simplified_service_area,1
company_1249,43218,Agricultural,Hay/Turf,Alfalfa,Sprinkler,4.475793,2025,Cache,Bear River,Cache Valley,433368.192,4625002.99,area_weighted_polygon_centroid_in_simplified_service_area,1
company_1249,43227,Agricultural,Hay/Turf,Alfalfa,Sprinkler,3.63084,2025,Cache,Bear River,Cache Valley,433808.319,4624730.738,area_weighted_polygon_centroid_in_simplified_service_area,1
company_130,43245,Agricultural,Hay/Turf,Alfalfa,Sprinkler,45.631402,2025,Cache,Bear River,Cache Valley,429665.415,4605779.901,area_weighted_polygon_centroid_in_simplified_service_area,1
company_1249,43249,Agricultural,Hay/Turf,Alfalfa,Sprinkler,13.452931,2025,Cache,Bear River,Cache Valley,433386.609,4627754.725,area_weighted_polygon_centroid_in_simplified_service_area,1
company_168,43257,Agricultural,Hay/Turf,Alfalfa,Sprinkler,17.669756,2025,Cache,Bear River,Cache Valley,424530.04,4639542.736,area_weighted_polygon_centroid_in_simplified_service_area,1
company_130,43275,Agricultural,Hay/Turf,Grass Hay,Sprinkler,3.190221,2025,Cache,Bear River,Cache Valley,430001.014,4601319.497,area_weighted_polygon_centroid_in_simplified_service_area,1
company_1249,43305,Agricultural,Hay/Turf,Alfalfa,Sprinkler,8.943965,2025,Cache,Bear River,Cache Valley,433020.44,4627186.614,area_weighted_polygon_centroid_in_simplified_service_area,1
company_168,43324,Agricultural,Hay/Turf,Alfalfa,Pivot,7.471269,2025,Cache,Bear River,Cache Valley,420082.47,4632918.03,area_weighted_polygon_centroid_in_simplified_service_area,1
company_168,43367,Agricultural,Hay/Turf,Alfalfa,Pivot,39.800086,2025,Cache,Bear River,Cache Valley,420339.815,4647292.926,area_weighted_polygon_centroid_in_simplified_service_area,1
company_164,43376,Agricultural,Hay/Turf,Alfalfa,Sprinkler,8.053098,2025,Cache,Bear River,Cache Valley,427086.417,4609061.233,area_weighted_polygon_centroid_in_simplified_service_area,1
company_132,43415,Agricultural,Hay/Turf,Alfalfa,Sprinkler,4.535461,2025,Cache,Bear River,Cache Valley,430122.632,4599805.397,area_weighted_polygon_centroid_in_simplified_service_area,1
company_168,43518,Agricultural,Hay/Turf,Alfalfa,Sprinkler,7.047578,2025,Cache,Bear River,Cache Valley,423799.204,4640554.12,area_weighted_polygon_centroid_in_simplified_service_area,1
company_168,43566,Agricultural,Hay/Turf,Alfalfa,Sprinkler,17.56948,2025,Cache,Bear River,Cache Valley,421079.709,4642428.47,area_weighted_polygon_centroid_in_simplified_service_area,1
company_130,43638,Agricultural,Hay/Turf,Grass Hay,Wheel,1.982118,2025,Cache,Bear River,Cache Valley,431222.233,4601413.898,area_weighted_polygon_centroid_in_simplified_service_area,1
company_1249,43659,Agricultural,Hay/Turf,Alfalfa,Sprinkler,2.431025,2025,Cache,Bear River,Cache Valley,433223.319,4629045.001,area_weighted_polygon_centroid_in_simplified_service_area,1
company_168,43675,Agricultural,Hay/Turf,Alfalfa,Wheel,24.854716,2025,Cache,Bear River,Cache Valley,421860.073,4646966.334,area_weighted_polygon_centroid_in_simplified_service_area,1
company_168,43687,Agricultural,Hay/Turf,Alfalfa,Pivot,5.9314,2025,Cache,Bear River,Cache Valley,420695.82,4646887.78,area_weighted_polygon_centroid_in_simplified_service_area,1
company_1249,43735,Agricultural,Hay/Turf,Alfalfa,Sprinkler,8.826693,2025,Cache,Bear River,Cache Valley,434255.672,4625396.84,area_weighted_polygon_centroid_in_simplified_service_area,1
company_168,43798,Agricultural,Hay/Turf,Alfalfa,Wheel,8.941625,2025,Cache,Bear River,Cache Valley,426167.997,4637756.369,area_weighted_polygon_centroid_in_simplified_service_area,1
company_168,43869,Agricultural,Hay/Turf,Alfalfa,Sprinkler,21.422571,2025,Cache,Bear River,Cache Valley,420728.669,4646160.374,area_weighted_polygon_centroid_in_simplified_service_area,1
company_130,43874,Agricultural,Hay/Turf,Alfalfa,Sprinkler,3.489389,2025,Cache,Bear River,Cache Valley,430677.467,4601835.209,area_weighted_polygon_centroid_in_simplified_service_area,1
company_088,43892,Agricultural,Hay/Turf,Alfalfa,Sprinkler,5.096345,2025,Cache,Bear River,Cache Valley,430785.581,4607589.412,area_weighted_polygon_centroid_in_simplified_service_area,1
company_168,43928,Agricultural,Hay/Turf,Alfalfa,Wheel,22.981511,2025,Cache,Bear River,Cache Valley,423199.7,4637947.053,area_weighted_polygon_centroid_in_simplified_service_area,1
company_132,43948,Agricultural,Hay/Turf,Grass Hay,Sprinkler,1.581738,2025,Cache,Bear River,Cache Valley,431922.488,4601329.123,area_weighted_polygon_centroid_in_simplified_service_area,1
company_088,43997,Agricultural,Hay/Turf,Alfalfa,Sprinkler,1.548389,2025,Cache,Bear River,Cache Valley,430570.239,4606440.556,area_weighted_polygon_centroid_in_simplified_service_area,1
company_168,44039,Agricultural,Hay/Turf,Alfalfa,Sprinkler,13.691653,2025,Cache,Bear River,Cache Valley,420665.219,4643606.504,area_weighted_polygon_centroid_in_simplified_service_area,1
company_168,44053,Agricultural,Hay/Turf,Alfalfa,Sprinkler,28.056328,2025,Cache,Bear River,Cache Valley,419091.614,4633242.097,area_weighted_polygon_centroid_in_simplified_service_area,1
company_1249,44156,Agricultural,Hay/Turf,Alfalfa,Sprinkler,2.298707,2025,Cache,Bear River,Cache Valley,433206.523,4628969.362,area_weighted_polygon_centroid_in_simplified_service_area,1
company_168,44180,Agricultural,Hay/Turf,Alfalfa,Sprinkler,11.468474,2025,Cache,Bear River,Cache Valley,421127.18,4644318.251,area_weighted_polygon_centroid_in_simplified_service_area,1
company_168,44181,Agricultural,Hay/Turf,Alfalfa,Sprinkler,15.884847,2025,Cache,Bear River,Cache Valley,421217.141,4639671.315,area_weighted_polygon_centroid_in_simplified_service_area,1
company_168,44187,Agricultural,Hay/Turf,Alfalfa,Pivot,23.125553,2025,Cache,Bear River,Cache Valley,419495.671,4648051.597,area_weighted_polygon_centroid_in_simplified_service_area,1
company_130,44191,Agricultural,Hay/Turf,Alfalfa,Sprinkler,4.784551,2025,Cache,Bear River,Cache Valley,429742.092,4603536.006,area_weighted_polygon_centroid_in_simplified_service_area,1
company_168,44209,Agricultural,Hay/Turf,Alfalfa,Wheel,12.182208,2025,Cache,Bear River,Cache Valley,422897.651,4639295.228,area_weighted_polygon_centroid_in_simplified_service_area,1
company_168,44251,Agricultural,Hay/Turf,Alfalfa,Sprinkler,2.051582,2025,Cache,Bear River,Cache Valley,419716.179,4645318.612,area_weighted_polygon_centroid_in_simplified_service_area,1
company_164,44320,Agricultural,Hay/Turf,Alfalfa,Sprinkler,1.300672,2025,Cache,Bear River,Cache Valley,425145.844,4610094.353,area_weighted_polygon_centroid_in_simplified_service_area,1
company_164,44364,Agricultural,Hay/Turf,Alfalfa,Pivot,45.296388,2025,Cache,Bear River,Cache Valley,425434.926,4612365.365,area_weighted_polygon_centroid_in_simplified_service_area,1
company_168,44366,Agricultural,Hay/Turf,Alfalfa,Sprinkler,18.511917,2025,Cache,Bear River,Cache Valley,417340.143,4633168.579,area_weighted_polygon_centroid_in_simplified_service_area,1
company_168,44379,Agricultural,Hay/Turf,Alfalfa,Pivot,111.082434,2025,Cache,Bear River,Cache Valley,423350.74,4641898.822,area_weighted_polygon_centroid_in_simplified_service_area,1
company_168,44399,Agricultural,Hay/Turf,Alfalfa,Sprinkler,1.479177,2025,Cache,Bear River,Cache Valley,425735.458,4634348.021,area_weighted_polygon_centroid_in_simplified_service_area,1
company_168,44415,Agricultural,Hay/Turf,Alfalfa,Wheel,5.156902,2025,Cache,Bear River,Cache Valley,423157.034,4638387.066,area_weighted_polygon_centroid_in_simplified_service_area,1
company_168,44447,Agricultural,Hay/Turf,Alfalfa,Wheel,8.271687,2025,Cache,Bear River,Cache Valley,424083.03,4639562.667,area_weighted_polygon_centroid_in_simplified_service_area,1
company_088,44449,Agricultural,Hay/Turf,Grass Hay,Sprinkler,2.339409,2025,Cache,Bear River,Cache Valley,432097.85,4597470.486,area_weighted_polygon_centroid_in_simplified_service_area,1
company_1249,44490,Agricultural,Hay/Turf,Alfalfa,Sprinkler,5.186804,2025,Cache,Bear River,Cache Valley,432584.154,4632077.694,area_weighted_polygon_centroid_in_simplified_service_area,1
company_164,44501,Agricultural,Hay/Turf,Alfalfa,Sprinkler,7.665368,2025,Cache,Bear River,Cache Valley,422563.732,4615335.046,area_weighted_polygon_centroid_in_simplified_service_area,1
company_168,44505,Agricultural,Hay/Turf,Alfalfa,Sprinkler,16.960821,2025,Cache,Bear River,Cache Valley,421108.923,4644505.816,area_weighted_polygon_centroid_in_simplified_service_area,1
company_1249,44511,Agricultural,Hay/Turf,Alfalfa,Wheel,8.031146,2025,Cache,Bear River,Cache Valley,432996.959,4629360.061,area_weighted_polygon_centroid_in_simplified_service_area,1
company_130,44518,Agricultural,Hay/Turf,Alfalfa,Pivot,16.454521,2025,Cache,Bear River,Cache Valley,431927.805,4598003.647,area_weighted_polygon_centroid_in_simplified_service_area,1
company_1249,44533,Agricultural,Hay/Turf,Alfalfa,Sprinkler,7.349635,2025,Cache,Bear River,Cache Valley,433497.786,4625391.094,area_weighted_polygon_centroid_in_simplified_service_area,1
company_130,44539,Agricultural,Hay/Turf,Alfalfa,Sprinkler,1.284832,2025,Cache,Bear River,Cache Valley,429881.998,4603529.555,area_weighted_polygon_centroid_in_simplified_service_area,1
company_168,44564,Agricultural,Hay/Turf,Alfalfa,Sprinkler,22.51743,2025,Cache,Bear River,Cache Valley,425543.703,4635502.835,area_weighted_polygon_centroid_in_simplified_service_area,1
company_168,44566,Agricultural,Hay/Turf,Alfalfa,Wheel,2.586869,2025,Cache,Bear River,Cache Valley,422472.7,4638515.2,area_weighted_polygon_centroid_in_simplified_service_area,1
company_168,44573,Agricultural,Hay/Turf,Alfalfa,Sprinkler,11.322578,2025,Cache,Bear River,Cache Valley,417782.558,4633540.175,area_weighted_polygon_centroid_in_simplified_service_area,1
company_130,44607,Agricultural,Hay/Turf,Grass Hay,Sprinkler,1.938612,2025,Cache,Bear River,Cache Valley,430852.562,4601821.722,area_weighted_polygon_centroid_in_simplified_service_area,1
company_088,44619,Agricultural,Hay/Turf,Alfalfa,Sprinkler,2.261765,2025,Cache,Bear River,Cache Valley,429582.868,4606627.115,area_weighted_polygon_centroid_in_simplified_service_area,1
company_168,44625,Agricultural,Hay/Turf,Alfalfa,Wheel,47.045683,2025,Cache,Bear River,Cache Valley,421469.625,4647237.777,area_weighted_polygon_centroid_in_simplified_service_area,1
company_168,44662,Agricultural,Hay/Turf,Alfalfa,Pivot,8.9227,2025,Cache,Bear River,Cache Valley,423393.403,4637513.821,area_weighted_polygon_centroid_in_simplified_service_area,1
company_168,44693,Agricultural,Hay/Turf,Alfalfa,Sprinkler,6.597466,2025,Cache,Bear River,Cache Valley,424740.636,4639870.837,area_weighted_polygon_centroid_in_simplified_service_area,1
company_1249,44702,Agricultural,Hay/Turf,Alfalfa,Sprinkler,6.82281,2025,Cache,Bear River,Cache Valley,432832.671,4628843.452,area_weighted_polygon_centroid_in_simplified_service_area,1
company_168,44713,Agricultural,Hay/Turf,Alfalfa,Wheel,2.432504,2025,Cache,Bear River,Cache Valley,425514.185,4638010.982,area_weighted_polygon_centroid_in_simplified_service_area,1
company_132,44729,Agricultural,Hay/Turf,Grass Hay,Sprinkler,7.710937,2025,Cache,Bear River,Cache Valley,431921.524,4606952.88,area_weighted_polygon_centroid_in_simplified_service_area,1
company_1249,44801,Agricultural,Hay/Turf,Alfalfa,Sprinkler,36.638893,2025,Cache,Bear River,Cache Valley,432915.853,4630104.683,area_weighted_polygon_centroid_in_simplified_service_area,1
company_168,44804,Agricultural,Hay/Turf,Alfalfa,Sprinkler,1.205274,2025,Cache,Bear River,Cache Valley,423694.731,4640495.349,area_weighted_polygon_centroid_in_simplified_service_area,1
company_088,44856,Agricultural,Hay/Turf,Alfalfa,Sprinkler,1.512673,2025,Cache,Bear River,Cache Valley,427788.177,4610290.619,area_weighted_polygon_centroid_in_simplified_service_area,1
company_132,44872,Agricultural,Hay/Turf,Alfalfa,Wheel,23.568117,2025,Cache,Bear River,Cache Valley,432032.185,4606678.876,area_weighted_polygon_centroid_in_simplified_service_area,1
company_164,44887,Agricultural,Hay/Turf,Alfalfa,Sprinkler,2.252643,2025,Cache,Bear River,Cache Valley,425209.078,4610153.878,area_weighted_polygon_centroid_in_simplified_service_area,1
company_132,44909,Agricultural,Hay/Turf,Alfalfa,Wheel,6.44944,2025,Cache,Bear River,Cache Valley,431940.363,4601733.919,area_weighted_polygon_centroid_in_simplified_service_area,1
company_168,44940,Agricultural,Hay/Turf,Alfalfa,Wheel,4.447017,2025,Cache,Bear River,Cache Valley,422475.986,4638422.388,area_weighted_polygon_centroid_in_simplified_service_area,1
company_130,44950,Agricultural,Hay/Turf,Alfalfa,Sprinkler,12.251059,2025,Cache,Bear River,Cache Valley,429616.444,4601530.519,area_weighted_polygon_centroid_in_simplified_service_area,1
company_168,44956,Agricultural,Hay/Turf,Alfalfa,Sprinkler,31.213754,2025,Cache,Bear River,Cache Valley,422032.214,4634698.107,area_weighted_polygon_centroid_in_simplified_service_area,1
company_130,45006,Agricultural,Hay/Turf,Alfalfa,Sprinkler,6.218426,2025,Cache,Bear River,Cache Valley,429366.882,4606139.735,area_weighted_polygon_centroid_in_simplified_service_area,1
company_168,45032,Agricultural,Hay/Turf,Alfalfa,Sprinkler,1.339024,2025,Cache,Bear River,Cache Valley,424273.33,4640016.212,area_weighted_polygon_centroid_in_simplified_service_area,1
company_168,45045,Agricultural,Hay/Turf,Alfalfa,Pivot,25.950167,2025,Cache,Bear River,Cache Valley,426200.777,4638068.572,area_weighted_polygon_centroid_in_simplified_service_area,1
company_1249,45118,Agricultural,Hay/Turf,Alfalfa,Sprinkler,0.320119,2025,Cache,Bear River,Cache Valley,434392.244,4625107.714,area_weighted_polygon_centroid_in_simplified_service_area,1
company_132,45132,Agricultural,Hay/Turf,Alfalfa,Wheel,21.156204,2025,Cache,Bear River,Cache Valley,431348.807,4608489.959,area_weighted_polygon_centroid_in_simplified_service_area,1
company_168,45183,Agricultural,Hay/Turf,Alfalfa,Sprinkler,2.291884,2025,Cache,Bear River,Cache Valley,421844.9,4641270.741,area_weighted_polygon_centroid_in_simplified_service_area,1
company_168,45203,Agricultural,Hay/Turf,Alfalfa,Wheel,3.790564,2025,Cache,Bear River,Cache Valley,424088.508,4640285.692,area_weighted_polygon_centroid_in_simplified_service_area,1
company_168,45258,Agricultural,Hay/Turf,Alfalfa,Pivot,2.872096,2025,Cache,Bear River,Cache Valley,422027.139,4641369.986,area_weighted_polygon_centroid_in_simplified_service_area,1
company_130,45279,Agricultural,Hay/Turf,Alfalfa,Sprinkler,16.802339,2025,Cache,Bear River,Cache Valley,429936.679,4604907.882,area_weighted_polygon_centroid_in_simplified_service_area,1
company_130,45298,Agricultural,Hay/Turf,Alfalfa,Wheel,5.905132,2025,Cache,Bear River,Cache Valley,430457.618,4601336.973,area_weighted_polygon_centroid_in_simplified_service_area,1
company_132,45305,Agricultural,Hay/Turf,Alfalfa,Sprinkler,14.540674,2025,Cache,Bear River,Cache Valley,431503.811,4602312.485,area_weighted_polygon_centroid_in_simplified_service_area,1
company_130,45322,Agricultural,Hay/Turf,Grass Hay,Sprinkler,1.47442,2025,Cache,Bear River,Cache Valley,429711.913,4605013.668,area_weighted_polygon_centroid_in_simplified_service_area,1
company_168,45359,Agricultural,Hay/Turf,Alfalfa,Sprinkler,15.176633,2025,Cache,Bear River,Cache Valley,418792.259,4631641.224,area_weighted_polygon_centroid_in_simplified_service_area,1
company_168,45372,Agricultural,Hay/Turf,Alfalfa,Sprinkler,28.728682,2025,Cache,Bear River,Cache Valley,418285.433,4632283.847,area_weighted_polygon_centroid_in_simplified_service_area,1
company_106,45386,Agricultural,Hay/Turf,Grass Hay,Sprinkler,5.867344,2025,Cache,Bear River,Cache Valley,424968.011,4616992.111,area_weighted_polygon_centroid_in_simplified_service_area,1
company_168,45395,Agricultural,Hay/Turf,Alfalfa,Sprinkler,7.046615,2025,Cache,Bear River,Cache Valley,422424.329,4649676.271,area_weighted_polygon_centroid_in_simplified_service_area,1
company_132,45396,Agricultural,Hay/Turf,Alfalfa,Wheel,5.383541,2025,Cache,Bear River,Cache Valley,431654.332,4602895.375,area_weighted_polygon_centroid_in_simplified_service_area,1
company_132,45424,Agricultural,Hay/Turf,Alfalfa,Sprinkler,5.673707,2025,Cache,Bear River,Cache Valley,432499.136,4602921.561,area_weighted_polygon_centroid_in_simplified_service_area,1
company_168,45428,Agricultural,Hay/Turf,Alfalfa,Sprinkler,8.25603,2025,Cache,Bear River,Cache Valley,422702.074,4639531.35,area_weighted_polygon_centroid_in_simplified_service_area,1
company_130,45458,Agricultural,Hay/Turf,Grass Hay,Sprinkler,0.927634,2025,Cache,Bear River,Cache Valley,431233.159,4598180.057,area_weighted_polygon_centroid_in_simplified_service_area,1
company_1249,45536,Agricultural,Hay/Turf,Alfalfa,Sprinkler,5.770706,2025,Cache,Bear River,Cache Valley,433163.475,4628055.44,area_weighted_polygon_centroid_in_simplified_service_area,1
company_130,45569,Agricultural,Hay/Turf,Alfalfa,Sprinkler,2.163539,2025,Cache,Bear River,Cache Valley,430723.322,4600882.064,area_weighted_polygon_centroid_in_simplified_service_area,1
company_130,45580,Agricultural,Hay/Turf,Alfalfa,Wheel,16.194976,2025,Cache,Bear River,Cache Valley,430924.312,4600383.753,area_weighted_polygon_centroid_in_simplified_service_area,1
company_132,45617,Agricultural,Hay/Turf,Alfalfa,Pivot,7.446197,2025,Cache,Bear River,Cache Valley,431748.389,4602142.49,area_weighted_polygon_centroid_in_simplified_service_area,1
company_130,45626,Agricultural,Hay/Turf,Grass Hay,Sprinkler,4.259441,2025,Cache,Bear River,Cache Valley,431136.426,4598361.209,area_weighted_polygon_centroid_in_simplified_service_area,1
company_132,45693,Agricultural,Hay/Turf,Alfalfa,Sprinkler,3.793951,2025,Cache,Bear River,Cache Valley,431825.922,4601733.407,area_weighted_polygon_centroid_in_simplified_service_area,1
company_168,45700,Agricultural,Hay/Turf,Grass Hay,Sprinkler,6.478019,2025,Cache,Bear River,Cache Valley,420092.593,4647237.477,area_weighted_polygon_centroid_in_simplified_service_area,1
company_168,45759,Agricultural,Hay/Turf,Alfalfa,Sprinkler,15.176181,2025,Cache,Bear River,Cache Valley,419883.962,4643407.178,area_weighted_polygon_centroid_in_simplified_service_area,1
company_130,45764,Agricultural,Hay/Turf,Alfalfa,Sprinkler,15.06433,2025,Cache,Bear River,Cache Valley,429534.652,4603508.385,area_weighted_polygon_centroid_in_simplified_service_area,1
company_168,45804,Agricultural,Hay/Turf,Grass Hay,Sprinkler,0.711382,2025,Cache,Bear River,Cache Valley,426168.551,4632961.762,area_weighted_polygon_centroid_in_simplified_service_area,1
company_168,45805,Agricultural,Hay/Turf,Alfalfa,Wheel,7.291287,2025,Cache,Bear River,Cache Valley,422435.285,4639134.673,area_weighted_polygon_centroid_in_simplified_service_area,1
company_168,45848,Agricultural,Hay/Turf,Alfalfa,Sprinkler,16.120003,2025,Cache,Bear River,Cache Valley,425961.144,4633345.017,area_weighted_polygon_centroid_in_simplified_service_area,1
company_1249,45926,Agricultural,Hay/Turf,Alfalfa,Sprinkler,1.224207,2025,Cache,Bear River,Cache Valley,433497.65,4626130.748,area_weighted_polygon_centroid_in_simplified_service_area,1
company_130,45931,Agricultural,Hay/Turf,Alfalfa,Sprinkler,0.467146,2025,Cache,Bear River,Cache Valley,429824.09,4605070.051,area_weighted_polygon_centroid_in_simplified_service_area,1
company_168,45934,Agricultural,Hay/Turf,Alfalfa,Sprinkler,1.141864,2025,Cache,Bear River,Cache Valley,425852.151,4637389.674,area_weighted_polygon_centroid_in_simplified_service_area,1
company_088,45940,Agricultural,Hay/Turf,Alfalfa,Sprinkler,0.681778,2025,Cache,Bear River,Cache Valley,428009.583,4610614.788,area_weighted_polygon_centroid_in_simplified_service_area,1
company_168,45941,Agricultural,Hay/Turf,Alfalfa,Sprinkler,0.691292,2025,Cache,Bear River,Cache Valley,423368.973,4638504.397,area_weighted_polygon_centroid_in_simplified_service_area,1
company_168,45962,Agricultural,Hay/Turf,Alfalfa,Sprinkler,0.332073,2025,Cache,Bear River,Cache Valley,425627.761,4633018.103,area_weighted_polygon_centroid_in_simplified_service_area,1
company_1249,45996,Agricultural,Hay/Turf,Alfalfa,Sprinkler,4.943107,2025,Cache,Bear River,Cache Valley,433190.018,4627925.776,area_weighted_polygon_centroid_in_simplified_service_area,1
company_1249,45998,Agricultural,Hay/Turf,Alfalfa,Sprinkler,0.263121,2025,Cache,Bear River,Cache Valley,432859.034,4624655.759,area_weighted_polygon_centroid_in_simplified_service_area,1
company_168,46003,Agricultural,Hay/Turf,Alfalfa,Sprinkler,1.674553,2025,Cache,Bear River,Cache Valley,424202.683,4639567.635,area_weighted_polygon_centroid_in_simplified_service_area,1
company_130,46006,Agricultural,Hay/Turf,Alfalfa,Sprinkler,0.672066,2025,Cache,Bear River,Cache Valley,430035.066,4602843.788,area_weighted_polygon_centroid_in_simplified_service_area,1
company_130,46022,Agricultural,Hay/Turf,Alfalfa,Sprinkler,0.939655,2025,Cache,Bear River,Cache Valley,430025.185,4602776.04,area_weighted_polygon_centroid_in_simplified_service_area,1
company_168,46041,Agricultural,Hay/Turf,Alfalfa,Sprinkler,0.167296,2025,Cache,Bear River,Cache Valley,425779.788,4636621.864,area_weighted_polygon_centroid_in_simplified_service_area,1
company_1249,46081,Agricultural,Hay/Turf,Alfalfa,Sprinkler,0.49845,2025,Cache,Bear River,Cache Valley,433162.876,4629142.965,area_weighted_polygon_centroid_in_simplified_service_area,1
company_130,46085,Agricultural,Hay/Turf,Alfalfa,Sprinkler,1.612838,2025,Cache,Bear River,Cache Valley,431100.923,4601342.38,area_weighted_polygon_centroid_in_simplified_service_area,1
company_088,46086,Agricultural,Hay/Turf,Alfalfa,Sprinkler,1.211379,2025,Cache,Bear River,Cache Valley,427253.787,4610314.576,area_weighted_polygon_centroid_in_simplified_service_area,1
company_168,46111,Agricultural,Hay/Turf,Alfalfa,Wheel,0.639428,2025,Cache,Bear River,Cache Valley,421738.853,4646234.539,area_weighted_polygon_centroid_in_simplified_service_area,1
company_1249,46146,Agricultural,Hay/Turf,Alfalfa,Sprinkler,0.702904,2025,Cache,Bear River,Cache Valley,433902.645,4624738.702,area_weighted_polygon_centroid_in_simplified_service_area,1
company_132,46198,Agricultural,Hay/Turf,Grass Hay,Sprinkler,1.242801,2025,Cache,Bear River,Cache Valley,430207.601,4603765.861,area_weighted_polygon_centroid_in_simplified_service_area,1
company_088,46214,Agricultural,Hay/Turf,Alfalfa,Sprinkler,1.018048,2025,Cache,Bear River,Cache Valley,427682.54,4610602.228,area_weighted_polygon_centroid_in_simplified_service_area,1
company_130,46215,Agricultural,Hay/Turf,Grass Hay,Sprinkler,3.475993,2025,Cache,Bear River,Cache Valley,429736.325,4602814.449,area_weighted_polygon_centroid_in_simplified_service_area,1
company_1249,46231,Agricultural,Hay/Turf,Alfalfa,Sprinkler,3.150376,2025,Cache,Bear River,Cache Valley,432771.752,4629703.745,area_weighted_polygon_centroid_in_simplified_service_area,1
company_168,46279,Agricultural,Hay/Turf,Alfalfa,Sprinkler,0.37628,2025,Cache,Bear River,Cache Valley,425866.215,4637294.946,area_weighted_polygon_centroid_in_simplified_service_area,1
company_130,46305,Agricultural,Hay/Turf,Alfalfa,Sprinkler,0.666338,2025,Cache,Bear River,Cache Valley,430255.2,4602602.628,area_weighted_polygon_centroid_in_simplified_service_area,1
company_132,46325,Agricultural,Hay/Turf,Alfalfa,Sprinkler,1.158828,2025,Cache,Bear River,Cache Valley,430009.306,4600126.828,area_weighted_polygon_centroid_in_simplified_service_area,1
company_132,46357,Agricultural,Hay/Turf,Grass Hay,Sprinkler,1.406811,2025,Cache,Bear River,Cache Valley,431336.968,4601754.943,area_weighted_polygon_centroid_in_simplified_service_area,1
company_1249,46373,Agricultural,Hay/Turf,Alfalfa,Wheel,0.819639,2025,Cache,Bear River,Cache Valley,433062.534,4625343.575,area_weighted_polygon_centroid_in_simplified_service_area,1
company_168,46382,Agricultural,Hay/Turf,Alfalfa,Sprinkler,0.651695,2025,Cache,Bear River,Cache Valley,420995.583,4645848.974,area_weighted_polygon_centroid_in_simplified_service_area,1
company_130,46388,Agricultural,Hay/Turf,Grass Hay,Sprinkler,0.30949,2025,Cache,Bear River,Cache Valley,429367.734,4603701.142,area_weighted_polygon_centroid_in_simplified_service_area,1
company_130,46496,Agricultural,Hay/Turf,Grass Hay,Wheel,6.822506,2025,Cache,Bear River,Cache Valley,429624.418,4604362.107,area_weighted_polygon_centroid_in_simplified_service_area,1
company_130,46503,Agricultural,Hay/Turf,Alfalfa,Sprinkler,0.60255,2025,Cache,Bear River,Cache Valley,429913.648,4603489.622,area_weighted_polygon_centroid_in_simplified_service_area,1
company_088,46523,Agricultural,Hay/Turf,Alfalfa,Sprinkler,1.750898,2025,Cache,Bear River,Cache Valley,427492.554,4610112.963,area_weighted_polygon_centroid_in_simplified_service_area,1
company_088,46581,Agricultural,Hay/Turf,Grass Hay,Sprinkler,2.238284,2025,Cache,Bear River,Cache Valley,429585.825,4606394.039,area_weighted_polygon_centroid_in_simplified_service_area,1
company_088,46623,Agricultural,Hay/Turf,Grass Hay,Sprinkler,5.66243,2025,Cache,Bear River,Cache Valley,430697.084,4606261.927,area_weighted_polygon_centroid_in_simplified_service_area,1
company_168,46630,Agricultural,Hay/Turf,Alfalfa,Wheel,5.535451,2025,Cache,Bear River,Cache Valley,418446.159,4632678.128,area_weighted_polygon_centroid_in_simplified_service_area,1
company_132,46799,Agricultural,Hay/Turf,Grass Hay,Sprinkler,9.71191,2025,Cache,Bear River,Cache Valley,432097.37,4600699.791,area_weighted_polygon_centroid_in_simplified_service_area,1
company_130,46867,Agricultural,Hay/Turf,Grass Hay,Sprinkler,1.603039,2025,Cache,Bear River,Cache Valley,429639.548,4604182.417,area_weighted_polygon_centroid_in_simplified_service_area,1
company_168,46897,Agricultural,Hay/Turf,Alfalfa,Wheel,1.994411,2025,Cache,Bear River,Cache Valley,422011.043,4647308.984,area_weighted_polygon_centroid_in_simplified_service_area,1
company_168,46967,Agricultural,Hay/Turf,Alfalfa,Sprinkler,8.097972,2025,Cache,Bear River,Cache Valley,420387.117,4642399.132,area_weighted_polygon_centroid_in_simplified_service_area,1
company_1249,47224,Agricultural,Hay/Turf,Alfalfa,Sprinkler,0.997297,2025,Cache,Bear River,Cache Valley,433618.594,4627273.978,area_weighted_polygon_centroid_in_simplified_service_area,1
company_132,47270,Agricultural,Hay/Turf,Alfalfa,Sprinkler,1.384663,2025,Cache,Bear River,Cache Valley,432702.206,4606732.652,area_weighted_polygon_centroid_in_simplified_service_area,1
company_168,47323,Agricultural,Hay/Turf,Alfalfa,Sprinkler,8.66237,2025,Cache,Bear River,Cache Valley,418007.816,4632135.302,area_weighted_polygon_centroid_in_simplified_service_area,1
company_130,47506,Agricultural,Hay/Turf,Grass Hay,Sprinkler,1.255373,2025,Cache,Bear River,Cache Valley,429384.228,4602285.913,area_weighted_polygon_centroid_in_simplified_service_area,1
company_132,47507,Agricultural,Hay/Turf,Alfalfa,Sprinkler,1.018702,2025,Cache,Bear River,Cache Valley,432045.242,4602768.856,area_weighted_polygon_centroid_in_simplified_service_area,1
company_168,47542,Agricultural,Hay/Turf,Alfalfa,Sprinkler,4.901018,2025,Cache,Bear River,Cache Valley,417793.286,4632298.007,area_weighted_polygon_centroid_in_simplified_service_area,1
company_1249,47550,Agricultural,Hay/Turf,Alfalfa,Sprinkler,2.423253,2025,Cache,Bear River,Cache Valley,433090.083,4626509.604,area_weighted_polygon_centroid_in_simplified_service_area,1
company_168,47638,Agricultural,Hay/Turf,Grass Hay,Sprinkler,15.201464,2025,Cache,Bear River,Cache Valley,423999.696,4640564.396,area_weighted_polygon_centroid_in_simplified_service_area,1
company_168,47935,Agricultural,Hay/Turf,Alfalfa,Sprinkler,4.941568,2025,Cache,Bear River,Cache Valley,420218.892,4632877.748,area_weighted_polygon_centroid_in_simplified_service_area,1
company_1249,48008,Agricultural,Hay/Turf,Alfalfa,Sprinkler,2.67173,2025,Cache,Bear River,Cache Valley,433661.788,4625475.009,area_weighted_polygon_centroid_in_simplified_service_area,1
company_132,48068,Agricultural,Hay/Turf,Alfalfa,Pivot,48.106294,2025,Cache,Bear River,Cache Valley,432533.719,4606519.98,area_weighted_polygon_centroid_in_simplified_service_area,1
company_132,48107,Agricultural,Hay/Turf,Alfalfa,Sprinkler,4.266574,2025,Cache,Bear River,Cache Valley,431922.234,4598887.853,area_weighted_polygon_centroid_in_simplified_service_area,1
company_130,48180,Agricultural,Hay/Turf,Alfalfa,Sprinkler,2.110934,2025,Cache,Bear River,Cache Valley,431205.928,4599042.742,area_weighted_polygon_centroid_in_simplified_service_area,1
company_132,48339,Agricultural,Hay/Turf,Alfalfa,Sprinkler,0.975698,2025,Cache,Bear River,Cache Valley,432784.094,4606609.179,area_weighted_polygon_centroid_in_simplified_service_area,1
company_130,48568,Agricultural,Hay/Turf,Grass Hay,Wheel,2.020101,2025,Cache,Bear River,Cache Valley,429440.188,4603299.057,area_weighted_polygon_centroid_in_simplified_service_area,1
company_088,48582,Agricultural,Hay/Turf,Alfalfa,Sprinkler,2.798512,2025,Cache,Bear River,Cache Valley,428874.97,4610098.4,area_weighted_polygon_centroid_in_simplified_service_area,1
company_168,48694,Agricultural,Hay/Turf,Alfalfa,Sprinkler,1.769428,2025,Cache,Bear River,Cache Valley,420591.814,4645905.321,area_weighted_polygon_centroid_in_simplified_service_area,1
company_168,48830,Agricultural,Hay/Turf,Alfalfa,Sprinkler,5.565563,2025,Cache,Bear River,Cache Valley,422023.164,4637963.536,area_weighted_polygon_centroid_in_simplified_service_area,1
company_130,48873,Agricultural,Hay/Turf,Alfalfa,Sprinkler,2.201751,2025,Cache,Bear River,Cache Valley,431202.262,4598646.003,area_weighted_polygon_centroid_in_simplified_service_area,1
company_168,49054,Agricultural,Hay/Turf,Alfalfa,Pivot,2.43993,2025,Cache,Bear River,Cache Valley,416853.408,4633241.937,area_weighted_polygon_centroid_in_simplified_service_area,1
company_132,49141,Agricultural,Hay/Turf,Alfalfa,Sprinkler,1.350446,2025,Cache,Bear River,Cache Valley,432034.564,4598898.018,area_weighted_polygon_centroid_in_simplified_service_area,1
company_132,49177,Agricultural,Hay/Turf,Alfalfa,Sprinkler,0.597271,2025,Cache,Bear River,Cache Valley,432414.982,4606294.494,area_weighted_polygon_centroid_in_simplified_service_area,1
company_130,49231,Agricultural,Hay/Turf,Alfalfa,Sprinkler,1.533215,2025,Cache,Bear River,Cache Valley,430929.517,4599824.765,area_weighted_polygon_centroid_in_simplified_service_area,1
company_1249,49314,Agricultural,Hay/Turf,Alfalfa,Sprinkler,0.768105,2025,Cache,Bear River,Cache Valley,433193.063,4625840.173,area_weighted_polygon_centroid_in_simplified_service_area,1
company_168,49410,Agricultural,Hay/Turf,Alfalfa,Wheel,15.29182,2025,Cache,Bear River,Cache Valley,418242.058,4632674.798,area_weighted_polygon_centroid_in_simplified_service_area,1
company_168,49451,Agricultural,Hay/Turf,Alfalfa,Sprinkler,3.24807,2025,Cache,Bear River,Cache Valley,424138.19,4632064.922,area_weighted_polygon_centroid_in_simplified_service_area,1
company_130,49678,Agricultural,Hay/Turf,Alfalfa,Sprinkler,1.690034,2025,Cache,Bear River,Cache Valley,431203.047,4599168.353,area_weighted_polygon_centroid_in_simplified_service_area,1
company_132,49764,Agricultural,Hay/Turf,Alfalfa,Sprinkler,12.202685,2025,Cache,Bear River,Cache Valley,431865.004,4598577.933,area_weighted_polygon_centroid_in_simplified_service_area,1
company_130,49805,Agricultural,Hay/Turf,Grass Hay,Sprinkler,5.723155,2025,Cache,Bear River,Cache Valley,429668.681,4603291.12,area_weighted_polygon_centroid_in_simplified_service_area,1
company_130,50031,Agricultural,Hay/Turf,Grass Hay,Sprinkler,5.59303,2025,Cache,Bear River,Cache Valley,432335.521,4597934.223,area_weighted_polygon_centroid_in_simplified_service_area,1
company_168,50043,Agricultural,Hay/Turf,Alfalfa,Sprinkler,1.840717,2025,Cache,Bear River,Cache Valley,425767.271,4635785.756,area_weighted_polygon_centroid_in_simplified_service_area,1
company_088,50175,Agricultural,Hay/Turf,Alfalfa,Sprinkler,26.622596,2025,Cache,Bear River,Cache Valley,430768.177,4606509.497,area_weighted_polygon_centroid_in_simplified_service_area,1
company_168,50310,Agricultural,Hay/Turf,Grass Hay,Sprinkler,6.984716,2025,Cache,Bear River,Cache Valley,423932.002,4631780.581,area_weighted_polygon_centroid_in_simplified_service_area,1
company_168,50439,Agricultural,Hay/Turf,Alfalfa,Sprinkler,0.842982,2025,Cache,Bear River,Cache Valley,421192.356,4634747.753,area_weighted_polygon_centroid_in_simplified_service_area,1
company_130,50467,Agricultural,Hay/Turf,Alfalfa,Sprinkler,8.924272,2025,Cache,Bear River,Cache Valley,431249.922,4601261.678,area_weighted_polygon_centroid_in_simplified_service_area,1
company_168,50549,Agricultural,Hay/Turf,Alfalfa,Sprinkler,1.937809,2025,Cache,Bear River,Cache Valley,419368.966,4632825.698,area_weighted_polygon_centroid_in_simplified_service_area,1
company_130,50685,Agricultural,Hay/Turf,Grass Hay,Sprinkler,2.63132,2025,Cache,Bear River,Cache Valley,430302.475,4602777.502,area_weighted_polygon_centroid_in_simplified_service_area,1
company_132,50762,Agricultural,Hay/Turf,Grass Hay,Sprinkler,7.651158,2025,Cache,Bear River,Cache Valley,430784.884,4603304.108,area_weighted_polygon_centroid_in_simplified_service_area,1
company_132,50892,Agricultural,Hay/Turf,Grass Hay,Sprinkler,4.754486,2025,Cache,Bear River,Cache Valley,431340.449,4601609.746,area_weighted_polygon_centroid_in_simplified_service_area,1
company_132,50937,Agricultural,Hay/Turf,Alfalfa,Sprinkler,1.886693,2025,Cache,Bear River,Cache Valley,432542.513,4607604.408,area_weighted_polygon_centroid_in_simplified_service_area,1
company_132,50970,Agricultural,Hay/Turf,Alfalfa,Sprinkler,0.337137,2025,Cache,Bear River,Cache Valley,432622.39,4606752.719,area_weighted_polygon_centroid_in_simplified_service_area,1
company_132,51039,Agricultural,Hay/Turf,Alfalfa,Sprinkler,0.418152,2025,Cache,Bear River,Cache Valley,432418.73,4606753.357,area_weighted_polygon_centroid_in_simplified_service_area,1
company_168,51044,Agricultural,Hay/Turf,Alfalfa,Wheel,4.637614,2025,Cache,Bear River,Cache Valley,418044.635,4632662.403,area_weighted_polygon_centroid_in_simplified_service_area,1
company_130,51062,Agricultural,Hay/Turf,Alfalfa,Sprinkler,2.495678,2025,Cache,Bear River,Cache Valley,430058.99,4604095.513,area_weighted_polygon_centroid_in_simplified_service_area,1
company_1249,51097,Agricultural,Hay/Turf,Alfalfa,Sprinkler,0.58717,2025,Cache,Bear River,Cache Valley,433804.679,4625494.326,area_weighted_polygon_centroid_in_simplified_service_area,1
company_132,51194,Agricultural,Hay/Turf,Alfalfa,Sprinkler,9.597383,2025,Cache,Bear River,Cache Valley,432471.413,4608547.369,area_weighted_polygon_centroid_in_simplified_service_area,1
company_168,51293,Agricultural,Hay/Turf,Grass Hay,Sprinkler,0.806464,2025,Cache,Bear River,Cache Valley,421932.885,4641492.02,area_weighted_polygon_centroid_in_simplified_service_area,1
company_130,51421,Agricultural,Hay/Turf,Alfalfa,Wheel,9.872943,2025,Cache,Bear River,Cache Valley,429957.116,4605232.691,area_weighted_polygon_centroid_in_simplified_service_area,1
company_106,51426,Agricultural,Hay/Turf,Grass Hay,Sprinkler,1.848891,2025,Cache,Bear River,Cache Valley,426384.319,4618892.802,area_weighted_polygon_centroid_in_simplified_service_area,1
company_1249,51432,Agricultural,Hay/Turf,Alfalfa,Sprinkler,0.53236,2025,Cache,Bear River,Cache Valley,433184.044,4625562.489,area_weighted_polygon_centroid_in_simplified_service_area,1
company_168,51514,Agricultural,Hay/Turf,Alfalfa,Sprinkler,5.711133,2025,Cache,Bear River,Cache Valley,419874.173,4633781.186,area_weighted_polygon_centroid_in_simplified_service_area,1
company_132,51538,Agricultural,Hay/Turf,Alfalfa,Sprinkler,1.999655,2025,Cache,Bear River,Cache Valley,431632.512,4609868.74,area_weighted_polygon_centroid_in_simplified_service_area,1
company_168,51625,Agricultural,Hay/Turf,Alfalfa,Sprinkler,8.032936,2025,Cache,Bear River,Cache Valley,421328.141,4640134.641,area_weighted_polygon_centroid_in_simplified_service_area,1
company_1249,51632,Agricultural,Hay/Turf,Alfalfa,Sprinkler,0.656774,2025,Cache,Bear River,Cache Valley,433621.415,4625098.841,area_weighted_polygon_centroid_in_simplified_service_area,1
company_132,51685,Agricultural,Hay/Turf,Grass Hay,Sprinkler,3.769584,2025,Cache,Bear River,Cache Valley,432069.832,4598975.82,area_weighted_polygon_centroid_in_simplified_service_area,1
company_088,51857,Agricultural,Hay/Turf,Alfalfa,Sprinkler,0.61074,2025,Cache,Bear River,Cache Valley,425666.98,4610341.28,area_weighted_polygon_centroid_in_simplified_service_area,1
company_1249,51903,Agricultural,Hay/Turf,Grass Hay,Sprinkler,1.015704,2025,Cache,Bear River,Cache Valley,434506.31,4625182.151,area_weighted_polygon_centroid_in_simplified_service_area,1
company_130,51911,Agricultural,Hay/Turf,Alfalfa,Sprinkler,1.883104,2025,Cache,Bear River,Cache Valley,429699.752,4605091.661,area_weighted_polygon_centroid_in_simplified_service_area,1
company_130,51953,Agricultural,Hay/Turf,Grass Hay,Sprinkler,7.923627,2025,Cache,Bear River,Cache Valley,432506.527,4598025.71,area_weighted_polygon_centroid_in_simplified_service_area,1
company_132,52015,Agricultural,Hay/Turf,Alfalfa,Sprinkler,4.805206,2025,Cache,Bear River,Cache Valley,431468.852,4604683.952,area_weighted_polygon_centroid_in_simplified_service_area,1
company_130,52061,Agricultural,Hay/Turf,Alfalfa,Sprinkler,1.526695,2025,Cache,Bear River,Cache Valley,430893.972,4599953.953,area_weighted_polygon_centroid_in_simplified_service_area,1
company_168,52073,Agricultural,Hay/Turf,Grass Hay,Sprinkler,2.311328,2025,Cache,Bear River,Cache Valley,424008.176,4631631.212,area_weighted_polygon_centroid_in_simplified_service_area,1
company_132,52146,Agricultural,Hay/Turf,Alfalfa,Sprinkler,1.937172,2025,Cache,Bear River,Cache Valley,431543.485,4610130.143,area_weighted_polygon_centroid_in_simplified_service_area,1
company_132,52253,Agricultural,Hay/Turf,Alfalfa,Sprinkler,1.466282,2025,Cache,Bear River,Cache Valley,432225.284,4605555.985,area_weighted_polygon_centroid_in_simplified_service_area,1
company_132,52262,Agricultural,Hay/Turf,Alfalfa,Sprinkler,10.99135,2025,Cache,Bear River,Cache Valley,431118.438,4603431.837,area_weighted_polygon_centroid_in_simplified_service_area,1
company_168,52332,Agricultural,Hay/Turf,Alfalfa,Wheel,25.731183,2025,Cache,Bear River,Cache Valley,420330.684,4647826.316,area_weighted_polygon_centroid_in_simplified_service_area,1
company_1249,52370,Agricultural,Hay/Turf,Alfalfa,Sprinkler,1.02468,2025,Cache,Bear River,Cache Valley,433800.627,4625462.012,area_weighted_polygon_centroid_in_simplified_service_area,1
company_132,52376,Agricultural,Hay/Turf,Alfalfa,Sprinkler,3.366391,2025,Cache,Bear River,Cache Valley,432267.532,4602940.595,area_weighted_polygon_centroid_in_simplified_service_area,1
company_130,52627,Agricultural,Hay/Turf,Alfalfa,Sprinkler,1.891229,2025,Cache,Bear River,Cache Valley,429717.279,4603114.992,area_weighted_polygon_centroid_in_simplified_service_area,1
company_168,52706,Agricultural,Hay/Turf,Alfalfa,Sprinkler,0.862141,2025,Cache,Bear River,Cache Valley,423570.572,4637784.317,area_weighted_polygon_centroid_in_simplified_service_area,1
company_168,52742,Agricultural,Hay/Turf,Alfalfa,Sprinkler,1.551803,2025,Cache,Bear River,Cache Valley,422813.001,4637869.424,area_weighted_polygon_centroid_in_simplified_service_area,1
company_132,52808,Agricultural,Hay/Turf,Grass Hay,Sprinkler,2.86403,2025,Cache,Bear River,Cache Valley,432038.305,4599027.958,area_weighted_polygon_centroid_in_simplified_service_area,1
company_132,52891,Agricultural,Hay/Turf,Alfalfa,Sprinkler,6.867343,2025,Cache,Bear River,Cache Valley,431949.343,4604066.681,area_weighted_polygon_centroid_in_simplified_service_area,1
company_1249,52965,Agricultural,Hay/Turf,Alfalfa,Sprinkler,2.158903,2025,Cache,Bear River,Cache Valley,433059.874,4625584.12,area_weighted_polygon_centroid_in_simplified_service_area,1
company_132,52985,Agricultural,Hay/Turf,Alfalfa,Sprinkler,1.847273,2025,Cache,Bear River,Cache Valley,432300.343,4606303.416,area_weighted_polygon_centroid_in_simplified_service_area,1
company_130,53023,Agricultural,Hay/Turf,Alfalfa,Sprinkler,2.577814,2025,Cache,Bear River,Cache Valley,429342.747,4606339.976,area_weighted_polygon_centroid_in_simplified_service_area,1
company_088,53075,Agricultural,Hay/Turf,Alfalfa,Sprinkler,1.329102,2025,Cache,Bear River,Cache Valley,427960.497,4610162.965,area_weighted_polygon_centroid_in_simplified_service_area,1
company_168,53105,Agricultural,Hay/Turf,Alfalfa,Wheel,6.077502,2025,Cache,Bear River,Cache Valley,418155.393,4632368.733,area_weighted_polygon_centroid_in_simplified_service_area,1
company_132,53243,Agricultural,Hay/Turf,Alfalfa,Sprinkler,2.141169,2025,Cache,Bear River,Cache Valley,432737.975,4606346.558,area_weighted_polygon_centroid_in_simplified_service_area,1
company_132,53475,Agricultural,Small Fruit,Berries,Flood,3.050312,2025,Cache,Bear River,Cache Valley,431865.101,4602947.649,area_weighted_polygon_centroid_in_simplified_service_area,1
company_132,53489,Agricultural,Small Fruit,Berries,Sprinkler,2.969849,2025,Cache,Bear River,Cache Valley,431702.43,4603084.341,area_weighted_polygon_centroid_in_simplified_service_area,1
company_1249,53496,Agricultural,Small Fruit,Berries,Sprinkler,1.2214,2025,Cache,Bear River,Cache Valley,433164.617,4629582.504,area_weighted_polygon_centroid_in_simplified_service_area,1
company_132,53505,Agricultural,Small Fruit,Berries,Sprinkler,3.100352,2025,Cache,Bear River,Cache Valley,431702.925,4603236.695,area_weighted_polygon_centroid_in_simplified_service_area,1
company_132,53506,Agricultural,Small Fruit,Berries,Sprinkler,3.932636,2025,Cache,Bear River,Cache Valley,431636.16,4603160.555,area_weighted_polygon_centroid_in_simplified_service_area,1
company_132,53507,Agricultural,Small Fruit,Berries,Sprinkler,2.598844,2025,Cache,Bear River,Cache Valley,432764.169,4602815.65,area_weighted_polygon_centroid_in_simplified_service_area,1
company_132,53508,Agricultural,Small Fruit,Berries,Sprinkler,5.683272,2025,Cache,Bear River,Cache Valley,432061.013,4602663.156,area_weighted_polygon_centroid_in_simplified_service_area,1
company_132,53510,Agricultural,Small Fruit,Berries,Sprinkler,1.27824,2025,Cache,Bear River,Cache Valley,431949.106,4602790.135,area_weighted_polygon_centroid_in_simplified_service_area,1
company_132,53512,Agricultural,Small Fruit,Berries,Sprinkler,6.66086,2025,Cache,Bear River,Cache Valley,432136.21,4602837.843,area_weighted_polygon_centroid_in_simplified_service_area,1
company_132,53513,Agricultural,Small Fruit,Berries,Sprinkler,3.146184,2025,Cache,Bear River,Cache Valley,432658.315,4602804.04,area_weighted_polygon_centroid_in_simplified_service_area,1
company_132,53514,Agricultural,Small Fruit,Berries,Sprinkler,5.318943,2025,Cache,Bear River,Cache Valley,431574.458,4603160.5,area_weighted_polygon_centroid_in_simplified_service_area,1
company_132,53516,Agricultural,Small Fruit,Berries,Sprinkler,10.387761,2025,Cache,Bear River,Cache Valley,431469.388,4603163.07,area_weighted_polygon_centroid_in_simplified_service_area,1
company_168,53730,Agricultural,Field Crops,Corn,Wheel,21.966649,2025,Cache,Bear River,Cache Valley,424746.397,4640878.554,area_weighted_polygon_centroid_in_simplified_service_area,1
company_168,53828,Agricultural,Field Crops,Corn,Flood,12.285238,2025,Cache,Bear River,Cache Valley,423315.461,4639295.311,area_weighted_polygon_centroid_in_simplified_service_area,1
company_168,53924,Agricultural,Field Crops,Corn,Pivot,5.004726,2025,Cache,Bear River,Cache Valley,423560.568,4639744.786,area_weighted_polygon_centroid_in_simplified_service_area,1
company_168,53950,Agricultural,Field Crops,Corn,Flood,4.551737,2025,Cache,Bear River,Cache Valley,424738.807,4633722.585,area_weighted_polygon_centroid_in_simplified_service_area,1
company_164,53967,Agricultural,Field Crops,Corn,Flood,4.992521,2025,Cache,Bear River,Cache Valley,425018.684,4610456.584,area_weighted_polygon_centroid_in_simplified_service_area,1
company_168,53971,Agricultural,Field Crops,Corn,Pivot,7.941846,2025,Cache,Bear River,Cache Valley,423133.021,4639519.193,area_weighted_polygon_centroid_in_simplified_service_area,1
company_168,53973,Agricultural,Field Crops,Corn,Pivot,17.893786,2025,Cache,Bear River,Cache Valley,423272.564,4639913.776,area_weighted_polygon_centroid_in_simplified_service_area,1
company_168,53978,Agricultural,Field Crops,Corn,Flood,14.02386,2025,Cache,Bear River,Cache Valley,422482.434,4639318.48,area_weighted_polygon_centroid_in_simplified_service_area,1
company_168,54006,Agricultural,Field Crops,Corn,Flood,8.994836,2025,Cache,Bear River,Cache Valley,425153.795,4632278.452,area_weighted_polygon_centroid_in_simplified_service_area,1
company_168,54058,Agricultural,Field Crops,Corn,Flood,32.053939,2025,Cache,Bear River,Cache Valley,425627.067,4632791.953,area_weighted_polygon_centroid_in_simplified_service_area,1
company_168,54076,Agricultural,Field Crops,Corn,Flood,10.689035,2025,Cache,Bear River,Cache Valley,422349.2,4640457.161,area_weighted_polygon_centroid_in_simplified_service_area,1
company_168,54088,Agricultural,Field Crops,Corn,Flood,8.022483,2025,Cache,Bear River,Cache Valley,421675.809,4641535.879,area_weighted_polygon_centroid_in_simplified_service_area,1
company_164,54096,Agricultural,Field Crops,Corn,Flood,5.442151,2025,Cache,Bear River,Cache Valley,424864.841,4610693.175,area_weighted_polygon_centroid_in_simplified_service_area,1
company_168,54102,Agricultural,Field Crops,Corn,Flood,12.463676,2025,Cache,Bear River,Cache Valley,424071.702,4640141.607,area_weighted_polygon_centroid_in_simplified_service_area,1
company_168,54111,Agricultural,Field Crops,Corn,Pivot,12.967095,2025,Cache,Bear River,Cache Valley,423201.999,4639707.014,area_weighted_polygon_centroid_in_simplified_service_area,1
company_168,54126,Agricultural,Field Crops,Corn,Flood,0.380513,2025,Cache,Bear River,Cache Valley,422187.069,4641936.267,area_weighted_polygon_centroid_in_simplified_service_area,1
company_168,54149,Agricultural,Field Crops,Corn,Flood,2.875707,2025,Cache,Bear River,Cache Valley,421914.966,4642013.242,area_weighted_polygon_centroid_in_simplified_service_area,1
company_088,54176,Agricultural,Field Crops,Corn,Flood,1.414543,2025,Cache,Bear River,Cache Valley,429748.401,4609881.128,area_weighted_polygon_centroid_in_simplified_service_area,1
company_164,54180,Agricultural,Field Crops,Corn,Flood,16.889329,2025,Cache,Bear River,Cache Valley,425954.261,4610689.181,area_weighted_polygon_centroid_in_simplified_service_area,1
company_164,54195,Agricultural,Field Crops,Corn,Flood,12.761759,2025,Cache,Bear River,Cache Valley,424283.953,4614867.028,area_weighted_polygon_centroid_in_simplified_service_area,1
company_106,54267,Agricultural,Field Crops,Corn,Flood,8.851137,2025,Cache,Bear River,Cache Valley,426737.858,4618110.144,area_weighted_polygon_centroid_in_simplified_service_area,1
company_168,54407,Agricultural,Field Crops,Corn,Flood,5.583199,2025,Cache,Bear River,Cache Valley,422134.844,4641705.115,area_weighted_polygon_centroid_in_simplified_service_area,1
company_168,54468,Agricultural,Field Crops,Corn,Flood,5.572168,2025,Cache,Bear River,Cache Valley,425217.472,4634680.814,area_weighted_polygon_centroid_in_simplified_service_area,1
company_168,54504,Agricultural,Field Crops,Corn,Flood,27.01497,2025,Cache,Bear River,Cache Valley,425455.539,4635770.763,area_weighted_polygon_centroid_in_simplified_service_area,1
company_168,54524,Agricultural,Field Crops,Corn,Flood,22.901007,2025,Cache,Bear River,Cache Valley,424852.426,4632723.359,area_weighted_polygon_centroid_in_simplified_service_area,1
company_168,54551,Agricultural,Field Crops,Corn,Flood,3.185636,2025,Cache,Bear River,Cache Valley,421834.962,4642011.247,area_weighted_polygon_centroid_in_simplified_service_area,1
company_164,54556,Agricultural,Field Crops,Corn,Flood,4.882054,2025,Cache,Bear River,Cache Valley,424709.178,4610751.592,area_weighted_polygon_centroid_in_simplified_service_area,1
company_164,54583,Agricultural,Field Crops,Corn,Flood,0.688029,2025,Cache,Bear River,Cache Valley,424602.31,4612216.957,area_weighted_polygon_centroid_in_simplified_service_area,1
company_168,54586,Agricultural,Field Crops,Corn,Pivot,12.820304,2025,Cache,Bear River,Cache Valley,424838.028,4640310.809,area_weighted_polygon_centroid_in_simplified_service_area,1
company_088,54648,Agricultural,Field Crops,Corn,Flood,2.26802,2025,Cache,Bear River,Cache Valley,429694.813,4609854.035,area_weighted_polygon_centroid_in_simplified_service_area,1
company_168,54663,Agricultural,Field Crops,Corn,Flood,10.873472,2025,Cache,Bear River,Cache Valley,424742.231,4640995.096,area_weighted_polygon_centroid_in_simplified_service_area,1
company_168,54710,Agricultural,Field Crops,Corn,Flood,6.802115,2025,Cache,Bear River,Cache Valley,422129.003,4641885.468,area_weighted_polygon_centroid_in_simplified_service_area,1
company_164,54805,Agricultural,Field Crops,Corn,Flood,11.286375,2025,Cache,Bear River,Cache Valley,425733.456,4611456.751,area_weighted_polygon_centroid_in_simplified_service_area,1
company_164,54822,Agricultural,Field Crops,Corn,Flood,13.90451,2025,Cache,Bear River,Cache Valley,424862.178,4610514.445,area_weighted_polygon_centroid_in_simplified_service_area,1
company_168,54857,Agricultural,Field Crops,Corn,Flood,15.822624,2025,Cache,Bear River,Cache Valley,425449.891,4634885.943,area_weighted_polygon_centroid_in_simplified_service_area,1
company_168,54860,Agricultural,Field Crops,Corn,Pivot,6.725489,2025,Cache,Bear River,Cache Valley,423654.414,4639850.554,area_weighted_polygon_centroid_in_simplified_service_area,1
company_164,54868,Agricultural,Field Crops,Corn,Flood,14.749599,2025,Cache,Bear River,Cache Valley,424410.846,4614790.843,area_weighted_polygon_centroid_in_simplified_service_area,1
company_168,55010,Agricultural,Field Crops,Corn,Flood,5.607189,2025,Cache,Bear River,Cache Valley,424877.972,4632922.506,area_weighted_polygon_centroid_in_simplified_service_area,1
company_164,55012,Agricultural,Field Crops,Corn,Flood,15.288765,2025,Cache,Bear River,Cache Valley,425079.251,4610699.271,area_weighted_polygon_centroid_in_simplified_service_area,1
company_168,55050,Agricultural,Field Crops,Corn,Pivot,21.049086,2025,Cache,Bear River,Cache Valley,424101.504,4639848.569,area_weighted_polygon_centroid_in_simplified_service_area,1
company_164,55063,Agricultural,Field Crops,Corn,Flood,7.868487,2025,Cache,Bear River,Cache Valley,424661.495,4612136.551,area_weighted_polygon_centroid_in_simplified_service_area,1
company_164,55086,Agricultural,Field Crops,Corn,Flood,10.810633,2025,Cache,Bear River,Cache Valley,425146.772,4611169.621,area_weighted_polygon_centroid_in_simplified_service_area,1
company_168,55117,Agricultural,Field Crops,Corn,Pivot,18.138002,2025,Cache,Bear River,Cache Valley,424769.247,4640603.007,area_weighted_polygon_centroid_in_simplified_service_area,1
company_164,55163,Agricultural,Field Crops,Corn,Flood,10.430011,2025,Cache,Bear River,Cache Valley,425043.007,4611174.827,area_weighted_polygon_centroid_in_simplified_service_area,1
company_168,55173,Agricultural,Field Crops,Corn,Flood,23.191567,2025,Cache,Bear River,Cache Valley,422180.45,4639318.187,area_weighted_polygon_centroid_in_simplified_service_area,1
company_088,55180,Agricultural,Field Crops,Corn,Flood,2.338525,2025,Cache,Bear River,Cache Valley,429802.068,4609917.541,area_weighted_polygon_centroid_in_simplified_service_area,1
company_168,55186,Agricultural,Field Crops,Corn,Flood,8.99732,2025,Cache,Bear River,Cache Valley,422133.863,4641791.767,area_weighted_polygon_centroid_in_simplified_service_area,1
company_168,55204,Agricultural,Field Crops,Corn,Pivot,9.267049,2025,Cache,Bear River,Cache Valley,423528.889,4639952.131,area_weighted_polygon_centroid_in_simplified_service_area,1
company_168,55267,Agricultural,Field Crops,Corn,Pivot,30.17827,2025,Cache,Bear River,Cache Valley,423841.537,4639850.517,area_weighted_polygon_centroid_in_simplified_service_area,1
company_168,55336,Agricultural,Field Crops,Corn,Pivot,24.580288,2025,Cache,Bear River,Cache Valley,423674.694,4640144.064,area_weighted_polygon_centroid_in_simplified_service_area,1
company_164,55345,Agricultural,Field Crops,Corn,Flood,6.075838,2025,Cache,Bear River,Cache Valley,424868.031,4610798.452,area_weighted_polygon_centroid_in_simplified_service_area,1
company_168,55368,Agricultural,Field Crops,Corn,Flood,6.560354,2025,Cache,Bear River,Cache Valley,424909.322,4633725.697,area_weighted_polygon_centroid_in_simplified_service_area,1
company_088,55381,Agricultural,Field Crops,Corn,Flood,28.483617,2025,Cache,Bear River,Cache Valley,426989.512,4610523.249,area_weighted_polygon_centroid_in_simplified_service_area,1
company_168,55788,Agricultural,Field Crops,Corn,Flood,21.305684,2025,Cache,Bear River,Cache Valley,425215.013,4632468.662,area_weighted_polygon_centroid_in_simplified_service_area,1
company_164,55829,Agricultural,Field Crops,Corn,Flood,22.744921,2025,Cache,Bear River,Cache Valley,424451.45,4611207.428,area_weighted_polygon_centroid_in_simplified_service_area,1
company_164,55849,Agricultural,Field Crops,Corn,Flood,4.986365,2025,Cache,Bear River,Cache Valley,424703.472,4610539.892,area_weighted_polygon_centroid_in_simplified_service_area,1
company_168,55851,Agricultural,Field Crops,Corn,Pivot,39.113696,2025,Cache,Bear River,Cache Valley,422987.465,4639985.868,area_weighted_polygon_centroid_in_simplified_service_area,1
company_168,55865,Agricultural,Field Crops,Corn,Flood,11.246685,2025,Cache,Bear River,Cache Valley,425511.969,4635085.353,area_weighted_polygon_centroid_in_simplified_service_area,1
company_164,55912,Agricultural,Field Crops,Corn,Flood,11.33124,2025,Cache,Bear River,Cache Valley,425898.932,4611189.99,area_weighted_polygon_centroid_in_simplified_service_area,1
company_088,55953,Agricultural,Field Crops,Corn,Flood,5.185058,2025,Cache,Bear River,Cache Valley,429888.169,4609892.261,area_weighted_polygon_centroid_in_simplified_service_area,1
company_168,56044,Agricultural,Field Crops,Corn,Flood,9.393373,2025,Cache,Bear River,Cache Valley,422246.555,4640453.494,area_weighted_polygon_centroid_in_simplified_service_area,1
company_164,56105,Agricultural,Hay/Turf,Grass Hay,Flood,1.638939,2025,Cache,Bear River,Cache Valley,424475.755,4612094.599,area_weighted_polygon_centroid_in_simplified_service_area,1
company_168,56123,Agricultural,Field Crops,Corn,Pivot,9.809653,2025,Cache,Bear River,Cache Valley,423259.517,4639576.107,area_weighted_polygon_centroid_in_simplified_service_area,1
company_168,56365,Agricultural,Field Crops,Corn,Flood,1.311431,2025,Cache,Bear River,Cache Valley,425370.478,4632279.646,area_weighted_polygon_centroid_in_simplified_service_area,1
company_168,56561,Agricultural,Field Crops,Corn,Wheel,9.226152,2025,Cache,Bear River,Cache Valley,422074.698,4639697.103,area_weighted_polygon_centroid_in_simplified_service_area,1
company_168,56695,Agricultural,Field Crops,Corn,Sprinkler,2.618028,2025,Cache,Bear River,Cache Valley,424329.627,4638680.454,area_weighted_polygon_centroid_in_simplified_service_area,1
company_1249,56744,Agricultural,Field Crops,Corn,Sprinkler,10.588412,2025,Cache,Bear River,Cache Valley,432391.045,4630420.756,area_weighted_polygon_centroid_in_simplified_service_area,1
company_168,56802,Agricultural,Field Crops,Corn,Pivot,3.174566,2025,Cache,Bear River,Cache Valley,422290.749,4641592.666,area_weighted_polygon_centroid_in_simplified_service_area,1
company_168,56809,Agricultural,Field Crops,Corn,Wheel,0.561909,2025,Cache,Bear River,Cache Valley,425719.997,4638338.643,area_weighted_polygon_centroid_in_simplified_service_area,1
company_168,56864,Agricultural,Field Crops,Corn,Sprinkler,23.306873,2025,Cache,Bear River,Cache Valley,421903.022,4639658.228,area_weighted_polygon_centroid_in_simplified_service_area,1
company_168,56946,Agricultural,Field Crops,Corn,Sprinkler,3.321654,2025,Cache,Bear River,Cache Valley,424469.35,4638674.111,area_weighted_polygon_centroid_in_simplified_service_area,1
company_1249,56980,Agricultural,Field Crops,Corn,Pivot,53.772254,2025,Cache,Bear River,Cache Valley,432548.119,4630156.834,area_weighted_polygon_centroid_in_simplified_service_area,1
company_168,56993,Agricultural,Field Crops,Corn,Sprinkler,20.872204,2025,Cache,Bear River,Cache Valley,424832.77,4640412.35,area_weighted_polygon_centroid_in_simplified_service_area,1
company_168,57006,Agricultural,Field Crops,Corn,Sprinkler,8.272763,2025,Cache,Bear River,Cache Valley,424291.071,4640470.23,area_weighted_polygon_centroid_in_simplified_service_area,1
company_168,57015,Agricultural,Field Crops,Corn,Sprinkler,22.905583,2025,Cache,Bear River,Cache Valley,425603.911,4632473.708,area_weighted_polygon_centroid_in_simplified_service_area,1
company_168,57056,Agricultural,Field Crops,Corn,Sprinkler,62.997328,2025,Cache,Bear River,Cache Valley,421430.608,4635915.59,area_weighted_polygon_centroid_in_simplified_service_area,1
company_168,57071,Agricultural,Field Crops,Corn,Sprinkler,21.514287,2025,Cache,Bear River,Cache Valley,424801.838,4640509.063,area_weighted_polygon_centroid_in_simplified_service_area,1
company_168,57123,Agricultural,Field Crops,Corn,Sprinkler,8.623043,2025,Cache,Bear River,Cache Valley,425224.591,4640308.836,area_weighted_polygon_centroid_in_simplified_service_area,1
company_106,57211,Agricultural,Field Crops,Corn,Sprinkler,9.89691,2025,Cache,Bear River,Cache Valley,426838.792,4617772.691,area_weighted_polygon_centroid_in_simplified_service_area,1
company_168,57238,Agricultural,Field Crops,Corn,Pivot,24.52597,2025,Cache,Bear River,Cache Valley,424339.126,4631601.973,area_weighted_polygon_centroid_in_simplified_service_area,1
company_168,57367,Agricultural,Field Crops,Corn,Wheel,8.908861,2025,Cache,Bear River,Cache Valley,422061.032,4642235.578,area_weighted_polygon_centroid_in_simplified_service_area,1
company_168,57412,Agricultural,Field Crops,Corn,Sprinkler,18.673384,2025,Cache,Bear River,Cache Valley,425195.988,4633694.711,area_weighted_polygon_centroid_in_simplified_service_area,1
company_168,57420,Agricultural,Field Crops,Corn,Pivot,49.845944,2025,Cache,Bear River,Cache Valley,419622.566,4648357.357,area_weighted_polygon_centroid_in_simplified_service_area,1
company_130,57448,Agricultural,Field Crops,Corn,Sprinkler,1.803598,2025,Cache,Bear River,Cache Valley,429489.409,4602279.665,area_weighted_polygon_centroid_in_simplified_service_area,1
company_168,57457,Agricultural,Field Crops,Corn,Pivot,21.524109,2025,Cache,Bear River,Cache Valley,421679.688,4639659.773,area_weighted_polygon_centroid_in_simplified_service_area,1
company_168,57479,Agricultural,Field Crops,Corn,Sprinkler,32.713254,2025,Cache,Bear River,Cache Valley,417457.162,4633495.053,area_weighted_polygon_centroid_in_simplified_service_area,1
company_1249,57500,Agricultural,Field Crops,Corn,Sprinkler,8.972969,2025,Cache,Bear River,Cache Valley,432337.092,4629983.249,area_weighted_polygon_centroid_in_simplified_service_area,1
company_168,57555,Agricultural,Field Crops,Corn,Sprinkler,3.608545,2025,Cache,Bear River,Cache Valley,424260.709,4639299.329,area_weighted_polygon_centroid_in_simplified_service_area,1
company_168,57624,Agricultural,Field Crops,Corn,Pivot,5.407452,2025,Cache,Bear River,Cache Valley,421370.917,4635507.921,area_weighted_polygon_centroid_in_simplified_service_area,1
company_168,57625,Agricultural,Field Crops,Corn,Sprinkler,2.961242,2025,Cache,Bear River,Cache Valley,424261.5,4638776.753,area_weighted_polygon_centroid_in_simplified_service_area,1
company_168,57739,Agricultural,Field Crops,Corn,Sprinkler,0.269976,2025,Cache,Bear River,Cache Valley,425371.341,4634634.212,area_weighted_polygon_centroid_in_simplified_service_area,1
company_168,57865,Agricultural,Field Crops,Corn,Sprinkler,17.472552,2025,Cache,Bear River,Cache Valley,426096.513,4635647.845,area_weighted_polygon_centroid_in_simplified_service_area,1
company_168,57867,Agricultural,Field Crops,Corn,Wheel,4.778571,2025,Cache,Bear River,Cache Valley,425774.395,4638315.603,area_weighted_polygon_centroid_in_simplified_service_area,1
company_168,57932,Agricultural,Field Crops,Corn,Pivot,34.696767,2025,Cache,Bear River,Cache Valley,420723.39,4647299.318,area_weighted_polygon_centroid_in_simplified_service_area,1
company_168,58062,Agricultural,Field Crops,Corn,Pivot,98.378574,2025,Cache,Bear River,Cache Valley,420653.192,4641508.875,area_weighted_polygon_centroid_in_simplified_service_area,1
company_168,58067,Agricultural,Field Crops,Corn,Pivot,7.567464,2025,Cache,Bear River,Cache Valley,422121.649,4641619.389,area_weighted_polygon_centroid_in_simplified_service_area,1
company_168,58122,Agricultural,Field Crops,Corn,Wheel,26.860479,2025,Cache,Bear River,Cache Valley,422880.814,4640366.979,area_weighted_polygon_centroid_in_simplified_service_area,1
company_168,58229,Agricultural,Field Crops,Corn,Sprinkler,74.187985,2025,Cache,Bear River,Cache Valley,424504.533,4639127.255,area_weighted_polygon_centroid_in_simplified_service_area,1
company_168,58268,Agricultural,Field Crops,Corn,Pivot,29.237184,2025,Cache,Bear River,Cache Valley,420798.342,4640911.935,area_weighted_polygon_centroid_in_simplified_service_area,1
company_168,58296,Agricultural,Field Crops,Corn,Pivot,33.15678,2025,Cache,Bear River,Cache Valley,420531.321,4632803.752,area_weighted_polygon_centroid_in_simplified_service_area,1
company_168,58373,Agricultural,Field Crops,Corn,Pivot,53.119858,2025,Cache,Bear River,Cache Valley,421854.74,4635542.217,area_weighted_polygon_centroid_in_simplified_service_area,1
company_168,58560,Agricultural,Field Crops,Corn,Wheel,47.521599,2025,Cache,Bear River,Cache Valley,421462.994,4646836.589,area_weighted_polygon_centroid_in_simplified_service_area,1
company_168,58807,Agricultural,Field Crops,Corn,Sprinkler,5.658394,2025,Cache,Bear River,Cache Valley,417168.146,4633100.039,area_weighted_polygon_centroid_in_simplified_service_area,1
company_168,58815,Agricultural,Field Crops,Corn,Wheel,23.961809,2025,Cache,Bear River,Cache Valley,420183.38,4644364.459,area_weighted_polygon_centroid_in_simplified_service_area,1
company_168,58817,Agricultural,Field Crops,Corn,Pivot,21.071973,2025,Cache,Bear River,Cache Valley,417056.64,4633317.076,area_weighted_polygon_centroid_in_simplified_service_area,1
company_168,58898,Agricultural,Hay/Turf,Alfalfa,Dry Crop,2.606813,2025,Cache,Bear River,Cache Valley,421644.674,4640981.063,area_weighted_polygon_centroid_in_simplified_service_area,1
company_168,58970,Agricultural,Hay/Turf,Alfalfa,Dry Crop,2.551825,2025,Cache,Bear River,Cache Valley,421896.026,4640395.441,area_weighted_polygon_centroid_in_simplified_service_area,1
company_132,59042,Agricultural,Hay/Turf,Alfalfa,Dry Crop,3.422649,2025,Cache,Bear River,Cache Valley,432286.017,4606219.088,area_weighted_polygon_centroid_in_simplified_service_area,1
company_164,59189,Agricultural,Hay/Turf,Alfalfa,Dry Crop,3.274818,2025,Cache,Bear River,Cache Valley,423910.801,4611670.128,area_weighted_polygon_centroid_in_simplified_service_area,1
company_168,59290,Agricultural,Hay/Turf,Alfalfa,Dry Crop,9.25847,2025,Cache,Bear River,Cache Valley,423836.325,4637618.155,area_weighted_polygon_centroid_in_simplified_service_area,1
company_168,59316,Agricultural,Hay/Turf,Alfalfa,Dry Crop,4.749629,2025,Cache,Bear River,Cache Valley,421352.726,4641801.137,area_weighted_polygon_centroid_in_simplified_service_area,1
company_132,59475,Agricultural,Hay/Turf,Alfalfa,Dry Crop,7.400415,2025,Cache,Bear River,Cache Valley,431229.118,4602247.054,area_weighted_polygon_centroid_in_simplified_service_area,1
company_130,59520,Agricultural,Hay/Turf,Alfalfa,Dry Crop,8.607076,2025,Cache,Bear River,Cache Valley,430604.372,4601089.436,area_weighted_polygon_centroid_in_simplified_service_area,1
company_164,59692,Agricultural,Hay/Turf,Alfalfa,Dry Crop,1.083206,2025,Cache,Bear River,Cache Valley,423959.287,4614462.147,area_weighted_polygon_centroid_in_simplified_service_area,1
company_132,59986,Agricultural,Hay/Turf,Alfalfa,Dry Crop,2.42921,2025,Cache,Bear River,Cache Valley,431867.071,4602536.472,area_weighted_polygon_centroid_in_simplified_service_area,1
company_164,60115,Agricultural,Hay/Turf,Alfalfa,Dry Crop,5.21041,2025,Cache,Bear River,Cache Valley,423876.383,4611785.853,area_weighted_polygon_centroid_in_simplified_service_area,1
company_168,60167,Agricultural,Hay/Turf,Alfalfa,Dry Crop,0.92661,2025,Cache,Bear River,Cache Valley,423476.508,4638433.946,area_weighted_polygon_centroid_in_simplified_service_area,1
company_168,60207,Agricultural,Hay/Turf,Alfalfa,Dry Crop,43.923868,2025,Cache,Bear River,Cache Valley,420256.226,4644915.836,area_weighted_polygon_centroid_in_simplified_service_area,1
company_164,60567,Agricultural,Hay/Turf,Alfalfa,Dry Crop,1.891388,2025,Cache,Bear River,Cache Valley,424149.502,4610927.034,area_weighted_polygon_centroid_in_simplified_service_area,1
company_132,60776,Agricultural,Hay/Turf,Alfalfa,Dry Crop,10.043747,2025,Cache,Bear River,Cache Valley,431328.159,4602832.022,area_weighted_polygon_centroid_in_simplified_service_area,1
company_168,60780,Agricultural,Hay/Turf,Alfalfa,Dry Crop,9.640887,2025,Cache,Bear River,Cache Valley,422804.456,4638371.912,area_weighted_polygon_centroid_in_simplified_service_area,1
company_130,60905,Agricultural,Hay/Turf,Alfalfa,Dry Crop,0.799496,2025,Cache,Bear River,Cache Valley,429382.019,4606798.131,area_weighted_polygon_centroid_in_simplified_service_area,1
company_1249,60921,Agricultural,Hay/Turf,Alfalfa,Dry Crop,0.269781,2025,Cache,Bear River,Cache Valley,433292.748,4625520.627,area_weighted_polygon_centroid_in_simplified_service_area,1
company_105,60930,Agricultural,Hay/Turf,Alfalfa,Dry Crop,0.859179,2025,Cache,Bear River,Cache Valley,428996.567,4623900.144,area_weighted_polygon_centroid_in_simplified_service_area,1
company_130,60989,Agricultural,Hay/Turf,Alfalfa,Dry Crop,1.075526,2025,Cache,Bear River,Cache Valley,430601.4,4602526.172,area_weighted_polygon_centroid_in_simplified_service_area,1
company_130,60991,Agricultural,Hay/Turf,Alfalfa,Dry Crop,1.276944,2025,Cache,Bear River,Cache Valley,430911.07,4601449.917,area_weighted_polygon_centroid_in_simplified_service_area,1
company_168,61103,Agricultural,Hay/Turf,Alfalfa,Dry Crop,2.756188,2025,Cache,Bear River,Cache Valley,420977.848,4642184.825,area_weighted_polygon_centroid_in_simplified_service_area,1
company_105,61106,Agricultural,Hay/Turf,Alfalfa,Dry Crop,3.366522,2025,Cache,Bear River,Cache Valley,429543.143,4624172.585,area_weighted_polygon_centroid_in_simplified_service_area,1
company_132,61138,Agricultural,Hay/Turf,Alfalfa,Dry Crop,1.080153,2025,Cache,Bear River,Cache Valley,431208.896,4602755.377,area_weighted_polygon_centroid_in_simplified_service_area,1
company_168,63331,Agricultural,Hay/Turf,Alfalfa,Dry Crop,7.463149,2025,Cache,Bear River,Cache Valley,418644.231,4632083.398,area_weighted_polygon_centroid_in_simplified_service_area,1
company_132,63913,Agricultural,Hay/Turf,Alfalfa,Dry Crop,6.020537,2025,Cache,Bear River,Cache Valley,431011.147,4603516.419,area_weighted_polygon_centroid_in_simplified_service_area,1
company_132,64624,Agricultural,Hay/Turf,Alfalfa,Dry Crop,2.41472,2025,Cache,Bear River,Cache Valley,432288.682,4608436.422,area_weighted_polygon_centroid_in_simplified_service_area,1
company_168,65311,Agricultural,Hay/Turf,Alfalfa,Dry Crop,2.590821,2025,Cache,Bear River,Cache Valley,416932.272,4633249.091,area_weighted_polygon_centroid_in_simplified_service_area,1
company_168,65600,Agricultural,Hay/Turf,Alfalfa,Dry Crop,1.2719,2025,Cache,Bear River,Cache Valley,419183.022,4632260.235,area_weighted_polygon_centroid_in_simplified_service_area,1
company_168,65952,Agricultural,Hay/Turf,Alfalfa,Dry Crop,1.734754,2025,Cache,Bear River,Cache Valley,421211.573,4641596.361,area_weighted_polygon_centroid_in_simplified_service_area,1
company_168,75100,Agricultural,Hay/Turf,Grass Hay,Dry Crop,1.222409,2025,Cache,Bear River,Cache Valley,419640.39,4644074.302,area_weighted_polygon_centroid_in_simplified_service_area,1
company_168,75981,Agricultural,Hay/Turf,Grass Hay,Dry Crop,28.980457,2025,Cache,Bear River,Cache Valley,422084.436,4635965.75,area_weighted_polygon_centroid_in_simplified_service_area,1
company_132,76083,Agricultural,Hay/Turf,Grass Hay,Dry Crop,7.794978,2025,Cache,Bear River,Cache Valley,432937.115,4607139.317,area_weighted_polygon_centroid_in_simplified_service_area,1
company_105,76320,Agricultural,Hay/Turf,Grass Hay,Dry Crop,3.184534,2025,Cache,Bear River,Cache Valley,429583.76,4624320.749,area_weighted_polygon_centroid_in_simplified_service_area,1
company_105,76543,Agricultural,Hay/Turf,Grass Hay,Dry Crop,10.239502,2025,Cache,Bear River,Cache Valley,428872.19,4624792.415,area_weighted_polygon_centroid_in_simplified_service_area,1
company_168,77300,Agricultural,Grain/Seeds,Grain/Seeds unspecified,Dry Crop,2.785242,2025,Cache,Bear River,Cache Valley,419883.935,4633047.177,area_weighted_polygon_centroid_in_simplified_service_area,1
company_105,130657,Agricultural,Pasture Land,Pasture,Dry Crop,3.321398,2025,Cache,Bear River,Cache Valley,429790.848,4621694.106,area_weighted_polygon_centroid_in_simplified_service_area,1
company_1249,130883,Agricultural,Pasture Land,Pasture,Dry Crop,1.125717,2025,Cache,Bear River,Cache Valley,434287.012,4624130.227,area_weighted_polygon_centroid_in_simplified_service_area,1
company_105,130926,Agricultural,Pasture Land,Pasture,Dry Crop,2.671148,2025,Cache,Bear River,Cache Valley,429781.976,4622113.329,area_weighted_polygon_centroid_in_simplified_service_area,1
company_10390,130943,Agricultural,Pasture Land,Pasture,Dry Crop,1.504047,2025,Cache,Bear River,Cache Valley,428791.874,4618927.294,area_weighted_polygon_centroid_in_simplified_service_area,1
company_1249,130987,Agricultural,Pasture Land,Pasture,Dry Crop,1.323536,2025,Cache,Bear River,Cache Valley,432358.974,4631097.16,area_weighted_polygon_centroid_in_simplified_service_area,1
company_130,131025,Agricultural,Pasture Land,Pasture,Dry Crop,1.246418,2025,Cache,Bear River,Cache Valley,429999.227,4602439.068,area_weighted_polygon_centroid_in_simplified_service_area,1
company_1249,131064,Agricultural,Pasture Land,Pasture,Dry Crop,1.177529,2025,Cache,Bear River,Cache Valley,433570.56,4623920.85,area_weighted_polygon_centroid_in_simplified_service_area,1
company_130,131100,Agricultural,Pasture Land,Pasture,Dry Crop,0.613966,2025,Cache,Bear River,Cache Valley,430007.826,4602146.273,area_weighted_polygon_centroid_in_simplified_service_area,1
company_1249,131109,Agricultural,Pasture Land,Pasture,Dry Crop,0.452992,2025,Cache,Bear River,Cache Valley,434090.446,4624645.019,area_weighted_polygon_centroid_in_simplified_service_area,1
company_105,131112,Agricultural,Pasture Land,Pasture,Dry Crop,3.241956,2025,Cache,Bear River,Cache Valley,428614.96,4621238.62,area_weighted_polygon_centroid_in_simplified_service_area,1
company_1249,131115,Agricultural,Pasture Land,Pasture,Dry Crop,2.396431,2025,Cache,Bear River,Cache Valley,434371.895,4624141.319,area_weighted_polygon_centroid_in_simplified_service_area,1
company_136,131127,Agricultural,Pasture Land,Pasture,Dry Crop,3.401551,2025,Cache,Bear River,Cache Valley,430890.267,4618541.77,area_weighted_polygon_centroid_in_simplified_service_area,1
company_105,131140,Agricultural,Pasture Land,Pasture,Dry Crop,0.807555,2025,Cache,Bear River,Cache Valley,429907.449,4621437.032,area_weighted_polygon_centroid_in_simplified_service_area,1
company_132,131197,Agricultural,Pasture Land,Pasture,Dry Crop,2.825494,2025,Cache,Bear River,Cache Valley,431213.726,4602835.144,area_weighted_polygon_centroid_in_simplified_service_area,1
company_088,131211,Agricultural,Pasture Land,Pasture,Dry Crop,2.684343,2025,Cache,Bear River,Cache Valley,428235.489,4610420.234,area_weighted_polygon_centroid_in_simplified_service_area,1
company_1249,131322,Agricultural,Pasture Land,Pasture,Dry Crop,2.418065,2025,Cache,Bear River,Cache Valley,433662.686,4623730.937,area_weighted_polygon_centroid_in_simplified_service_area,1
company_10390,131361,Agricultural,Pasture Land,Pasture,Dry Crop,2.075092,2025,Cache,Bear River,Cache Valley,428611.17,4619178.412,area_weighted_polygon_centroid_in_simplified_service_area,1
company_1249,131363,Agricultural,Pasture Land,Pasture,Dry Crop,1.271557,2025,Cache,Bear River,Cache Valley,432418.793,4631077.964,area_weighted_polygon_centroid_in_simplified_service_area,1
company_088,131485,Agricultural,Pasture Land,Pasture,Dry Crop,1.446958,2025,Cache,Bear River,Cache Valley,430286.625,4609723.415,area_weighted_polygon_centroid_in_simplified_service_area,1
company_105,131510,Agricultural,Pasture Land,Pasture,Dry Crop,0.505462,2025,Cache,Bear River,Cache Valley,429415.17,4620669.119,area_weighted_polygon_centroid_in_simplified_service_area,1
company_105,131512,Agricultural,Pasture Land,Pasture,Dry Crop,1.147402,2025,Cache,Bear River,Cache Valley,429494.179,4624519.58,area_weighted_polygon_centroid_in_simplified_service_area,1
company_088,131532,Agricultural,Pasture Land,Pasture,Dry Crop,0.915747,2025,Cache,Bear River,Cache Valley,427881.241,4608926.763,area_weighted_polygon_centroid_in_simplified_service_area,1
company_168,131698,Agricultural,Pasture Land,Pasture,Dry Crop,4.094736,2025,Cache,Bear River,Cache Valley,421300.147,4641750.967,area_weighted_polygon_centroid_in_simplified_service_area,1
company_168,133034,Agricultural,Pasture Land,Pasture,Dry Crop,8.645248,2025,Cache,Bear River,Cache Valley,423733.376,4637343.062,area_weighted_polygon_centroid_in_simplified_service_area,1
company_168,133413,Agricultural,Pasture Land,Pasture,Dry Crop,3.07124,2025,Cache,Bear River,Cache Valley,422330.714,4649611.287,area_weighted_polygon_centroid_in_simplified_service_area,1
company_168,133843,Agricultural,Pasture Land,Pasture,Dry Crop,2.056202,2025,Cache,Bear River,Cache Valley,416929.483,4633110.254,area_weighted_polygon_centroid_in_simplified_service_area,1
company_164,134074,Agricultural,Pasture Land,Pasture,Dry Crop,3.088882,2025,Cache,Bear River,Cache Valley,423801.254,4614804.893,area_weighted_polygon_centroid_in_simplified_service_area,1
company_168,134903,Agricultural,Pasture Land,Pasture,Dry Crop,32.840537,2025,Cache,Bear River,Cache Valley,420839.461,4640214.115,area_weighted_polygon_centroid_in_simplified_service_area,1
company_168,135478,Agricultural,Pasture Land,Pasture,Dry Crop,20.699311,2025,Cache,Bear River,Cache Valley,420040.193,4642473.46,area_weighted_polygon_centroid_in_simplified_service_area,1
company_168,136013,Agricultural,Pasture Land,Pasture,Dry Crop,1.833915,2025,Cache,Bear River,Cache Valley,426941.224,4636180.212,area_weighted_polygon_centroid_in_simplified_service_area,1
company_105,136106,Agricultural,Pasture Land,Pasture,Dry Crop,2.649491,2025,Cache,Bear River,Cache Valley,429484.529,4624374.665,area_weighted_polygon_centroid_in_simplified_service_area,1
company_1249,136435,Agricultural,Pasture Land,Pasture,Dry Crop,0.99442,2025,Cache,Bear River,Cache Valley,433716.831,4624614.55,area_weighted_polygon_centroid_in_simplified_service_area,1
company_164,136518,Agricultural,Pasture Land,Pasture,Dry Crop,2.319744,2025,Cache,Bear River,Cache Valley,427061.159,4609240.116,area_weighted_polygon_centroid_in_simplified_service_area,1
company_168,136596,Agricultural,Pasture Land,Pasture,Dry Crop,8.26784,2025,Cache,Bear River,Cache Valley,419937.065,4642749.565,area_weighted_polygon_centroid_in_simplified_service_area,1
company_1249,139583,Agricultural,Pasture Land,Pasture,Dry Crop,26.252457,2025,Cache,Bear River,Cache Valley,433754.492,4621463.707,area_weighted_polygon_centroid_in_simplified_service_area,1
company_105,139718,Agricultural,Pasture Land,Pasture,Dry Crop,2.827945,2025,Cache,Bear River,Cache Valley,428438.079,4623092.745,area_weighted_polygon_centroid_in_simplified_service_area,1
company_168,140599,Agricultural,Grain/Seeds,Safflower,Dry Crop,6.760765,2025,Cache,Bear River,Cache Valley,420910.404,4641160.816,area_weighted_polygon_centroid_in_simplified_service_area,1
company_168,140666,Agricultural,Grain/Seeds,Safflower,Dry Crop,9.351092,2025,Cache,Bear River,Cache Valley,421072.081,4632576.657,area_weighted_polygon_centroid_in_simplified_service_area,1
company_168,140671,Agricultural,Grain/Seeds,Safflower,Dry Crop,25.97127,2025,Cache,Bear River,Cache Valley,421204.27,4632633.654,area_weighted_polygon_centroid_in_simplified_service_area,1
company_168,140701,Agricultural,Grain/Seeds,Safflower,Dry Crop,15.200803,2025,Cache,Bear River,Cache Valley,421147.303,4641373.536,area_weighted_polygon_centroid_in_simplified_service_area,1
company_168,140818,Agricultural,Grain/Seeds,Safflower,Dry Crop,7.00288,2025,Cache,Bear River,Cache Valley,421071.591,4632864.203,area_weighted_polygon_centroid_in_simplified_service_area,1
company_168,141143,Agricultural,Grain/Seeds,Safflower,Dry Crop,18.465168,2025,Cache,Bear River,Cache Valley,421115.199,4641709.218,area_weighted_polygon_centroid_in_simplified_service_area,1
company_088,141370,Agricultural,Hay/Turf,Grass Hay,Flood,5.58778,2025,Cache,Bear River,Cache Valley,429602.169,4610095.378,area_weighted_polygon_centroid_in_simplified_service_area,1
company_164,142227,Agricultural,Fallow/Idle,Fallow/Idle,Flood,7.673587,2025,Cache,Bear River,Cache Valley,423595.981,4614657.184,area_weighted_polygon_centroid_in_simplified_service_area,1
company_10390,142298,Agricultural,Fallow/Idle,Fallow/Idle,Flood,20.410574,2025,Cache,Bear River,Cache Valley,427220.836,4619270.592,area_weighted_polygon_centroid_in_simplified_service_area,1
company_1249,146634,Agricultural,Hay/Turf,Grass Hay,Flood,1.770775,2025,Cache,Bear River,Cache Valley,434349.234,4624835.904,area_weighted_polygon_centroid_in_simplified_service_area,1
company_132,150517,Agricultural,Fallow/Idle,Fallow/Idle,Wheel,12.846808,2025,Cache,Bear River,Cache Valley,431280.084,4604518.492,area_weighted_polygon_centroid_in_simplified_service_area,1
company_1249,150781,Agricultural,Fallow/Idle,Fallow/Idle,Sprinkler,0.635166,2025,Cache,Bear River,Cache Valley,434382.486,4625192.776,area_weighted_polygon_centroid_in_simplified_service_area,1
company_132,150783,Agricultural,Fallow/Idle,Fallow/Idle,Sprinkler,3.183266,2025,Cache,Bear River,Cache Valley,431756.742,4609985.297,area_weighted_polygon_centroid_in_simplified_service_area,1
company_132,152458,Agricultural,Fallow/Idle,Fallow/Idle,Sprinkler,8.020195,2025,Cache,Bear River,Cache Valley,432066.897,4602448.784,area_weighted_polygon_centroid_in_simplified_service_area,1
company_1249,154756,Agricultural,Fallow/Idle,Fallow/Idle,Sprinkler,9.600651,2025,Cache,Bear River,Cache Valley,434245.941,4624362.367,area_weighted_polygon_centroid_in_simplified_service_area,1
company_106,155449,Agricultural,Hay/Turf,Grass Hay,Flood,0.953027,2025,Cache,Bear River,Cache Valley,424907.243,4619334.748,area_weighted_polygon_centroid_in_simplified_service_area,1
company_1249,155585,Agricultural,Hay/Turf,Grass Hay,Flood,2.352798,2025,Cache,Bear River,Cache Valley,433193.521,4626453.497,area_weighted_polygon_centroid_in_simplified_service_area,1
company_106,155628,Agricultural,Hay/Turf,Grass Hay,Flood,1.354593,2025,Cache,Bear River,Cache Valley,424939.763,4619358.966,area_weighted_polygon_centroid_in_simplified_service_area,1
company_136,155692,Agricultural,Hay/Turf,Grass Hay,Flood,2.464263,2025,Cache,Bear River,Cache Valley,431698.094,4618645.217,area_weighted_polygon_centroid_in_simplified_service_area,1
company_106,155741,Agricultural,Hay/Turf,Grass Hay,Flood,0.820547,2025,Cache,Bear River,Cache Valley,424081.214,4620101.928,area_weighted_polygon_centroid_in_simplified_service_area,1
company_10390,155809,Agricultural,Hay/Turf,Grass Hay,Flood,7.889489,2025,Cache,Bear River,Cache Valley,427146.324,4619683.395,area_weighted_polygon_centroid_in_simplified_service_area,1
company_106,155958,Agricultural,Hay/Turf,Grass Hay,Flood,1.153699,2025,Cache,Bear River,Cache Valley,423692.16,4619120.026,area_weighted_polygon_centroid_in_simplified_service_area,1
company_106,155977,Agricultural,Hay/Turf,Grass Hay,Flood,11.561577,2025,Cache,Bear River,Cache Valley,424932.398,4617991.061,area_weighted_polygon_centroid_in_simplified_service_area,1
company_106,156094,Agricultural,Hay/Turf,Grass Hay,Flood,5.597506,2025,Cache,Bear River,Cache Valley,423298.79,4621096.266,area_weighted_polygon_centroid_in_simplified_service_area,1
company_106,156135,Agricultural,Hay/Turf,Grass Hay,Flood,7.54516,2025,Cache,Bear River,Cache Valley,425429.827,4616762.116,area_weighted_polygon_centroid_in_simplified_service_area,1
company_088,156188,Agricultural,Hay/Turf,Grass Hay,Flood,9.516493,2025,Cache,Bear River,Cache Valley,430409.678,4607340.807,area_weighted_polygon_centroid_in_simplified_service_area,1
company_168,156207,Agricultural,Hay/Turf,Grass Hay,Flood,4.572508,2025,Cache,Bear River,Cache Valley,421444.636,4639981.793,area_weighted_polygon_centroid_in_simplified_service_area,1
company_164,156247,Agricultural,Hay/Turf,Grass Hay,Flood,4.731557,2025,Cache,Bear River,Cache Valley,425869.256,4609824.511,area_weighted_polygon_centroid_in_simplified_service_area,1
company_168,156282,Agricultural,Hay/Turf,Grass Hay,Flood,1.682492,2025,Cache,Bear River,Cache Valley,418111.626,4632819.012,area_weighted_polygon_centroid_in_simplified_service_area,1
company_10390,156400,Agricultural,Hay/Turf,Grass Hay,Flood,25.630378,2025,Cache,Bear River,Cache Valley,425876.9,4619767.34,area_weighted_polygon_centroid_in_simplified_service_area,1
company_106,156420,Agricultural,Hay/Turf,Grass Hay,Flood,0.540925,2025,Cache,Bear River,Cache Valley,424189.654,4619163.665,area_weighted_polygon_centroid_in_simplified_service_area,1
company_168,156434,Agricultural,Hay/Turf,Grass Hay,Flood,9.788415,2025,Cache,Bear River,Cache Valley,422318.353,4640160.035,area_weighted_polygon_centroid_in_simplified_service_area,1
company_164,156446,Agricultural,Hay/Turf,Grass Hay,Flood,1.5017,2025,Cache,Bear River,Cache Valley,423778.51,4611174.59,area_weighted_polygon_centroid_in_simplified_service_area,1
company_106,156549,Agricultural,Hay/Turf,Grass Hay,Flood,6.17857,2025,Cache,Bear River,Cache Valley,424392.149,4617400.187,area_weighted_polygon_centroid_in_simplified_service_area,1
company_168,156575,Agricultural,Hay/Turf,Grass Hay,Flood,11.625568,2025,Cache,Bear River,Cache Valley,424478.236,4632435.148,area_weighted_polygon_centroid_in_simplified_service_area,1
company_164,156638,Agricultural,Hay/Turf,Grass Hay,Flood,3.622981,2025,Cache,Bear River,Cache Valley,424392.824,4612042.726,area_weighted_polygon_centroid_in_simplified_service_area,1
company_168,156659,Agricultural,Fallow/Idle,Fallow/Idle,Flood,5.116541,2025,Cache,Bear River,Cache Valley,423218.86,4640153.789,area_weighted_polygon_centroid_in_simplified_service_area,1
company_106,156674,Agricultural,Hay/Turf,Grass Hay,Flood,21.0324,2025,Cache,Bear River,Cache Valley,423822.58,4617745.344,area_weighted_polygon_centroid_in_simplified_service_area,1
company_106,156710,Agricultural,Hay/Turf,Grass Hay,Flood,1.268868,2025,Cache,Bear River,Cache Valley,423636.006,4619110.903,area_weighted_polygon_centroid_in_simplified_service_area,1
company_105,156801,Agricultural,Hay/Turf,Grass Hay,Flood,9.370946,2025,Cache,Bear River,Cache Valley,427869.106,4622957.647,area_weighted_polygon_centroid_in_simplified_service_area,1
company_105,156827,Agricultural,Hay/Turf,Grass Hay,Flood,17.495465,2025,Cache,Bear River,Cache Valley,427965.134,4623559.519,area_weighted_polygon_centroid_in_simplified_service_area,1
company_168,156835,Agricultural,Hay/Turf,Grass Hay,Flood,3.401483,2025,Cache,Bear River,Cache Valley,423463.069,4639723.733,area_weighted_polygon_centroid_in_simplified_service_area,1
company_164,156974,Agricultural,Hay/Turf,Grass Hay,Flood,0.626833,2025,Cache,Bear River,Cache Valley,426006.474,4613553.094,area_weighted_polygon_centroid_in_simplified_service_area,1
company_105,156998,Agricultural,Hay/Turf,Grass Hay,Flood,35.531641,2025,Cache,Bear River,Cache Valley,427682.803,4621736.368,area_weighted_polygon_centroid_in_simplified_service_area,1
company_164,157011,Agricultural,Hay/Turf,Grass Hay,Flood,5.905773,2025,Cache,Bear River,Cache Valley,423123.904,4614329.844,area_weighted_polygon_centroid_in_simplified_service_area,1
company_106,157071,Agricultural,Hay/Turf,Grass Hay,Flood,4.790237,2025,Cache,Bear River,Cache Valley,424034.561,4620261.412,area_weighted_polygon_centroid_in_simplified_service_area,1
company_106,157088,Agricultural,Hay/Turf,Grass Hay,Flood,0.511019,2025,Cache,Bear River,Cache Valley,426671.465,4617228.57,area_weighted_polygon_centroid_in_simplified_service_area,1
company_168,157154,Agricultural,Hay/Turf,Grass Hay,Flood,3.162173,2025,Cache,Bear River,Cache Valley,424647.579,4637409.571,area_weighted_polygon_centroid_in_simplified_service_area,1
company_164,157215,Agricultural,Hay/Turf,Grass Hay,Flood,10.50557,2025,Cache,Bear River,Cache Valley,423152.696,4611344.925,area_weighted_polygon_centroid_in_simplified_service_area,1
company_168,157220,Agricultural,Hay/Turf,Grass Hay,Flood,1.178674,2025,Cache,Bear River,Cache Valley,424677.668,4637776.037,area_weighted_polygon_centroid_in_simplified_service_area,1
company_164,157260,Agricultural,Hay/Turf,Grass Hay,Flood,1.391657,2025,Cache,Bear River,Cache Valley,423393.072,4611391.006,area_weighted_polygon_centroid_in_simplified_service_area,1
company_164,157358,Agricultural,Hay/Turf,Grass Hay,Flood,12.294522,2025,Cache,Bear River,Cache Valley,425553.764,4613355.453,area_weighted_polygon_centroid_in_simplified_service_area,1
company_106,157401,Agricultural,Hay/Turf,Grass Hay,Flood,1.995401,2025,Cache,Bear River,Cache Valley,423948.413,4619287.498,area_weighted_polygon_centroid_in_simplified_service_area,1
company_106,157472,Agricultural,Hay/Turf,Grass Hay,Flood,13.640944,2025,Cache,Bear River,Cache Valley,424426.66,4617557.32,area_weighted_polygon_centroid_in_simplified_service_area,1
company_106,157473,Agricultural,Hay/Turf,Grass Hay,Flood,12.639566,2025,Cache,Bear River,Cache Valley,423533.258,4620340.611,area_weighted_polygon_centroid_in_simplified_service_area,1
company_164,157514,Agricultural,Hay/Turf,Grass Hay,Flood,1.611544,2025,Cache,Bear River,Cache Valley,423324.461,4611823.372,area_weighted_polygon_centroid_in_simplified_service_area,1
company_105,157529,Agricultural,Hay/Turf,Grass Hay,Flood,4.549719,2025,Cache,Bear River,Cache Valley,429598.987,4624603.646,area_weighted_polygon_centroid_in_simplified_service_area,1
company_106,157569,Agricultural,Hay/Turf,Grass Hay,Flood,3.274768,2025,Cache,Bear River,Cache Valley,423556.874,4619108.143,area_weighted_polygon_centroid_in_simplified_service_area,1
company_168,157581,Agricultural,Hay/Turf,Grass Hay,Flood,1.087292,2025,Cache,Bear River,Cache Valley,420393.519,4644073.557,area_weighted_polygon_centroid_in_simplified_service_area,1
company_106,157637,Agricultural,Hay/Turf,Grass Hay,Flood,7.709342,2025,Cache,Bear River,Cache Valley,426573.607,4617006.671,area_weighted_polygon_centroid_in_simplified_service_area,1
company_106,157721,Agricultural,Hay/Turf,Grass Hay,Flood,2.559702,2025,Cache,Bear River,Cache Valley,424167.319,4617760.508,area_weighted_polygon_centroid_in_simplified_service_area,1
company_10390,157792,Agricultural,Hay/Turf,Grass Hay,Flood,8.270617,2025,Cache,Bear River,Cache Valley,427321.512,4619457.686,area_weighted_polygon_centroid_in_simplified_service_area,1
company_10390,157882,Agricultural,Hay/Turf,Grass Hay,Flood,1.499924,2025,Cache,Bear River,Cache Valley,426327.306,4619833.308,area_weighted_polygon_centroid_in_simplified_service_area,1
company_106,157926,Agricultural,Hay/Turf,Grass Hay,Flood,3.749151,2025,Cache,Bear River,Cache Valley,425768.051,4619138.988,area_weighted_polygon_centroid_in_simplified_service_area,1
company_168,157932,Agricultural,Hay/Turf,Grass Hay,Flood,0.588313,2025,Cache,Bear River,Cache Valley,421067.064,4640073.966,area_weighted_polygon_centroid_in_simplified_service_area,1
company_105,157945,Agricultural,Hay/Turf,Grass Hay,Flood,8.495701,2025,Cache,Bear River,Cache Valley,428260.557,4622334.886,area_weighted_polygon_centroid_in_simplified_service_area,1
company_106,157964,Agricultural,Hay/Turf,Grass Hay,Flood,1.250422,2025,Cache,Bear River,Cache Valley,426815.051,4617902.36,area_weighted_polygon_centroid_in_simplified_service_area,1
company_168,157965,Agricultural,Hay/Turf,Grass Hay,Flood,13.983014,2025,Cache,Bear River,Cache Valley,424305.682,4632426.082,area_weighted_polygon_centroid_in_simplified_service_area,1
company_164,157990,Agricultural,Hay/Turf,Grass Hay,Flood,2.45574,2025,Cache,Bear River,Cache Valley,423350.321,4611705.991,area_weighted_polygon_centroid_in_simplified_service_area,1
company_106,157998,Agricultural,Hay/Turf,Grass Hay,Flood,15.895233,2025,Cache,Bear River,Cache Valley,425967.287,4618176.392,area_weighted_polygon_centroid_in_simplified_service_area,1
company_10390,158084,Agricultural,Hay/Turf,Grass Hay,Flood,7.735099,2025,Cache,Bear River,Cache Valley,426479.638,4619517.717,area_weighted_polygon_centroid_in_simplified_service_area,1
company_168,158097,Agricultural,Hay/Turf,Grass Hay,Flood,28.055679,2025,Cache,Bear River,Cache Valley,419989.311,4642031.836,area_weighted_polygon_centroid_in_simplified_service_area,1
company_10390,158160,Agricultural,Hay/Turf,Grass Hay,Flood,0.793813,2025,Cache,Bear River,Cache Valley,427488.57,4619830.155,area_weighted_polygon_centroid_in_simplified_service_area,1
company_168,158176,Agricultural,Hay/Turf,Grass Hay,Flood,17.794662,2025,Cache,Bear River,Cache Valley,421244.873,4640838.476,area_weighted_polygon_centroid_in_simplified_service_area,1
company_106,158181,Agricultural,Hay/Turf,Grass Hay,Flood,2.897514,2025,Cache,Bear River,Cache Valley,423965.744,4619344.742,area_weighted_polygon_centroid_in_simplified_service_area,1
company_105,158210,Agricultural,Hay/Turf,Grass Hay,Flood,4.281202,2025,Cache,Bear River,Cache Valley,428748.617,4624443.226,area_weighted_polygon_centroid_in_simplified_service_area,1
company_10390,158238,Agricultural,Hay/Turf,Grass Hay,Flood,6.924382,2025,Cache,Bear River,Cache Valley,427021.249,4619530.178,area_weighted_polygon_centroid_in_simplified_service_area,1
company_106,158254,Agricultural,Hay/Turf,Grass Hay,Flood,1.502625,2025,Cache,Bear River,Cache Valley,424366.6,4619313.169,area_weighted_polygon_centroid_in_simplified_service_area,1
company_164,158310,Agricultural,Hay/Turf,Grass Hay,Flood,14.828008,2025,Cache,Bear River,Cache Valley,424223.073,4612451.047,area_weighted_polygon_centroid_in_simplified_service_area,1
company_10390,158434,Agricultural,Hay/Turf,Grass Hay,Flood,9.77441,2025,Cache,Bear River,Cache Valley,425912.711,4619938.947,area_weighted_polygon_centroid_in_simplified_service_area,1
company_164,158467,Agricultural,Hay/Turf,Grass Hay,Flood,2.20778,2025,Cache,Bear River,Cache Valley,423482.674,4613975.388,area_weighted_polygon_centroid_in_simplified_service_area,1
company_106,158567,Agricultural,Hay/Turf,Grass Hay,Flood,10.44759,2025,Cache,Bear River,Cache Valley,424448.686,4617938.712,area_weighted_polygon_centroid_in_simplified_service_area,1
company_088,158572,Agricultural,Hay/Turf,Grass Hay,Flood,7.02839,2025,Cache,Bear River,Cache Valley,429291.649,4609999.446,area_weighted_polygon_centroid_in_simplified_service_area,1
company_106,158645,Agricultural,Hay/Turf,Grass Hay,Flood,2.719039,2025,Cache,Bear River,Cache Valley,426035.166,4618578.996,area_weighted_polygon_centroid_in_simplified_service_area,1
company_164,158772,Agricultural,Hay/Turf,Grass Hay,Flood,19.110038,2025,Cache,Bear River,Cache Valley,426807.389,4609476.063,area_weighted_polygon_centroid_in_simplified_service_area,1
company_106,158774,Agricultural,Hay/Turf,Grass Hay,Flood,20.415169,2025,Cache,Bear River,Cache Valley,423269.966,4620902.584,area_weighted_polygon_centroid_in_simplified_service_area,1
company_168,158795,Agricultural,Hay/Turf,Grass Hay,Flood,4.95,2025,Cache,Bear River,Cache Valley,421221.539,4639984.1,area_weighted_polygon_centroid_in_simplified_service_area,1
company_164,158998,Agricultural,Hay/Turf,Grass Hay,Flood,3.532589,2025,Cache,Bear River,Cache Valley,423162.023,4611474.104,area_weighted_polygon_centroid_in_simplified_service_area,1
company_088,159013,Agricultural,Hay/Turf,Grass Hay,Flood,18.056742,2025,Cache,Bear River,Cache Valley,429961.773,4607312.237,area_weighted_polygon_centroid_in_simplified_service_area,1
company_106,159112,Agricultural,Hay/Turf,Grass Hay,Flood,25.451023,2025,Cache,Bear River,Cache Valley,424439.289,4618196.756,area_weighted_polygon_centroid_in_simplified_service_area,1
company_164,159212,Agricultural,Hay/Turf,Grass Hay,Flood,14.459987,2025,Cache,Bear River,Cache Valley,424283.991,4613165.27,area_weighted_polygon_centroid_in_simplified_service_area,1
company_106,159279,Agricultural,Hay/Turf,Grass Hay,Flood,15.662066,2025,Cache,Bear River,Cache Valley,425126.367,4619423.772,area_weighted_polygon_centroid_in_simplified_service_area,1
company_106,159339,Agricultural,Hay/Turf,Grass Hay,Flood,0.504505,2025,Cache,Bear River,Cache Valley,423442.518,4619228.613,area_weighted_polygon_centroid_in_simplified_service_area,1
company_106,159371,Agricultural,Hay/Turf,Grass Hay,Flood,10.593718,2025,Cache,Bear River,Cache Valley,424487.433,4617803.36,area_weighted_polygon_centroid_in_simplified_service_area,1
company_10390,159410,Agricultural,Hay/Turf,Grass Hay,Flood,3.565383,2025,Cache,Bear River,Cache Valley,426908.163,4619439.157,area_weighted_polygon_centroid_in_simplified_service_area,1
company_168,159427,Agricultural,Hay/Turf,Grass Hay,Flood,5.704611,2025,Cache,Bear River,Cache Valley,421562.063,4641793.889,area_weighted_polygon_centroid_in_simplified_service_area,1
company_164,159499,Agricultural,Hay/Turf,Grass Hay,Flood,1.797246,2025,Cache,Bear River,Cache Valley,423329.201,4611763.332,area_weighted_polygon_centroid_in_simplified_service_area,1
company_168,159516,Agricultural,Hay/Turf,Grass Hay,Flood,12.935353,2025,Cache,Bear River,Cache Valley,423952.274,4637546.931,area_weighted_polygon_centroid_in_simplified_service_area,1
company_168,159651,Agricultural,Hay/Turf,Grass Hay,Flood,7.099155,2025,Cache,Bear River,Cache Valley,418219.81,4632879.512,area_weighted_polygon_centroid_in_simplified_service_area,1
company_106,159697,Agricultural,Hay/Turf,Grass Hay,Flood,2.572606,2025,Cache,Bear River,Cache Valley,426333.308,4618342.977,area_weighted_polygon_centroid_in_simplified_service_area,1
company_10390,159927,Agricultural,Hay/Turf,Grass Hay,Flood,9.614478,2025,Cache,Bear River,Cache Valley,427767.76,4619670.032,area_weighted_polygon_centroid_in_simplified_service_area,1
company_106,159984,Agricultural,Hay/Turf,Grass Hay,Flood,1.552634,2025,Cache,Bear River,Cache Valley,424153.884,4620210.999,area_weighted_polygon_centroid_in_simplified_service_area,1
company_168,160084,Agricultural,Hay/Turf,Grass Hay,Flood,11.760134,2025,Cache,Bear River,Cache Valley,425234.965,4632633.166,area_weighted_polygon_centroid_in_simplified_service_area,1
company_164,160161,Agricultural,Hay/Turf,Grass Hay,Flood,2.167443,2025,Cache,Bear River,Cache Valley,424122.709,4614033.361,area_weighted_polygon_centroid_in_simplified_service_area,1
company_106,160271,Agricultural,Hay/Turf,Grass Hay,Flood,15.521108,2025,Cache,Bear River,Cache Valley,423588.975,4620150.387,area_weighted_polygon_centroid_in_simplified_service_area,1
company_106,160362,Agricultural,Hay/Turf,Grass Hay,Flood,2.678774,2025,Cache,Bear River,Cache Valley,424319.253,4618449.971,area_weighted_polygon_centroid_in_simplified_service_area,1
company_106,160487,Agricultural,Hay/Turf,Grass Hay,Flood,10.618607,2025,Cache,Bear River,Cache Valley,424805.966,4618798.586,area_weighted_polygon_centroid_in_simplified_service_area,1
company_164,160532,Agricultural,Hay/Turf,Grass Hay,Flood,3.264389,2025,Cache,Bear River,Cache Valley,423507.513,4611920.663,area_weighted_polygon_centroid_in_simplified_service_area,1
company_106,160546,Agricultural,Hay/Turf,Grass Hay,Flood,1.179739,2025,Cache,Bear River,Cache Valley,423840.089,4619324.483,area_weighted_polygon_centroid_in_simplified_service_area,1
company_168,160571,Agricultural,Hay/Turf,Grass Hay,Flood,7.521167,2025,Cache,Bear River,Cache Valley,424839.822,4637609.438,area_weighted_polygon_centroid_in_simplified_service_area,1
company_105,160623,Agricultural,Hay/Turf,Grass Hay,Flood,21.654248,2025,Cache,Bear River,Cache Valley,427941.346,4621925.541,area_weighted_polygon_centroid_in_simplified_service_area,1
company_106,160682,Agricultural,Hay/Turf,Grass Hay,Flood,5.343621,2025,Cache,Bear River,Cache Valley,423980.162,4617506.69,area_weighted_polygon_centroid_in_simplified_service_area,1
company_168,160806,Agricultural,Hay/Turf,Grass Hay,Flood,2.088153,2025,Cache,Bear River,Cache Valley,424892.896,4637039.312,area_weighted_polygon_centroid_in_simplified_service_area,1
company_164,160813,Agricultural,Hay/Turf,Grass Hay,Flood,0.53064,2025,Cache,Bear River,Cache Valley,424299.777,4613298.333,area_weighted_polygon_centroid_in_simplified_service_area,1
company_105,160859,Agricultural,Hay/Turf,Grass Hay,Flood,1.937773,2025,Cache,Bear River,Cache Valley,428273.277,4622102.955,area_weighted_polygon_centroid_in_simplified_service_area,1
company_106,161048,Agricultural,Hay/Turf,Grass Hay,Flood,2.067021,2025,Cache,Bear River,Cache Valley,425580.058,4619646.053,area_weighted_polygon_centroid_in_simplified_service_area,1
company_168,161070,Agricultural,Fallow/Idle,Fallow/Idle,Flood,16.535969,2025,Cache,Bear River,Cache Valley,421869.949,4640054.432,area_weighted_polygon_centroid_in_simplified_service_area,1
company_164,161140,Agricultural,Hay/Turf,Grass Hay,Flood,3.87881,2025,Cache,Bear River,Cache Valley,423136.177,4611592.363,area_weighted_polygon_centroid_in_simplified_service_area,1
company_164,161246,Agricultural,Hay/Turf,Grass Hay,Flood,4.145388,2025,Cache,Bear River,Cache Valley,424037.307,4613371.329,area_weighted_polygon_centroid_in_simplified_service_area,1
company_106,161306,Agricultural,Hay/Turf,Grass Hay,Flood,50.140848,2025,Cache,Bear River,Cache Valley,423155.443,4620263.655,area_weighted_polygon_centroid_in_simplified_service_area,1
company_10390,161439,Agricultural,Hay/Turf,Grass Hay,Flood,20.931266,2025,Cache,Bear River,Cache Valley,427005.375,4618413.824,area_weighted_polygon_centroid_in_simplified_service_area,1
company_106,161486,Agricultural,Hay/Turf,Grass Hay,Flood,0.776241,2025,Cache,Bear River,Cache Valley,425608.607,4616790.411,area_weighted_polygon_centroid_in_simplified_service_area,1
company_105,161552,Agricultural,Hay/Turf,Grass Hay,Flood,30.484164,2025,Cache,Bear River,Cache Valley,428486.326,4625137.023,area_weighted_polygon_centroid_in_simplified_service_area,1
company_168,161583,Agricultural,Hay/Turf,Grass Hay,Flood,2.287508,2025,Cache,Bear River,Cache Valley,421908.914,4640682.796,area_weighted_polygon_centroid_in_simplified_service_area,1
company_164,161590,Agricultural,Hay/Turf,Grass Hay,Flood,6.233159,2025,Cache,Bear River,Cache Valley,424284.703,4613014.431,area_weighted_polygon_centroid_in_simplified_service_area,1
company_106,161684,Agricultural,Hay/Turf,Grass Hay,Flood,5.908002,2025,Cache,Bear River,Cache Valley,425742.989,4618400.12,area_weighted_polygon_centroid_in_simplified_service_area,1
company_106,161717,Agricultural,Hay/Turf,Grass Hay,Flood,1.349825,2025,Cache,Bear River,Cache Valley,423005.557,4618950.368,area_weighted_polygon_centroid_in_simplified_service_area,1
company_105,161763,Agricultural,Hay/Turf,Grass Hay,Flood,38.287864,2025,Cache,Bear River,Cache Valley,428863.43,4625102.906,area_weighted_polygon_centroid_in_simplified_service_area,1
company_106,161815,Agricultural,Hay/Turf,Grass Hay,Flood,1.168652,2025,Cache,Bear River,Cache Valley,423458.915,4619078.023,area_weighted_polygon_centroid_in_simplified_service_area,1
company_164,161860,Agricultural,Hay/Turf,Grass Hay,Flood,3.802964,2025,Cache,Bear River,Cache Valley,425566.649,4609779.859,area_weighted_polygon_centroid_in_simplified_service_area,1
company_136,161887,Agricultural,Hay/Turf,Grass Hay,Flood,10.331302,2025,Cache,Bear River,Cache Valley,432726.767,4618821.925,area_weighted_polygon_centroid_in_simplified_service_area,1
company_106,161970,Agricultural,Hay/Turf,Grass Hay,Flood,1.192908,2025,Cache,Bear River,Cache Valley,425250.487,4619387.887,area_weighted_polygon_centroid_in_simplified_service_area,1
company_106,161985,Agricultural,Hay/Turf,Grass Hay,Flood,1.159992,2025,Cache,Bear River,Cache Valley,424631.61,4617208.109,area_weighted_polygon_centroid_in_simplified_service_area,1
company_106,161993,Agricultural,Hay/Turf,Grass Hay,Flood,14.020357,2025,Cache,Bear River,Cache Valley,425237.734,4617180.828,area_weighted_polygon_centroid_in_simplified_service_area,1
company_164,162013,Agricultural,Hay/Turf,Grass Hay,Flood,13.435116,2025,Cache,Bear River,Cache Valley,423941.55,4614169.991,area_weighted_polygon_centroid_in_simplified_service_area,1
company_168,162258,Agricultural,Hay/Turf,Grass Hay,Flood,3.572653,2025,Cache,Bear River,Cache Valley,421108.175,4645813.224,area_weighted_polygon_centroid_in_simplified_service_area,1
company_164,162331,Agricultural,Hay/Turf,Grass Hay,Flood,3.151756,2025,Cache,Bear River,Cache Valley,423157.987,4611766.818,area_weighted_polygon_centroid_in_simplified_service_area,1
company_088,162435,Agricultural,Hay/Turf,Grass Hay,Flood,2.816986,2025,Cache,Bear River,Cache Valley,430009.158,4606978.969,area_weighted_polygon_centroid_in_simplified_service_area,1
company_168,162500,Agricultural,Hay/Turf,Grass Hay,Flood,12.927677,2025,Cache,Bear River,Cache Valley,424866.74,4636910.139,area_weighted_polygon_centroid_in_simplified_service_area,1
company_105,162535,Agricultural,Hay/Turf,Grass Hay,Flood,7.48717,2025,Cache,Bear River,Cache Valley,428252.736,4621766.347,area_weighted_polygon_centroid_in_simplified_service_area,1
company_106,162554,Agricultural,Hay/Turf,Grass Hay,Flood,0.727173,2025,Cache,Bear River,Cache Valley,425934.598,4618455.268,area_weighted_polygon_centroid_in_simplified_service_area,1
company_105,162666,Agricultural,Hay/Turf,Grass Hay,Flood,9.761011,2025,Cache,Bear River,Cache Valley,428279.181,4622951.417,area_weighted_polygon_centroid_in_simplified_service_area,1
company_168,162691,Agricultural,Hay/Turf,Grass Hay,Flood,1.405546,2025,Cache,Bear River,Cache Valley,425739.806,4637093.715,area_weighted_polygon_centroid_in_simplified_service_area,1
company_106,162721,Agricultural,Hay/Turf,Grass Hay,Flood,7.821495,2025,Cache,Bear River,Cache Valley,424739.882,4617958.738,area_weighted_polygon_centroid_in_simplified_service_area,1
company_10390,162730,Agricultural,Hay/Turf,Grass Hay,Flood,13.453044,2025,Cache,Bear River,Cache Valley,426342.474,4619472.124,area_weighted_polygon_centroid_in_simplified_service_area,1
company_164,162752,Agricultural,Hay/Turf,Grass Hay,Flood,6.23257,2025,Cache,Bear River,Cache Valley,423078.065,4613810.224,area_weighted_polygon_centroid_in_simplified_service_area,1
company_088,162805,Agricultural,Hay/Turf,Grass Hay,Flood,9.696645,2025,Cache,Bear River,Cache Valley,429432.247,4610080.415,area_weighted_polygon_centroid_in_simplified_service_area,1
company_168,162818,Agricultural,Hay/Turf,Grass Hay,Flood,20.634257,2025,Cache,Bear River,Cache Valley,425237.342,4632786.171,area_weighted_polygon_centroid_in_simplified_service_area,1
company_168,162860,Agricultural,Hay/Turf,Grass Hay,Flood,12.970548,2025,Cache,Bear River,Cache Valley,424731.77,4637188.846,area_weighted_polygon_centroid_in_simplified_service_area,1
company_106,162955,Agricultural,Hay/Turf,Grass Hay,Flood,6.984345,2025,Cache,Bear River,Cache Valley,424430.814,4618030.533,area_weighted_polygon_centroid_in_simplified_service_area,1
company_106,162989,Agricultural,Hay/Turf,Grass Hay,Flood,6.807926,2025,Cache,Bear River,Cache Valley,424564.187,4617357.079,area_weighted_polygon_centroid_in_simplified_service_area,1
company_164,162999,Agricultural,Hay/Turf,Grass Hay,Flood,4.063854,2025,Cache,Bear River,Cache Valley,424702.019,4612508.228,area_weighted_polygon_centroid_in_simplified_service_area,1
company_164,163094,Agricultural,Hay/Turf,Grass Hay,Flood,0.545538,2025,Cache,Bear River,Cache Valley,424762.311,4612223.013,area_weighted_polygon_centroid_in_simplified_service_area,1
company_164,163119,Agricultural,Hay/Turf,Grass Hay,Flood,3.762984,2025,Cache,Bear River,Cache Valley,424081.806,4613019.212,area_weighted_polygon_centroid_in_simplified_service_area,1
company_164,163133,Agricultural,Hay/Turf,Grass Hay,Flood,9.186985,2025,Cache,Bear River,Cache Valley,424153.441,4612701.479,area_weighted_polygon_centroid_in_simplified_service_area,1
company_106,163194,Agricultural,Hay/Turf,Grass Hay,Flood,3.414892,2025,Cache,Bear River,Cache Valley,425614.08,4618482.984,area_weighted_polygon_centroid_in_simplified_service_area,1
company_164,163318,Agricultural,Hay/Turf,Grass Hay,Flood,5.775689,2025,Cache,Bear River,Cache Valley,423691.066,4613806.034,area_weighted_polygon_centroid_in_simplified_service_area,1
company_106,163320,Agricultural,Hay/Turf,Grass Hay,Flood,8.167904,2025,Cache,Bear River,Cache Valley,423246.991,4619073.908,area_weighted_polygon_centroid_in_simplified_service_area,1
company_168,163343,Agricultural,Hay/Turf,Grass Hay,Flood,2.677766,2025,Cache,Bear River,Cache Valley,421121.775,4646188.668,area_weighted_polygon_centroid_in_simplified_service_area,1
company_164,163353,Agricultural,Hay/Turf,Grass Hay,Flood,8.113086,2025,Cache,Bear River,Cache Valley,423213.065,4614387.486,area_weighted_polygon_centroid_in_simplified_service_area,1
company_105,163373,Agricultural,Hay/Turf,Grass Hay,Flood,6.402334,2025,Cache,Bear River,Cache Valley,429725.26,4624414.273,area_weighted_polygon_centroid_in_simplified_service_area,1
company_168,163434,Agricultural,Hay/Turf,Grass Hay,Flood,3.967565,2025,Cache,Bear River,Cache Valley,424292.08,4637361.679,area_weighted_polygon_centroid_in_simplified_service_area,1
company_106,163515,Agricultural,Hay/Turf,Grass Hay,Flood,2.19457,2025,Cache,Bear River,Cache Valley,424447.877,4619180.458,area_weighted_polygon_centroid_in_simplified_service_area,1
company_106,163620,Agricultural,Hay/Turf,Grass Hay,Flood,7.766381,2025,Cache,Bear River,Cache Valley,423220.205,4618814.964,area_weighted_polygon_centroid_in_simplified_service_area,1
company_106,163650,Agricultural,Hay/Turf,Grass Hay,Flood,4.118473,2025,Cache,Bear River,Cache Valley,424288.686,4619568.882,area_weighted_polygon_centroid_in_simplified_service_area,1
company_164,163789,Agricultural,Hay/Turf,Grass Hay,Flood,6.639005,2025,Cache,Bear River,Cache Valley,423330.048,4611330.948,area_weighted_polygon_centroid_in_simplified_service_area,1
company_105,163801,Agricultural,Hay/Turf,Grass Hay,Flood,4.964368,2025,Cache,Bear River,Cache Valley,428306.758,4623614.43,area_weighted_polygon_centroid_in_simplified_service_area,1
company_168,163836,Agricultural,Hay/Turf,Grass Hay,Flood,0.45717,2025,Cache,Bear River,Cache Valley,421706.833,4641741.136,area_weighted_polygon_centroid_in_simplified_service_area,1
company_106,163842,Agricultural,Hay/Turf,Grass Hay,Flood,2.535775,2025,Cache,Bear River,Cache Valley,423993.644,4620507.53,area_weighted_polygon_centroid_in_simplified_service_area,1
company_105,163843,Agricultural,Hay/Turf,Grass Hay,Flood,15.264775,2025,Cache,Bear River,Cache Valley,427995.797,4622546.135,area_weighted_polygon_centroid_in_simplified_service_area,1
company_168,163844,Agricultural,Hay/Turf,Grass Hay,Flood,6.859784,2025,Cache,Bear River,Cache Valley,424845.569,4637225.873,area_weighted_polygon_centroid_in_simplified_service_area,1
company_168,163983,Agricultural,Hay/Turf,Grass Hay,Flood,2.129051,2025,Cache,Bear River,Cache Valley,420331.217,4632678.709,area_weighted_polygon_centroid_in_simplified_service_area,1
company_10390,164133,Agricultural,Hay/Turf,Grass Hay,Flood,4.826607,2025,Cache,Bear River,Cache Valley,426534.993,4619596.861,area_weighted_polygon_centroid_in_simplified_service_area,1
company_088,164174,Agricultural,Hay/Turf,Grass Hay,Flood,2.840851,2025,Cache,Bear River,Cache Valley,429599.571,4609974.325,area_weighted_polygon_centroid_in_simplified_service_area,1
company_106,164175,Agricultural,Hay/Turf,Grass Hay,Flood,0.813711,2025,Cache,Bear River,Cache Valley,423694.964,4619033.042,area_weighted_polygon_centroid_in_simplified_service_area,1
company_088,164221,Agricultural,Hay/Turf,Grass Hay,Flood,3.427847,2025,Cache,Bear River,Cache Valley,430157.84,4607201.646,area_weighted_polygon_centroid_in_simplified_service_area,1
company_10390,164249,Agricultural,Hay/Turf,Grass Hay,Flood,5.137325,2025,Cache,Bear River,Cache Valley,426791.394,4618551.57,area_weighted_polygon_centroid_in_simplified_service_area,1
company_106,164270,Agricultural,Hay/Turf,Grass Hay,Flood,3.308398,2025,Cache,Bear River,Cache Valley,424148.493,4617486.41,area_weighted_polygon_centroid_in_simplified_service_area,1
company_164,164436,Agricultural,Hay/Turf,Grass Hay,Flood,0.839706,2025,Cache,Bear River,Cache Valley,424088.187,4611177.218,area_weighted_polygon_centroid_in_simplified_service_area,1
company_10390,164636,Agricultural,Hay/Turf,Grass Hay,Flood,9.914409,2025,Cache,Bear River,Cache Valley,426192.546,4619680.768,area_weighted_polygon_centroid_in_simplified_service_area,1
company_168,164639,Agricultural,Hay/Turf,Grass Hay,Flood,10.051269,2025,Cache,Bear River,Cache Valley,424356.856,4632208.034,area_weighted_polygon_centroid_in_simplified_service_area,1
company_164,164649,Agricultural,Hay/Turf,Grass Hay,Flood,23.209148,2025,Cache,Bear River,Cache Valley,423870.774,4613266.038,area_weighted_polygon_centroid_in_simplified_service_area,1
company_106,164716,Agricultural,Hay/Turf,Grass Hay,Flood,2.956665,2025,Cache,Bear River,Cache Valley,424465.541,4618347.258,area_weighted_polygon_centroid_in_simplified_service_area,1
company_106,164741,Agricultural,Hay/Turf,Grass Hay,Flood,4.178392,2025,Cache,Bear River,Cache Valley,423353.883,4618973.937,area_weighted_polygon_centroid_in_simplified_service_area,1
company_164,164825,Agricultural,Hay/Turf,Grass Hay,Flood,17.503947,2025,Cache,Bear River,Cache Valley,422703.777,4614880.284,area_weighted_polygon_centroid_in_simplified_service_area,1
company_105,164826,Agricultural,Hay/Turf,Grass Hay,Flood,0.20719,2025,Cache,Bear River,Cache Valley,429841.343,4624342.711,area_weighted_polygon_centroid_in_simplified_service_area,1
company_10390,164871,Agricultural,Hay/Turf,Grass Hay,Flood,25.904996,2025,Cache,Bear River,Cache Valley,426949.172,4618810.099,area_weighted_polygon_centroid_in_simplified_service_area,1
company_088,164877,Agricultural,Hay/Turf,Grass Hay,Flood,1.545595,2025,Cache,Bear River,Cache Valley,430574.032,4607149.109,area_weighted_polygon_centroid_in_simplified_service_area,1
company_164,164934,Agricultural,Hay/Turf,Grass Hay,Flood,27.514002,2025,Cache,Bear River,Cache Valley,424479.849,4612750.749,area_weighted_polygon_centroid_in_simplified_service_area,1
company_10390,164981,Agricultural,Hay/Turf,Grass Hay,Flood,0.152281,2025,Cache,Bear River,Cache Valley,426894.467,4619454.803,area_weighted_polygon_centroid_in_simplified_service_area,1
company_164,164995,Agricultural,Hay/Turf,Grass Hay,Flood,1.169549,2025,Cache,Bear River,Cache Valley,425955.449,4613542.3,area_weighted_polygon_centroid_in_simplified_service_area,1
company_132,164997,Agricultural,Hay/Turf,Grass Hay,Flood,5.852017,2025,Cache,Bear River,Cache Valley,431865.205,4602810.006,area_weighted_polygon_centroid_in_simplified_service_area,1
company_164,165015,Agricultural,Hay/Turf,Grass Hay,Flood,1.500554,2025,Cache,Bear River,Cache Valley,425685.51,4613166.463,area_weighted_polygon_centroid_in_simplified_service_area,1
company_106,165150,Agricultural,Hay/Turf,Grass Hay,Flood,9.755612,2025,Cache,Bear River,Cache Valley,423131.708,4619030.393,area_weighted_polygon_centroid_in_simplified_service_area,1
company_168,165158,Agricultural,Hay/Turf,Grass Hay,Flood,23.357286,2025,Cache,Bear River,Cache Valley,421572.032,4648446.07,area_weighted_polygon_centroid_in_simplified_service_area,1
company_164,165193,Agricultural,Hay/Turf,Grass Hay,Flood,3.531238,2025,Cache,Bear River,Cache Valley,423142.42,4611709.015,area_weighted_polygon_centroid_in_simplified_service_area,1
company_168,165254,Agricultural,Hay/Turf,Grass Hay,Flood,16.936407,2025,Cache,Bear River,Cache Valley,421294.224,4642468.39,area_weighted_polygon_centroid_in_simplified_service_area,1
company_168,165296,Agricultural,Hay/Turf,Grass Hay,Flood,8.413175,2025,Cache,Bear River,Cache Valley,421346.199,4639897.838,area_weighted_polygon_centroid_in_simplified_service_area,1
company_164,165336,Agricultural,Hay/Turf,Grass Hay,Flood,1.673261,2025,Cache,Bear River,Cache Valley,423895.993,4615477.132,area_weighted_polygon_centroid_in_simplified_service_area,1
company_164,165355,Agricultural,Hay/Turf,Grass Hay,Flood,6.905079,2025,Cache,Bear River,Cache Valley,424076.898,4615604.469,area_weighted_polygon_centroid_in_simplified_service_area,1
company_106,165359,Agricultural,Hay/Turf,Grass Hay,Flood,5.117276,2025,Cache,Bear River,Cache Valley,426234.122,4618707.689,area_weighted_polygon_centroid_in_simplified_service_area,1
company_10390,165623,Agricultural,Hay/Turf,Grass Hay,Flood,1.155667,2025,Cache,Bear River,Cache Valley,427454.914,4619225.877,area_weighted_polygon_centroid_in_simplified_service_area,1
company_168,165628,Agricultural,Hay/Turf,Grass Hay,Flood,11.03321,2025,Cache,Bear River,Cache Valley,422139.027,4640056.916,area_weighted_polygon_centroid_in_simplified_service_area,1
company_106,165686,Agricultural,Hay/Turf,Grass Hay,Flood,4.006696,2025,Cache,Bear River,Cache Valley,424970.2,4619578.32,area_weighted_polygon_centroid_in_simplified_service_area,1
company_106,165698,Agricultural,Hay/Turf,Grass Hay,Flood,4.538721,2025,Cache,Bear River,Cache Valley,426097.766,4618300.261,area_weighted_polygon_centroid_in_simplified_service_area,1
company_168,165725,Agricultural,Hay/Turf,Grass Hay,Flood,28.672617,2025,Cache,Bear River,Cache Valley,421557.077,4633817.745,area_weighted_polygon_centroid_in_simplified_service_area,1
company_168,165930,Agricultural,Hay/Turf,Grass Hay,Flood,1.851419,2025,Cache,Bear River,Cache Valley,421697.99,4641677.784,area_weighted_polygon_centroid_in_simplified_service_area,1
company_164,165954,Agricultural,Hay/Turf,Grass Hay,Flood,3.79288,2025,Cache,Bear River,Cache Valley,424444.064,4613190.951,area_weighted_polygon_centroid_in_simplified_service_area,1
company_105,166126,Agricultural,Hay/Turf,Grass Hay,Flood,4.349534,2025,Cache,Bear River,Cache Valley,429728.974,4624498.12,area_weighted_polygon_centroid_in_simplified_service_area,1
company_164,166159,Agricultural,Hay/Turf,Grass Hay,Flood,1.143328,2025,Cache,Bear River,Cache Valley,423881.655,4611170.072,area_weighted_polygon_centroid_in_simplified_service_area,1
company_105,166164,Agricultural,Hay/Turf,Grass Hay,Flood,2.312684,2025,Cache,Bear River,Cache Valley,428743.413,4624001.76,area_weighted_polygon_centroid_in_simplified_service_area,1
company_168,166293,Agricultural,Hay/Turf,Grass Hay,Flood,8.954428,2025,Cache,Bear River,Cache Valley,420593.284,4642329.066,area_weighted_polygon_centroid_in_simplified_service_area,1
company_106,166410,Agricultural,Hay/Turf,Grass Hay,Flood,4.071042,2025,Cache,Bear River,Cache Valley,425120.489,4619620.793,area_weighted_polygon_centroid_in_simplified_service_area,1
company_168,166433,Agricultural,Hay/Turf,Grass Hay,Flood,6.980979,2025,Cache,Bear River,Cache Valley,423178.357,4639324.545,area_weighted_polygon_centroid_in_simplified_service_area,1
company_106,166510,Agricultural,Hay/Turf,Grass Hay,Flood,8.98988,2025,Cache,Bear River,Cache Valley,425342.883,4619576.637,area_weighted_polygon_centroid_in_simplified_service_area,1
company_106,166538,Agricultural,Hay/Turf,Grass Hay,Flood,7.115688,2025,Cache,Bear River,Cache Valley,426259.752,4618317.017,area_weighted_polygon_centroid_in_simplified_service_area,1
company_088,166584,Agricultural,Hay/Turf,Grass Hay,Flood,45.151688,2025,Cache,Bear River,Cache Valley,430245.003,4607509.638,area_weighted_polygon_centroid_in_simplified_service_area,1
company_106,166632,Agricultural,Hay/Turf,Grass Hay,Flood,3.190769,2025,Cache,Bear River,Cache Valley,424093.699,4619100.222,area_weighted_polygon_centroid_in_simplified_service_area,1
company_164,166769,Agricultural,Hay/Turf,Grass Hay,Flood,0.307574,2025,Cache,Bear River,Cache Valley,425899.827,4613587.748,area_weighted_polygon_centroid_in_simplified_service_area,1
company_106,166857,Agricultural,Hay/Turf,Grass Hay,Flood,2.176097,2025,Cache,Bear River,Cache Valley,425008.734,4618542.583,area_weighted_polygon_centroid_in_simplified_service_area,1
company_105,166893,Agricultural,Hay/Turf,Grass Hay,Flood,4.811575,2025,Cache,Bear River,Cache Valley,428068.665,4622907.381,area_weighted_polygon_centroid_in_simplified_service_area,1
company_10390,166900,Agricultural,Hay/Turf,Grass Hay,Flood,6.773721,2025,Cache,Bear River,Cache Valley,426944.241,4619687.019,area_weighted_polygon_centroid_in_simplified_service_area,1
company_164,166923,Agricultural,Hay/Turf,Grass Hay,Flood,8.740693,2025,Cache,Bear River,Cache Valley,423335.682,4611132.306,area_weighted_polygon_centroid_in_simplified_service_area,1
company_168,166948,Agricultural,Hay/Turf,Grass Hay,Flood,3.15782,2025,Cache,Bear River,Cache Valley,420751.951,4646021.971,area_weighted_polygon_centroid_in_simplified_service_area,1
company_168,166999,Agricultural,Hay/Turf,Grass Hay,Flood,25.774135,2025,Cache,Bear River,Cache Valley,424398.242,4637179.2,area_weighted_polygon_centroid_in_simplified_service_area,1
company_106,167084,Agricultural,Hay/Turf,Grass Hay,Flood,14.719757,2025,Cache,Bear River,Cache Valley,423272.286,4620581.517,area_weighted_polygon_centroid_in_simplified_service_area,1
company_168,167110,Agricultural,Hay/Turf,Grass Hay,Flood,1.937838,2025,Cache,Bear River,Cache Valley,417491.692,4633084.635,area_weighted_polygon_centroid_in_simplified_service_area,1
company_168,167194,Agricultural,Hay/Turf,Grass Hay,Flood,13.06357,2025,Cache,Bear River,Cache Valley,424164.625,4637436.426,area_weighted_polygon_centroid_in_simplified_service_area,1
company_106,167219,Agricultural,Hay/Turf,Grass Hay,Flood,6.944948,2025,Cache,Bear River,Cache Valley,425348.12,4619355.519,area_weighted_polygon_centroid_in_simplified_service_area,1
company_168,167254,Agricultural,Hay/Turf,Grass Hay,Flood,11.383713,2025,Cache,Bear River,Cache Valley,421667.507,4645257.501,area_weighted_polygon_centroid_in_simplified_service_area,1
company_168,167369,Agricultural,Hay/Turf,Grass Hay,Flood,1.592104,2025,Cache,Bear River,Cache Valley,422627.624,4639371.227,area_weighted_polygon_centroid_in_simplified_service_area,1
company_088,167406,Agricultural,Hay/Turf,Grass Hay,Flood,0.821445,2025,Cache,Bear River,Cache Valley,429854.117,4610204.847,area_weighted_polygon_centroid_in_simplified_service_area,1
company_105,167560,Agricultural,Hay/Turf,Grass Hay,Flood,11.180293,2025,Cache,Bear River,Cache Valley,427944.436,4622791.062,area_weighted_polygon_centroid_in_simplified_service_area,1
company_106,167563,Agricultural,Hay/Turf,Grass Hay,Flood,9.665323,2025,Cache,Bear River,Cache Valley,425734.037,4618253.415,area_weighted_polygon_centroid_in_simplified_service_area,1
company_106,167638,Agricultural,Hay/Turf,Grass Hay,Flood,1.967905,2025,Cache,Bear River,Cache Valley,424337.15,4617255.505,area_weighted_polygon_centroid_in_simplified_service_area,1
company_106,167667,Agricultural,Hay/Turf,Grass Hay,Flood,11.548332,2025,Cache,Bear River,Cache Valley,424567.361,4619058.312,area_weighted_polygon_centroid_in_simplified_service_area,1
company_106,167713,Agricultural,Hay/Turf,Grass Hay,Flood,2.427552,2025,Cache,Bear River,Cache Valley,424712.873,4618052.302,area_weighted_polygon_centroid_in_simplified_service_area,1
company_106,167861,Agricultural,Hay/Turf,Grass Hay,Flood,0.10745,2025,Cache,Bear River,Cache Valley,424382.545,4617231.022,area_weighted_polygon_centroid_in_simplified_service_area,1
company_168,167913,Agricultural,Hay/Turf,Grass Hay,Flood,8.362759,2025,Cache,Bear River,Cache Valley,422795.589,4639597.885,area_weighted_polygon_centroid_in_simplified_service_area,1
company_10390,167950,Agricultural,Hay/Turf,Grass Hay,Flood,1.302151,2025,Cache,Bear River,Cache Valley,426970.517,4619762.703,area_weighted_polygon_centroid_in_simplified_service_area,1
company_164,167964,Agricultural,Hay/Turf,Grass Hay,Flood,1.51431,2025,Cache,Bear River,Cache Valley,424320.336,4613355.534,area_weighted_polygon_centroid_in_simplified_service_area,1
company_106,167973,Agricultural,Hay/Turf,Grass Hay,Flood,12.000649,2025,Cache,Bear River,Cache Valley,423885.164,4620325.422,area_weighted_polygon_centroid_in_simplified_service_area,1
company_164,167981,Agricultural,Hay/Turf,Grass Hay,Flood,2.44608,2025,Cache,Bear River,Cache Valley,423348.876,4611647.194,area_weighted_polygon_centroid_in_simplified_service_area,1
company_106,167997,Agricultural,Hay/Turf,Grass Hay,Flood,10.019891,2025,Cache,Bear River,Cache Valley,423767.469,4619044.367,area_weighted_polygon_centroid_in_simplified_service_area,1
company_168,168017,Agricultural,Hay/Turf,Grass Hay,Flood,17.283319,2025,Cache,Bear River,Cache Valley,420314.165,4646373.105,area_weighted_polygon_centroid_in_simplified_service_area,1
company_106,168052,Agricultural,Hay/Turf,Grass Hay,Flood,38.211624,2025,Cache,Bear River,Cache Valley,424836.486,4619038.822,area_weighted_polygon_centroid_in_simplified_service_area,1
company_168,168065,Agricultural,Hay/Turf,Grass Hay,Flood,6.255394,2025,Cache,Bear River,Cache Valley,421012.609,4645465.405,area_weighted_polygon_centroid_in_simplified_service_area,1
company_164,168213,Agricultural,Hay/Turf,Grass Hay,Flood,6.275277,2025,Cache,Bear River,Cache Valley,423999.761,4612136.579,area_weighted_polygon_centroid_in_simplified_service_area,1
company_105,168291,Agricultural,Hay/Turf,Grass Hay,Flood,0.591477,2025,Cache,Bear River,Cache Valley,428149.673,4622814.537,area_weighted_polygon_centroid_in_simplified_service_area,1
company_164,168387,Agricultural,Hay/Turf,Grass Hay,Flood,1.097508,2025,Cache,Bear River,Cache Valley,427236.787,4608964.047,area_weighted_polygon_centroid_in_simplified_service_area,1
company_106,168475,Agricultural,Hay/Turf,Grass Hay,Flood,14.203026,2025,Cache,Bear River,Cache Valley,426799.368,4617427.238,area_weighted_polygon_centroid_in_simplified_service_area,1
company_106,168485,Agricultural,Hay/Turf,Grass Hay,Flood,1.114657,2025,Cache,Bear River,Cache Valley,423586.566,4619147.069,area_weighted_polygon_centroid_in_simplified_service_area,1
company_106,168692,Agricultural,Hay/Turf,Grass Hay,Flood,9.031123,2025,Cache,Bear River,Cache Valley,426011.896,4618389.106,area_weighted_polygon_centroid_in_simplified_service_area,1
company_088,168778,Agricultural,Hay/Turf,Grass Hay,Flood,4.429157,2025,Cache,Bear River,Cache Valley,425974.512,4610054.591,area_weighted_polygon_centroid_in_simplified_service_area,1
company_106,168842,Agricultural,Hay/Turf,Grass Hay,Flood,5.273486,2025,Cache,Bear River,Cache Valley,424576.758,4618468.948,area_weighted_polygon_centroid_in_simplified_service_area,1
company_105,168878,Agricultural,Hay/Turf,Grass Hay,Flood,4.900463,2025,Cache,Bear River,Cache Valley,429321.001,4623608.707,area_weighted_polygon_centroid_in_simplified_service_area,1
company_164,168891,Agricultural,Hay/Turf,Grass Hay,Flood,4.170904,2025,Cache,Bear River,Cache Valley,423144.068,4611534.308,area_weighted_polygon_centroid_in_simplified_service_area,1
company_168,168940,Agricultural,Hay/Turf,Grass Hay,Flood,11.233807,2025,Cache,Bear River,Cache Valley,421192.259,4642819.048,area_weighted_polygon_centroid_in_simplified_service_area,1
company_106,169127,Agricultural,Hay/Turf,Grass Hay,Flood,4.371279,2025,Cache,Bear River,Cache Valley,423535.821,4620474.915,area_weighted_polygon_centroid_in_simplified_service_area,1
company_10390,169171,Agricultural,Hay/Turf,Grass Hay,Flood,5.248211,2025,Cache,Bear River,Cache Valley,426334.092,4619740.705,area_weighted_polygon_centroid_in_simplified_service_area,1
company_106,169190,Agricultural,Hay/Turf,Grass Hay,Flood,11.760477,2025,Cache,Bear River,Cache Valley,424923.479,4617772.527,area_weighted_polygon_centroid_in_simplified_service_area,1
company_168,169191,Agricultural,Hay/Turf,Grass Hay,Flood,8.734891,2025,Cache,Bear River,Cache Valley,421142.703,4645499.588,area_weighted_polygon_centroid_in_simplified_service_area,1
company_106,169241,Agricultural,Hay/Turf,Grass Hay,Flood,0.767681,2025,Cache,Bear River,Cache Valley,426385.463,4618757.242,area_weighted_polygon_centroid_in_simplified_service_area,1
company_106,169332,Agricultural,Hay/Turf,Grass Hay,Flood,1.043699,2025,Cache,Bear River,Cache Valley,424086.772,4619285.292,area_weighted_polygon_centroid_in_simplified_service_area,1
company_106,169380,Agricultural,Hay/Turf,Grass Hay,Flood,18.49904,2025,Cache,Bear River,Cache Valley,424888.807,4618229.095,area_weighted_polygon_centroid_in_simplified_service_area,1
company_10390,169397,Agricultural,Hay/Turf,Grass Hay,Flood,0.928488,2025,Cache,Bear River,Cache Valley,427281.06,4618555.194,area_weighted_polygon_centroid_in_simplified_service_area,1
company_105,169430,Agricultural,Hay/Turf,Grass Hay,Flood,4.798013,2025,Cache,Bear River,Cache Valley,428611.547,4620517.296,area_weighted_polygon_centroid_in_simplified_service_area,1
company_106,169437,Agricultural,Hay/Turf,Grass Hay,Flood,0.649195,2025,Cache,Bear River,Cache Valley,423471.192,4619032.368,area_weighted_polygon_centroid_in_simplified_service_area,1
company_106,169448,Agricultural,Hay/Turf,Grass Hay,Flood,0.981227,2025,Cache,Bear River,Cache Valley,424970.329,4618610.467,area_weighted_polygon_centroid_in_simplified_service_area,1
company_168,169478,Agricultural,Hay/Turf,Grass Hay,Flood,4.127961,2025,Cache,Bear River,Cache Valley,421573.328,4641683.758,area_weighted_polygon_centroid_in_simplified_service_area,1
company_106,169496,Agricultural,Hay/Turf,Grass Hay,Flood,6.446977,2025,Cache,Bear River,Cache Valley,426557.14,4618710.332,area_weighted_polygon_centroid_in_simplified_service_area,1
company_164,169573,Agricultural,Hay/Turf,Grass Hay,Flood,11.493373,2025,Cache,Bear River,Cache Valley,423327.823,4611932.322,area_weighted_polygon_centroid_in_simplified_service_area,1
company_168,169642,Agricultural,Hay/Turf,Grass Hay,Flood,2.897366,2025,Cache,Bear River,Cache Valley,421947.937,4636100.992,area_weighted_polygon_centroid_in_simplified_service_area,1
company_106,169678,Agricultural,Hay/Turf,Grass Hay,Flood,2.401016,2025,Cache,Bear River,Cache Valley,426004.312,4617229.35,area_weighted_polygon_centroid_in_simplified_service_area,1
company_105,169785,Agricultural,Hay/Turf,Grass Hay,Flood,7.436992,2025,Cache,Bear River,Cache Valley,428671.254,4620306.537,area_weighted_polygon_centroid_in_simplified_service_area,1
company_106,169827,Agricultural,Hay/Turf,Grass Hay,Flood,11.186307,2025,Cache,Bear River,Cache Valley,423306.502,4618107.641,area_weighted_polygon_centroid_in_simplified_service_area,1
company_164,169865,Agricultural,Hay/Turf,Grass Hay,Flood,0.828075,2025,Cache,Bear River,Cache Valley,423836.283,4611191.196,area_weighted_polygon_centroid_in_simplified_service_area,1
company_106,169899,Agricultural,Hay/Turf,Grass Hay,Flood,2.21489,2025,Cache,Bear River,Cache Valley,423497.932,4619163.452,area_weighted_polygon_centroid_in_simplified_service_area,1
company_168,169918,Agricultural,Hay/Turf,Grass Hay,Flood,2.844902,2025,Cache,Bear River,Cache Valley,424629.733,4637235.433,area_weighted_polygon_centroid_in_simplified_service_area,1
company_105,170009,Agricultural,Hay/Turf,Grass Hay,Flood,7.132312,2025,Cache,Bear River,Cache Valley,427989.894,4623432.686,area_weighted_polygon_centroid_in_simplified_service_area,1
company_105,170042,Agricultural,Hay/Turf,Grass Hay,Flood,3.877079,2025,Cache,Bear River,Cache Valley,428772.236,4624035.109,area_weighted_polygon_centroid_in_simplified_service_area,1
company_168,170077,Agricultural,Hay/Turf,Grass Hay,Flood,7.760701,2025,Cache,Bear River,Cache Valley,422902.737,4639627.105,area_weighted_polygon_centroid_in_simplified_service_area,1
company_168,170117,Agricultural,Hay/Turf,Grass Hay,Flood,3.919211,2025,Cache,Bear River,Cache Valley,425964.378,4632880.377,area_weighted_polygon_centroid_in_simplified_service_area,1
company_106,170134,Agricultural,Hay/Turf,Grass Hay,Flood,3.13044,2025,Cache,Bear River,Cache Valley,423964.56,4619404.277,area_weighted_polygon_centroid_in_simplified_service_area,1
company_168,170163,Agricultural,Hay/Turf,Grass Hay,Flood,3.952754,2025,Cache,Bear River,Cache Valley,422185.709,4635214.831,area_weighted_polygon_centroid_in_simplified_service_area,1
company_106,170167,Agricultural,Hay/Turf,Grass Hay,Flood,3.070159,2025,Cache,Bear River,Cache Valley,425704.62,4618912.369,area_weighted_polygon_centroid_in_simplified_service_area,1
company_164,170186,Agricultural,Hay/Turf,Grass Hay,Flood,11.565231,2025,Cache,Bear River,Cache Valley,424309.878,4611920.426,area_weighted_polygon_centroid_in_simplified_service_area,1
company_168,170242,Agricultural,Hay/Turf,Grass Hay,Flood,12.117102,2025,Cache,Bear River,Cache Valley,422019.008,4640048.235,area_weighted_polygon_centroid_in_simplified_service_area,1
company_106,170243,Agricultural,Hay/Turf,Grass Hay,Flood,40.312,2025,Cache,Bear River,Cache Valley,425236.985,4617455.298,area_weighted_polygon_centroid_in_simplified_service_area,1
company_106,170307,Agricultural,Hay/Turf,Grass Hay,Flood,3.725483,2025,Cache,Bear River,Cache Valley,423665.347,4618922.087,area_weighted_polygon_centroid_in_simplified_service_area,1
company_106,170352,Agricultural,Hay/Turf,Grass Hay,Flood,10.258677,2025,Cache,Bear River,Cache Valley,425635.599,4617302.736,area_weighted_polygon_centroid_in_simplified_service_area,1
company_106,170454,Agricultural,Hay/Turf,Grass Hay,Flood,5.980088,2025,Cache,Bear River,Cache Valley,426865.2,4617923.172,area_weighted_polygon_centroid_in_simplified_service_area,1
company_132,170559,Agricultural,Hay/Turf,Grass Hay,Flood,13.520385,2025,Cache,Bear River,Cache Valley,431173.428,4608954.384,area_weighted_polygon_centroid_in_simplified_service_area,1
company_106,170566,Agricultural,Hay/Turf,Grass Hay,Flood,14.124686,2025,Cache,Bear River,Cache Valley,424874.006,4617169.697,area_weighted_polygon_centroid_in_simplified_service_area,1
company_10390,170619,Agricultural,Hay/Turf,Grass Hay,Flood,13.173437,2025,Cache,Bear River,Cache Valley,426696.498,4619072.632,area_weighted_polygon_centroid_in_simplified_service_area,1
company_106,170642,Agricultural,Hay/Turf,Grass Hay,Flood,0.71662,2025,Cache,Bear River,Cache Valley,423628.404,4619212.392,area_weighted_polygon_centroid_in_simplified_service_area,1
company_168,170719,Agricultural,Hay/Turf,Grass Hay,Flood,15.520711,2025,Cache,Bear River,Cache Valley,421538.806,4642775.247,area_weighted_polygon_centroid_in_simplified_service_area,1
company_106,170730,Agricultural,Hay/Turf,Grass Hay,Flood,5.259994,2025,Cache,Bear River,Cache Valley,424425.504,4618569.544,area_weighted_polygon_centroid_in_simplified_service_area,1
company_106,170739,Agricultural,Hay/Turf,Grass Hay,Flood,17.175356,2025,Cache,Bear River,Cache Valley,426454.241,4617272.987,area_weighted_polygon_centroid_in_simplified_service_area,1
company_168,170822,Agricultural,Hay/Turf,Grass Hay,Flood,17.930626,2025,Cache,Bear River,Cache Valley,421853.846,4638377.943,area_weighted_polygon_centroid_in_simplified_service_area,1
company_10390,170824,Agricultural,Hay/Turf,Grass Hay,Flood,7.882372,2025,Cache,Bear River,Cache Valley,427113.258,4619438.798,area_weighted_polygon_centroid_in_simplified_service_area,1
company_106,170875,Agricultural,Hay/Turf,Grass Hay,Flood,58.521954,2025,Cache,Bear River,Cache Valley,426152.172,4617826.495,area_weighted_polygon_centroid_in_simplified_service_area,1
company_106,170988,Agricultural,Hay/Turf,Grass Hay,Flood,4.269845,2025,Cache,Bear River,Cache Valley,424472.447,4618969.22,area_weighted_polygon_centroid_in_simplified_service_area,1
company_106,171046,Agricultural,Hay/Turf,Grass Hay,Flood,14.883211,2025,Cache,Bear River,Cache Valley,424632.071,4617740.927,area_weighted_polygon_centroid_in_simplified_service_area,1
company_088,171078,Agricultural,Hay/Turf,Grass Hay,Flood,4.331226,2025,Cache,Bear River,Cache Valley,429934.827,4606792.113,area_weighted_polygon_centroid_in_simplified_service_area,1
company_168,171081,Agricultural,Hay/Turf,Grass Hay,Flood,4.503401,2025,Cache,Bear River,Cache Valley,424690.069,4636968.421,area_weighted_polygon_centroid_in_simplified_service_area,1
company_164,171163,Agricultural,Hay/Turf,Grass Hay,Flood,22.268203,2025,Cache,Bear River,Cache Valley,424408.471,4612938.703,area_weighted_polygon_centroid_in_simplified_service_area,1
company_106,171318,Agricultural,Hay/Turf,Grass Hay,Flood,4.222832,2025,Cache,Bear River,Cache Valley,424998.781,4617532.012,area_weighted_polygon_centroid_in_simplified_service_area,1
company_106,171320,Agricultural,Hay/Turf,Grass Hay,Flood,4.882549,2025,Cache,Bear River,Cache Valley,424930.719,4617297.67,area_weighted_polygon_centroid_in_simplified_service_area,1
company_168,171365,Agricultural,Hay/Turf,Grass Hay,Flood,1.236742,2025,Cache,Bear River,Cache Valley,416849.673,4633148.008,area_weighted_polygon_centroid_in_simplified_service_area,1
company_106,171458,Agricultural,Hay/Turf,Grass Hay,Flood,7.443682,2025,Cache,Bear River,Cache Valley,424900.058,4617552.37,area_weighted_polygon_centroid_in_simplified_service_area,1
company_106,171615,Agricultural,Hay/Turf,Grass Hay,Flood,1.615648,2025,Cache,Bear River,Cache Valley,424083.544,4620297.835,area_weighted_polygon_centroid_in_simplified_service_area,1
company_106,171690,Agricultural,Hay/Turf,Grass Hay,Flood,0.576897,2025,Cache,Bear River,Cache Valley,423982.925,4620228.299,area_weighted_polygon_centroid_in_simplified_service_area,1
company_168,171729,Agricultural,Hay/Turf,Grass Hay,Flood,3.551124,2025,Cache,Bear River,Cache Valley,423547.539,4637656.301,area_weighted_polygon_centroid_in_simplified_service_area,1
company_106,171756,Agricultural,Hay/Turf,Grass Hay,Flood,25.036916,2025,Cache,Bear River,Cache Valley,422795.928,4620278.974,area_weighted_polygon_centroid_in_simplified_service_area,1
company_164,171767,Agricultural,Hay/Turf,Grass Hay,Flood,2.505464,2025,Cache,Bear River,Cache Valley,423175.866,4611824.348,area_weighted_polygon_centroid_in_simplified_service_area,1
company_164,171775,Agricultural,Hay/Turf,Grass Hay,Flood,1.982242,2025,Cache,Bear River,Cache Valley,423792.927,4614173.508,area_weighted_polygon_centroid_in_simplified_service_area,1
company_164,171997,Agricultural,Hay/Turf,Grass Hay,Flood,10.561128,2025,Cache,Bear River,Cache Valley,425155.618,4611586.459,area_weighted_polygon_centroid_in_simplified_service_area,1
company_106,172014,Agricultural,Hay/Turf,Grass Hay,Flood,7.266489,2025,Cache,Bear River,Cache Valley,424713.058,4617329.805,area_weighted_polygon_centroid_in_simplified_service_area,1
company_105,172086,Agricultural,Hay/Turf,Grass Hay,Flood,6.297221,2025,Cache,Bear River,Cache Valley,428254.286,4622190.059,area_weighted_polygon_centroid_in_simplified_service_area,1
company_168,172323,Agricultural,Hay/Turf,Grass Hay,Flood,13.112772,2025,Cache,Bear River,Cache Valley,425185.351,4635082.688,area_weighted_polygon_centroid_in_simplified_service_area,1
company_106,172372,Agricultural,Hay/Turf,Grass Hay,Flood,7.326672,2025,Cache,Bear River,Cache Valley,424686.907,4618215.647,area_weighted_polygon_centroid_in_simplified_service_area,1
company_106,172394,Agricultural,Hay/Turf,Grass Hay,Flood,9.715078,2025,Cache,Bear River,Cache Valley,424652.033,4617545.309,area_weighted_polygon_centroid_in_simplified_service_area,1
company_164,172444,Agricultural,Hay/Turf,Grass Hay,Flood,5.208258,2025,Cache,Bear River,Cache Valley,423406.666,4614156.119,area_weighted_polygon_centroid_in_simplified_service_area,1
company_105,172468,Agricultural,Hay/Turf,Grass Hay,Flood,18.950644,2025,Cache,Bear River,Cache Valley,427674.847,4623480.119,area_weighted_polygon_centroid_in_simplified_service_area,1
company_106,172841,Agricultural,Hay/Turf,Grass Hay,Flood,5.642853,2025,Cache,Bear River,Cache Valley,424902.772,4617385.758,area_weighted_polygon_centroid_in_simplified_service_area,1
company_106,172892,Agricultural,Hay/Turf,Grass Hay,Flood,30.361703,2025,Cache,Bear River,Cache Valley,422810.528,4620553.143,area_weighted_polygon_centroid_in_simplified_service_area,1
company_106,172955,Agricultural,Hay/Turf,Grass Hay,Flood,3.757501,2025,Cache,Bear River,Cache Valley,426193.629,4618078.865,area_weighted_polygon_centroid_in_simplified_service_area,1
company_106,172986,Agricultural,Hay/Turf,Grass Hay,Flood,6.439869,2025,Cache,Bear River,Cache Valley,423341.33,4618351.865,area_weighted_polygon_centroid_in_simplified_service_area,1
company_106,173018,Agricultural,Hay/Turf,Grass Hay,Flood,4.217764,2025,Cache,Bear River,Cache Valley,423471.044,4618935.698,area_weighted_polygon_centroid_in_simplified_service_area,1
company_164,173022,Agricultural,Hay/Turf,Grass Hay,Flood,17.869424,2025,Cache,Bear River,Cache Valley,424527.62,4615062.319,area_weighted_polygon_centroid_in_simplified_service_area,1
company_106,173041,Agricultural,Hay/Turf,Grass Hay,Flood,27.668505,2025,Cache,Bear River,Cache Valley,426442.012,4617505.329,area_weighted_polygon_centroid_in_simplified_service_area,1
company_106,173078,Agricultural,Hay/Turf,Grass Hay,Flood,3.893439,2025,Cache,Bear River,Cache Valley,423568.4,4618933.517,area_weighted_polygon_centroid_in_simplified_service_area,1
company_106,173096,Agricultural,Hay/Turf,Grass Hay,Flood,23.782834,2025,Cache,Bear River,Cache Valley,424449.0,4618703.542,area_weighted_polygon_centroid_in_simplified_service_area,1
company_168,173097,Agricultural,Hay/Turf,Grass Hay,Flood,4.787987,2025,Cache,Bear River,Cache Valley,424492.682,4637360.82,area_weighted_polygon_centroid_in_simplified_service_area,1
company_168,173104,Agricultural,Hay/Turf,Grass Hay,Flood,22.293221,2025,Cache,Bear River,Cache Valley,424492.333,4637611.461,area_weighted_polygon_centroid_in_simplified_service_area,1
company_168,173111,Agricultural,Hay/Turf,Grass Hay,Flood,23.321516,2025,Cache,Bear River,Cache Valley,421612.262,4645675.722,area_weighted_polygon_centroid_in_simplified_service_area,1
company_106,173164,Agricultural,Hay/Turf,Grass Hay,Flood,20.460637,2025,Cache,Bear River,Cache Valley,425634.579,4617459.944,area_weighted_polygon_centroid_in_simplified_service_area,1
company_106,173192,Agricultural,Hay/Turf,Grass Hay,Flood,4.646566,2025,Cache,Bear River,Cache Valley,424880.605,4619953.669,area_weighted_polygon_centroid_in_simplified_service_area,1
company_106,173219,Agricultural,Hay/Turf,Grass Hay,Flood,4.063396,2025,Cache,Bear River,Cache Valley,426161.119,4618205.851,area_weighted_polygon_centroid_in_simplified_service_area,1
company_106,173277,Agricultural,Hay/Turf,Grass Hay,Flood,16.645813,2025,Cache,Bear River,Cache Valley,424124.912,4619492.66,area_weighted_polygon_centroid_in_simplified_service_area,1
company_106,173286,Agricultural,Hay/Turf,Grass Hay,Flood,8.920987,2025,Cache,Bear River,Cache Valley,425636.599,4617610.133,area_weighted_polygon_centroid_in_simplified_service_area,1
company_106,173291,Agricultural,Hay/Turf,Grass Hay,Flood,20.670055,2025,Cache,Bear River,Cache Valley,425687.459,4617108.529,area_weighted_polygon_centroid_in_simplified_service_area,1
company_106,173311,Agricultural,Hay/Turf,Grass Hay,Flood,16.861609,2025,Cache,Bear River,Cache Valley,423568.236,4619504.243,area_weighted_polygon_centroid_in_simplified_service_area,1
company_106,173325,Agricultural,Hay/Turf,Grass Hay,Flood,0.70613,2025,Cache,Bear River,Cache Valley,423696.497,4619212.305,area_weighted_polygon_centroid_in_simplified_service_area,1
company_106,173335,Agricultural,Hay/Turf,Grass Hay,Flood,39.419886,2025,Cache,Bear River,Cache Valley,423687.204,4619752.883,area_weighted_polygon_centroid_in_simplified_service_area,1
company_106,173336,Agricultural,Hay/Turf,Grass Hay,Flood,4.461187,2025,Cache,Bear River,Cache Valley,423980.841,4619836.306,area_weighted_polygon_centroid_in_simplified_service_area,1
company_168,173373,Agricultural,Hay/Turf,Grass Hay,Flood,22.278693,2025,Cache,Bear River,Cache Valley,420073.46,4645933.265,area_weighted_polygon_centroid_in_simplified_service_area,1
company_10390,173386,Agricultural,Hay/Turf,Grass Hay,Flood,16.460921,2025,Cache,Bear River,Cache Valley,426571.026,4619311.13,area_weighted_polygon_centroid_in_simplified_service_area,1
company_164,173436,Agricultural,Hay/Turf,Grass Hay,Flood,11.776195,2025,Cache,Bear River,Cache Valley,424931.367,4614730.082,area_weighted_polygon_centroid_in_simplified_service_area,1
company_106,173438,Agricultural,Hay/Turf,Grass Hay,Flood,14.293939,2025,Cache,Bear River,Cache Valley,423860.728,4619509.922,area_weighted_polygon_centroid_in_simplified_service_area,1
company_106,173464,Agricultural,Hay/Turf,Grass Hay,Flood,9.866676,2025,Cache,Bear River,Cache Valley,423621.373,4618510.167,area_weighted_polygon_centroid_in_simplified_service_area,1
company_168,173477,Agricultural,Hay/Turf,Grass Hay,Flood,58.572703,2025,Cache,Bear River,Cache Valley,420139.453,4645525.792,area_weighted_polygon_centroid_in_simplified_service_area,1
company_106,173514,Agricultural,Hay/Turf,Grass Hay,Flood,4.674411,2025,Cache,Bear River,Cache Valley,424973.033,4619954.215,area_weighted_polygon_centroid_in_simplified_service_area,1
company_164,173522,Agricultural,Hay/Turf,Grass Hay,Flood,30.612311,2025,Cache,Bear River,Cache Valley,424812.959,4615040.844,area_weighted_polygon_centroid_in_simplified_service_area,1
company_106,173589,Agricultural,Hay/Turf,Grass Hay,Flood,12.497979,2025,Cache,Bear River,Cache Valley,424843.256,4618685.233,area_weighted_polygon_centroid_in_simplified_service_area,1
company_106,173630,Agricultural,Hay/Turf,Grass Hay,Flood,13.064683,2025,Cache,Bear River,Cache Valley,423964.693,4619160.762,area_weighted_polygon_centroid_in_simplified_service_area,1
company_168,173638,Agricultural,Hay/Turf,Grass Hay,Flood,18.921938,2025,Cache,Bear River,Cache Valley,424291.177,4637612.819,area_weighted_polygon_centroid_in_simplified_service_area,1
company_106,173695,Agricultural,Hay/Turf,Grass Hay,Flood,0.40233,2025,Cache,Bear River,Cache Valley,425865.342,4619270.085,area_weighted_polygon_centroid_in_simplified_service_area,1
company_106,173754,Agricultural,Hay/Turf,Grass Hay,Flood,4.553769,2025,Cache,Bear River,Cache Valley,424789.91,4619954.672,area_weighted_polygon_centroid_in_simplified_service_area,1
company_164,173776,Agricultural,Hay/Turf,Grass Hay,Flood,7.773586,2025,Cache,Bear River,Cache Valley,424275.043,4613472.73,area_weighted_polygon_centroid_in_simplified_service_area,1
company_164,173811,Agricultural,Hay/Turf,Grass Hay,Flood,3.480766,2025,Cache,Bear River,Cache Valley,424298.202,4615135.602,area_weighted_polygon_centroid_in_simplified_service_area,1
company_106,173872,Agricultural,Hay/Turf,Grass Hay,Flood,16.671102,2025,Cache,Bear River,Cache Valley,425611.868,4619529.352,area_weighted_polygon_centroid_in_simplified_service_area,1
company_106,173886,Agricultural,Hay/Turf,Grass Hay,Flood,7.033401,2025,Cache,Bear River,Cache Valley,423499.319,4618369.349,area_weighted_polygon_centroid_in_simplified_service_area,1
company_106,173896,Agricultural,Hay/Turf,Grass Hay,Flood,19.61395,2025,Cache,Bear River,Cache Valley,425246.16,4618572.347,area_weighted_polygon_centroid_in_simplified_service_area,1
company_106,173903,Agricultural,Hay/Turf,Grass Hay,Flood,7.636439,2025,Cache,Bear River,Cache Valley,424425.483,4618460.912,area_weighted_polygon_centroid_in_simplified_service_area,1
company_168,173917,Agricultural,Hay/Turf,Grass Hay,Flood,60.446365,2025,Cache,Bear River,Cache Valley,420121.489,4646129.928,area_weighted_polygon_centroid_in_simplified_service_area,1
company_106,173972,Agricultural,Hay/Turf,Grass Hay,Flood,14.509994,2025,Cache,Bear River,Cache Valley,424698.985,4619461.812,area_weighted_polygon_centroid_in_simplified_service_area,1
company_106,173985,Agricultural,Hay/Turf,Grass Hay,Flood,10.408395,2025,Cache,Bear River,Cache Valley,424488.229,4619460.186,area_weighted_polygon_centroid_in_simplified_service_area,1
company_106,174051,Agricultural,Hay/Turf,Grass Hay,Flood,6.108301,2025,Cache,Bear River,Cache Valley,424007.871,4618493.265,area_weighted_polygon_centroid_in_simplified_service_area,1
company_106,174065,Agricultural,Hay/Turf,Grass Hay,Flood,29.224141,2025,Cache,Bear River,Cache Valley,425987.269,4617449.616,area_weighted_polygon_centroid_in_simplified_service_area,1
company_106,174074,Agricultural,Hay/Turf,Grass Hay,Flood,18.192961,2025,Cache,Bear River,Cache Valley,423634.47,4619977.205,area_weighted_polygon_centroid_in_simplified_service_area,1
company_106,174101,Agricultural,Hay/Turf,Grass Hay,Flood,15.706467,2025,Cache,Bear River,Cache Valley,426203.843,4617108.981,area_weighted_polygon_centroid_in_simplified_service_area,1
company_164,174126,Agricultural,Hay/Turf,Grass Hay,Flood,15.157859,2025,Cache,Bear River,Cache Valley,425121.651,4614661.683,area_weighted_polygon_centroid_in_simplified_service_area,1
company_105,174196,Agricultural,Hay/Turf,Grass Hay,Flood,20.19712,2025,Cache,Bear River,Cache Valley,428918.923,4624390.026,area_weighted_polygon_centroid_in_simplified_service_area,1
company_106,174460,Agricultural,Hay/Turf,Grass Hay,Flood,3.677973,2025,Cache,Bear River,Cache Valley,425684.796,4619138.336,area_weighted_polygon_centroid_in_simplified_service_area,1
company_168,174511,Agricultural,Hay/Turf,Grass Hay,Flood,8.415541,2025,Cache,Bear River,Cache Valley,421175.979,4633656.274,area_weighted_polygon_centroid_in_simplified_service_area,1
company_106,174563,Agricultural,Hay/Turf,Grass Hay,Flood,1.70309,2025,Cache,Bear River,Cache Valley,426610.825,4617802.913,area_weighted_polygon_centroid_in_simplified_service_area,1
company_164,174806,Agricultural,Hay/Turf,Grass Hay,Flood,0.736923,2025,Cache,Bear River,Cache Valley,424562.09,4612043.077,area_weighted_polygon_centroid_in_simplified_service_area,1
company_132,174831,Agricultural,Hay/Turf,Grass Hay,Flood,3.400119,2025,Cache,Bear River,Cache Valley,432642.994,4602683.09,area_weighted_polygon_centroid_in_simplified_service_area,1
company_105,174888,Agricultural,Hay/Turf,Grass Hay,Flood,3.449142,2025,Cache,Bear River,Cache Valley,428250.452,4621864.431,area_weighted_polygon_centroid_in_simplified_service_area,1
company_168,174976,Agricultural,Hay/Turf,Grass Hay,Flood,1.286761,2025,Cache,Bear River,Cache Valley,420269.843,4632778.802,area_weighted_polygon_centroid_in_simplified_service_area,1
company_168,175030,Agricultural,Hay/Turf,Grass Hay,Flood,16.671451,2025,Cache,Bear River,Cache Valley,420763.408,4644954.188,area_weighted_polygon_centroid_in_simplified_service_area,1
company_106,175148,Agricultural,Hay/Turf,Grass Hay,Flood,1.969475,2025,Cache,Bear River,Cache Valley,424104.389,4620216.236,area_weighted_polygon_centroid_in_simplified_service_area,1
company_105,175316,Agricultural,Hay/Turf,Grass Hay,Flood,13.527309,2025,Cache,Bear River,Cache Valley,429287.184,4624387.575,area_weighted_polygon_centroid_in_simplified_service_area,1
company_105,175331,Agricultural,Hay/Turf,Grass Hay,Flood,3.017439,2025,Cache,Bear River,Cache Valley,428027.147,4622671.377,area_weighted_polygon_centroid_in_simplified_service_area,1
company_168,175477,Agricultural,Hay/Turf,Grass Hay,Flood,11.6017,2025,Cache,Bear River,Cache Valley,421064.378,4641241.085,area_weighted_polygon_centroid_in_simplified_service_area,1
company_105,175654,Agricultural,Hay/Turf,Grass Hay,Flood,28.331715,2025,Cache,Bear River,Cache Valley,428963.47,4624596.28,area_weighted_polygon_centroid_in_simplified_service_area,1
company_164,175826,Agricultural,Hay/Turf,Grass Hay,Flood,8.352823,2025,Cache,Bear River,Cache Valley,425530.002,4613098.64,area_weighted_polygon_centroid_in_simplified_service_area,1
company_105,175865,Agricultural,Hay/Turf,Grass Hay,Flood,3.720223,2025,Cache,Bear River,Cache Valley,428986.427,4620109.223,area_weighted_polygon_centroid_in_simplified_service_area,1
company_106,175912,Agricultural,Hay/Turf,Grass Hay,Flood,5.783691,2025,Cache,Bear River,Cache Valley,424776.678,4617567.753,area_weighted_polygon_centroid_in_simplified_service_area,1
company_10390,175932,Agricultural,Hay/Turf,Grass Hay,Flood,8.163755,2025,Cache,Bear River,Cache Valley,427314.908,4619866.206,area_weighted_polygon_centroid_in_simplified_service_area,1
company_106,175972,Agricultural,Hay/Turf,Grass Hay,Flood,0.449518,2025,Cache,Bear River,Cache Valley,423051.396,4619174.539,area_weighted_polygon_centroid_in_simplified_service_area,1
company_168,176055,Agricultural,Hay/Turf,Grass Hay,Flood,20.368407,2025,Cache,Bear River,Cache Valley,420303.354,4642129.653,area_weighted_polygon_centroid_in_simplified_service_area,1
company_105,176061,Agricultural,Hay/Turf,Grass Hay,Flood,1.145805,2025,Cache,Bear River,Cache Valley,429559.13,4624403.995,area_weighted_polygon_centroid_in_simplified_service_area,1
company_106,176144,Agricultural,Hay/Turf,Grass Hay,Flood,4.157145,2025,Cache,Bear River,Cache Valley,423350.061,4619144.962,area_weighted_polygon_centroid_in_simplified_service_area,1
company_164,176153,Agricultural,Hay/Turf,Grass Hay,Flood,2.779135,2025,Cache,Bear River,Cache Valley,424557.98,4612153.159,area_weighted_polygon_centroid_in_simplified_service_area,1
company_164,176460,Agricultural,Hay/Turf,Grass Hay,Flood,1.217125,2025,Cache,Bear River,Cache Valley,423684.505,4614379.316,area_weighted_polygon_centroid_in_simplified_service_area,1
company_106,176564,Agricultural,Hay/Turf,Grass Hay,Flood,2.289765,2025,Cache,Bear River,Cache Valley,425257.685,4619512.795,area_weighted_polygon_centroid_in_simplified_service_area,1
company_164,176591,Agricultural,Hay/Turf,Grass Hay,Flood,3.541725,2025,Cache,Bear River,Cache Valley,425518.594,4612998.088,area_weighted_polygon_centroid_in_simplified_service_area,1
company_132,176634,Agricultural,Hay/Turf,Grass Hay,Flood,2.354753,2025,Cache,Bear River,Cache Valley,430998.921,4604520.005,area_weighted_polygon_centroid_in_simplified_service_area,1
company_168,176674,Agricultural,Hay/Turf,Grass Hay,Flood,6.037887,2025,Cache,Bear River,Cache Valley,422102.524,4640355.955,area_weighted_polygon_centroid_in_simplified_service_area,1
company_164,176824,Agricultural,Hay/Turf,Grass Hay,Flood,1.589426,2025,Cache,Bear River,Cache Valley,424028.584,4611141.762,area_weighted_polygon_centroid_in_simplified_service_area,1
company_105,176919,Agricultural,Hay/Turf,Grass Hay,Flood,6.25214,2025,Cache,Bear River,Cache Valley,428874.373,4623621.235,area_weighted_polygon_centroid_in_simplified_service_area,1
company_164,176928,Agricultural,Hay/Turf,Grass Hay,Flood,2.972797,2025,Cache,Bear River,Cache Valley,423702.882,4614722.818,area_weighted_polygon_centroid_in_simplified_service_area,1
company_10390,177215,Agricultural,Hay/Turf,Grass Hay,Flood,0.570123,2025,Cache,Bear River,Cache Valley,426848.475,4619551.374,area_weighted_polygon_centroid_in_simplified_service_area,1
company_1249,177264,Agricultural,Hay/Turf,Grass Hay,Sprinkler,0.535276,2025,Cache,Bear River,Cache Valley,433184.482,4625600.864,area_weighted_polygon_centroid_in_simplified_service_area,1
company_1249,177293,Agricultural,Hay/Turf,Grass Hay,Sprinkler,0.242235,2025,Cache,Bear River,Cache Valley,433199.063,4625725.174,area_weighted_polygon_centroid_in_simplified_service_area,1
company_105,177304,Agricultural,Hay/Turf,Grass Hay,Sprinkler,3.851845,2025,Cache,Bear River,Cache Valley,429071.074,4621430.11,area_weighted_polygon_centroid_in_simplified_service_area,1
company_088,177314,Agricultural,Hay/Turf,Grass Hay,Sprinkler,1.627442,2025,Cache,Bear River,Cache Valley,430208.293,4610514.751,area_weighted_polygon_centroid_in_simplified_service_area,1
company_088,177324,Agricultural,Hay/Turf,Grass Hay,Sprinkler,0.459778,2025,Cache,Bear River,Cache Valley,427442.239,4610340.945,area_weighted_polygon_centroid_in_simplified_service_area,1
company_088,177337,Agricultural,Hay/Turf,Grass Hay,Sprinkler,1.005443,2025,Cache,Bear River,Cache Valley,427955.781,4608924.906,area_weighted_polygon_centroid_in_simplified_service_area,1
company_164,177345,Agricultural,Hay/Turf,Grass Hay,Sprinkler,1.395981,2025,Cache,Bear River,Cache Valley,423987.651,4611280.611,area_weighted_polygon_centroid_in_simplified_service_area,1
company_1249,177349,Agricultural,Hay/Turf,Grass Hay,Sprinkler,2.177511,2025,Cache,Bear River,Cache Valley,433822.669,4624989.239,area_weighted_polygon_centroid_in_simplified_service_area,1
company_130,177360,Agricultural,Hay/Turf,Grass Hay,Sprinkler,0.331092,2025,Cache,Bear River,Cache Valley,430311.361,4602613.45,area_weighted_polygon_centroid_in_simplified_service_area,1
company_136,177364,Agricultural,Hay/Turf,Grass Hay,Sprinkler,5.635171,2025,Cache,Bear River,Cache Valley,431988.105,4619262.157,area_weighted_polygon_centroid_in_simplified_service_area,1
company_1249,177367,Agricultural,Hay/Turf,Grass Hay,Sprinkler,1.911694,2025,Cache,Bear River,Cache Valley,433488.119,4626251.781,area_weighted_polygon_centroid_in_simplified_service_area,1
company_088,177368,Agricultural,Hay/Turf,Grass Hay,Sprinkler,1.233651,2025,Cache,Bear River,Cache Valley,427948.709,4608975.398,area_weighted_polygon_centroid_in_simplified_service_area,1
company_130,177375,Agricultural,Hay/Turf,Grass Hay,Wheel,2.960447,2025,Cache,Bear River,Cache Valley,429701.875,4603891.587,area_weighted_polygon_centroid_in_simplified_service_area,1
company_168,177377,Agricultural,Hay/Turf,Grass Hay,Sprinkler,1.688891,2025,Cache,Bear River,Cache Valley,423368.234,4638713.034,area_weighted_polygon_centroid_in_simplified_service_area,1
company_1249,177385,Agricultural,Hay/Turf,Grass Hay,Sprinkler,2.251675,2025,Cache,Bear River,Cache Valley,433121.611,4629175.813,area_weighted_polygon_centroid_in_simplified_service_area,1
company_088,177392,Agricultural,Hay/Turf,Grass Hay,Sprinkler,2.222624,2025,Cache,Bear River,Cache Valley,429749.728,4608925.153,area_weighted_polygon_centroid_in_simplified_service_area,1
company_164,177445,Agricultural,Hay/Turf,Grass Hay,Sprinkler,5.122124,2025,Cache,Bear River,Cache Valley,422395.352,4615336.586,area_weighted_polygon_centroid_in_simplified_service_area,1
company_130,177763,Agricultural,Hay/Turf,Grass Hay,Sprinkler,1.007848,2025,Cache,Bear River,Cache Valley,429959.427,4603903.441,area_weighted_polygon_centroid_in_simplified_service_area,1
company_168,177801,Agricultural,Hay/Turf,Grass Hay,Wheel,1.89803,2025,Cache,Bear River,Cache Valley,422869.484,4638980.745,area_weighted_polygon_centroid_in_simplified_service_area,1
company_168,177884,Agricultural,Hay/Turf,Grass Hay,Sprinkler,1.843586,2025,Cache,Bear River,Cache Valley,426163.689,4632904.862,area_weighted_polygon_centroid_in_simplified_service_area,1
company_168,177996,Agricultural,Hay/Turf,Grass Hay,Sprinkler,4.629088,2025,Cache,Bear River,Cache Valley,420674.589,4648121.609,area_weighted_polygon_centroid_in_simplified_service_area,1
company_164,178183,Agricultural,Hay/Turf,Grass Hay,Sprinkler,8.835237,2025,Cache,Bear River,Cache Valley,422236.97,4615156.712,area_weighted_polygon_centroid_in_simplified_service_area,1
company_106,178445,Agricultural,Hay/Turf,Grass Hay,Pivot,3.064094,2025,Cache,Bear River,Cache Valley,425632.514,4618211.247,area_weighted_polygon_centroid_in_simplified_service_area,1
company_130,178508,Agricultural,Hay/Turf,Grass Hay,Sprinkler,2.446635,2025,Cache,Bear River,Cache Valley,429691.458,4604181.909,area_weighted_polygon_centroid_in_simplified_service_area,1
company_1249,178537,Agricultural,Hay/Turf,Grass Hay,Sprinkler,2.388968,2025,Cache,Bear River,Cache Valley,433397.893,4626748.459,area_weighted_polygon_centroid_in_simplified_service_area,1
company_168,178553,Agricultural,Hay/Turf,Grass Hay,Sprinkler,7.393078,2025,Cache,Bear River,Cache Valley,425098.06,4635986.325,area_weighted_polygon_centroid_in_simplified_service_area,1
company_168,178773,Agricultural,Hay/Turf,Grass Hay,Pivot,36.536479,2025,Cache,Bear River,Cache Valley,420314.879,4633423.214,area_weighted_polygon_centroid_in_simplified_service_area,1
company_1249,178861,Agricultural,Hay/Turf,Grass Hay,Wheel,5.61631,2025,Cache,Bear River,Cache Valley,433022.435,4629133.738,area_weighted_polygon_centroid_in_simplified_service_area,1
company_168,179070,Agricultural,Hay/Turf,Grass Hay,Sprinkler,3.187943,2025,Cache,Bear River,Cache Valley,417811.505,4633278.587,area_weighted_polygon_centroid_in_simplified_service_area,1
company_130,179139,Agricultural,Hay/Turf,Grass Hay,Sprinkler,0.580428,2025,Cache,Bear River,Cache Valley,429913.659,4603451.645,area_weighted_polygon_centroid_in_simplified_service_area,1
company_106,179212,Agricultural,Hay/Turf,Grass Hay,Sprinkler,3.441867,2025,Cache,Bear River,Cache Valley,425788.85,4617719.382,area_weighted_polygon_centroid_in_simplified_service_area,1
company_168,179221,Agricultural,Hay/Turf,Grass Hay,Wheel,0.485338,2025,Cache,Bear River,Cache Valley,421679.34,4646030.975,area_weighted_polygon_centroid_in_simplified_service_area,1
company_168,179228,Agricultural,Hay/Turf,Grass Hay,Sprinkler,5.236925,2025,Cache,Bear River,Cache Valley,423069.844,4637638.639,area_weighted_polygon_centroid_in_simplified_service_area,1
company_168,179293,Agricultural,Hay/Turf,Grass Hay,Wheel,1.619692,2025,Cache,Bear River,Cache Valley,426246.101,4636975.846,area_weighted_polygon_centroid_in_simplified_service_area,1
company_168,179440,Agricultural,Hay/Turf,Grass Hay,Sprinkler,4.227849,2025,Cache,Bear River,Cache Valley,420657.958,4645793.054,area_weighted_polygon_centroid_in_simplified_service_area,1
company_168,179592,Agricultural,Hay/Turf,Grass Hay,Sprinkler,4.863442,2025,Cache,Bear River,Cache Valley,420090.884,4646800.712,area_weighted_polygon_centroid_in_simplified_service_area,1
company_130,179742,Agricultural,Hay/Turf,Grass Hay,Sprinkler,0.967096,2025,Cache,Bear River,Cache Valley,430744.472,4601417.432,area_weighted_polygon_centroid_in_simplified_service_area,1
company_168,180043,Agricultural,Hay/Turf,Grass Hay,Wheel,10.760186,2025,Cache,Bear River,Cache Valley,422663.106,4642193.159,area_weighted_polygon_centroid_in_simplified_service_area,1
company_168,180156,Agricultural,Hay/Turf,Grass Hay,Sprinkler,2.19193,2025,Cache,Bear River,Cache Valley,422501.004,4649762.328,area_weighted_polygon_centroid_in_simplified_service_area,1
company_130,180200,Agricultural,Hay/Turf,Grass Hay,Sprinkler,2.350388,2025,Cache,Bear River,Cache Valley,429714.203,4604953.549,area_weighted_polygon_centroid_in_simplified_service_area,1
company_168,180430,Agricultural,Hay/Turf,Grass Hay,Pivot,14.474688,2025,Cache,Bear River,Cache Valley,419990.317,4633371.485,area_weighted_polygon_centroid_in_simplified_service_area,1
company_106,180633,Agricultural,Hay/Turf,Grass Hay,Pivot,5.148048,2025,Cache,Bear River,Cache Valley,425779.399,4618011.854,area_weighted_polygon_centroid_in_simplified_service_area,1
company_168,180925,Agricultural,Hay/Turf,Grass Hay,Sprinkler,4.921868,2025,Cache,Bear River,Cache Valley,425641.275,4633233.968,area_weighted_polygon_centroid_in_simplified_service_area,1
company_168,181072,Agricultural,Hay/Turf,Grass Hay,Sprinkler,8.768747,2025,Cache,Bear River,Cache Valley,418980.468,4632903.319,area_weighted_polygon_centroid_in_simplified_service_area,1
company_132,181077,Agricultural,Hay/Turf,Grass Hay,Sprinkler,8.500808,2025,Cache,Bear River,Cache Valley,430077.085,4600356.489,area_weighted_polygon_centroid_in_simplified_service_area,1
company_106,181264,Agricultural,Hay/Turf,Grass Hay,Pivot,28.545041,2025,Cache,Bear River,Cache Valley,425398.443,4617802.107,area_weighted_polygon_centroid_in_simplified_service_area,1
company_132,181314,Agricultural,Hay/Turf,Grass Hay,Wheel,6.27809,2025,Cache,Bear River,Cache Valley,431679.51,4601507.236,area_weighted_polygon_centroid_in_simplified_service_area,1
company_168,181436,Agricultural,Hay/Turf,Grass Hay,Sprinkler,1.190515,2025,Cache,Bear River,Cache Valley,421648.036,4639287.55,area_weighted_polygon_centroid_in_simplified_service_area,1
company_088,181597,Agricultural,Hay/Turf,Grass Hay,Sprinkler,2.328838,2025,Cache,Bear River,Cache Valley,426575.475,4610421.594,area_weighted_polygon_centroid_in_simplified_service_area,1
company_168,181598,Agricultural,Hay/Turf,Grass Hay,Sprinkler,0.586047,2025,Cache,Bear River,Cache Valley,425876.353,4637526.409,area_weighted_polygon_centroid_in_simplified_service_area,1
company_106,181639,Agricultural,Hay/Turf,Grass Hay,Pivot,39.624154,2025,Cache,Bear River,Cache Valley,425388.307,4618018.045,area_weighted_polygon_centroid_in_simplified_service_area,1
company_168,181667,Agricultural,Hay/Turf,Grass Hay,Pivot,34.288183,2025,Cache,Bear River,Cache Valley,420049.842,4633620.991,area_weighted_polygon_centroid_in_simplified_service_area,1
company_1249,181974,Agricultural,Hay/Turf,Grass Hay,Wheel,9.264236,2025,Cache,Bear River,Cache Valley,432844.557,4629157.194,area_weighted_polygon_centroid_in_simplified_service_area,1
company_132,182034,Agricultural,Hay/Turf,Grass Hay,Sprinkler,4.863913,2025,Cache,Bear River,Cache Valley,430484.625,4599886.793,area_weighted_polygon_centroid_in_simplified_service_area,1
company_168,182240,Agricultural,Hay/Turf,Grass Hay,Sprinkler,19.580349,2025,Cache,Bear River,Cache Valley,421567.83,4634747.67,area_weighted_polygon_centroid_in_simplified_service_area,1
company_168,182285,Agricultural,Hay/Turf,Grass Hay,Wheel,46.152459,2025,Cache,Bear River,Cache Valley,420042.453,4645781.631,area_weighted_polygon_centroid_in_simplified_service_area,1
company_132,182380,Agricultural,Hay/Turf,Grass Hay,Sprinkler,3.917123,2025,Cache,Bear River,Cache Valley,430714.057,4600447.475,area_weighted_polygon_centroid_in_simplified_service_area,1
company_168,182393,Agricultural,Hay/Turf,Grass Hay,Sprinkler,2.045995,2025,Cache,Bear River,Cache Valley,425901.901,4637273.401,area_weighted_polygon_centroid_in_simplified_service_area,1
company_168,182412,Agricultural,Hay/Turf,Grass Hay,Wheel,22.760658,2025,Cache,Bear River,Cache Valley,427165.81,4637339.814,area_weighted_polygon_centroid_in_simplified_service_area,1
company_168,182458,Agricultural,Hay/Turf,Grass Hay,Sprinkler,1.394634,2025,Cache,Bear River,Cache Valley,423771.391,4637927.517,area_weighted_polygon_centroid_in_simplified_service_area,1
company_168,182542,Agricultural,Hay/Turf,Grass Hay,Sprinkler,0.880694,2025,Cache,Bear River,Cache Valley,426076.081,4633624.426,area_weighted_polygon_centroid_in_simplified_service_area,1
company_1249,182616,Agricultural,Hay/Turf,Grass Hay,Sprinkler,2.854935,2025,Cache,Bear River,Cache Valley,434384.168,4625564.842,area_weighted_polygon_centroid_in_simplified_service_area,1
company_168,182692,Agricultural,Hay/Turf,Grass Hay,Wheel,14.60568,2025,Cache,Bear River,Cache Valley,424010.394,4638570.375,area_weighted_polygon_centroid_in_simplified_service_area,1
company_168,182694,Agricultural,Hay/Turf,Grass Hay,Sprinkler,2.653513,2025,Cache,Bear River,Cache Valley,421072.988,4645665.487,area_weighted_polygon_centroid_in_simplified_service_area,1
company_130,182716,Agricultural,Hay/Turf,Grass Hay,Sprinkler,0.87467,2025,Cache,Bear River,Cache Valley,431193.083,4599230.298,area_weighted_polygon_centroid_in_simplified_service_area,1
company_130,183072,Agricultural,Hay/Turf,Grass Hay,Sprinkler,2.996036,2025,Cache,Bear River,Cache Valley,430309.127,4601134.109,area_weighted_polygon_centroid_in_simplified_service_area,1
company_130,183126,Agricultural,Hay/Turf,Grass Hay,Sprinkler,3.282252,2025,Cache,Bear River,Cache Valley,430583.093,4600952.47,area_weighted_polygon_centroid_in_simplified_service_area,1
company_168,183164,Agricultural,Hay/Turf,Grass Hay,Sprinkler,4.412392,2025,Cache,Bear River,Cache Valley,420093.411,4646998.902,area_weighted_polygon_centroid_in_simplified_service_area,1
company_106,183167,Agricultural,Hay/Turf,Grass Hay,Sprinkler,0.290477,2025,Cache,Bear River,Cache Valley,425043.921,4617909.418,area_weighted_polygon_centroid_in_simplified_service_area,1
company_164,183210,Agricultural,Hay/Turf,Grass Hay,Sprinkler,40.555647,2025,Cache,Bear River,Cache Valley,422375.415,4614890.209,area_weighted_polygon_centroid_in_simplified_service_area,1
company_132,183266,Agricultural,Hay/Turf,Grass Hay,Sprinkler,3.674334,2025,Cache,Bear River,Cache Valley,432667.549,4602916.279,area_weighted_polygon_centroid_in_simplified_service_area,1
company_164,183314,Agricultural,Hay/Turf,Grass Hay,Sprinkler,8.153326,2025,Cache,Bear River,Cache Valley,426904.722,4609213.143,area_weighted_polygon_centroid_in_simplified_service_area,1
company_1249,183348,Agricultural,Hay/Turf,Grass Hay,Sprinkler,2.189805,2025,Cache,Bear River,Cache Valley,432860.116,4628516.874,area_weighted_polygon_centroid_in_simplified_service_area,1
company_168,183379,Agricultural,Hay/Turf,Grass Hay,Sprinkler,8.759825,2025,Cache,Bear River,Cache Valley,425098.127,4635765.687,area_weighted_polygon_centroid_in_simplified_service_area,1
company_1249,183386,Agricultural,Hay/Turf,Grass Hay,Sprinkler,1.499658,2025,Cache,Bear River,Cache Valley,433509.883,4626746.727,area_weighted_polygon_centroid_in_simplified_service_area,1
company_168,183461,Agricultural,Hay/Turf,Grass Hay,Sprinkler,2.583456,2025,Cache,Bear River,Cache Valley,420653.891,4645850.295,area_weighted_polygon_centroid_in_simplified_service_area,1
company_168,183510,Agricultural,Hay/Turf,Grass Hay,Sprinkler,2.925853,2025,Cache,Bear River,Cache Valley,420862.344,4644697.695,area_weighted_polygon_centroid_in_simplified_service_area,1
company_1249,183519,Agricultural,Hay/Turf,Grass Hay,Sprinkler,0.385495,2025,Cache,Bear River,Cache Valley,433391.958,4625463.456,area_weighted_polygon_centroid_in_simplified_service_area,1
company_130,183520,Agricultural,Hay/Turf,Grass Hay,Sprinkler,2.193897,2025,Cache,Bear River,Cache Valley,429902.551,4601314.431,area_weighted_polygon_centroid_in_simplified_service_area,1
company_168,183551,Agricultural,Hay/Turf,Grass Hay,Sprinkler,12.593278,2025,Cache,Bear River,Cache Valley,425088.376,4636219.714,area_weighted_polygon_centroid_in_simplified_service_area,1
company_168,183698,Agricultural,Hay/Turf,Grass Hay,Sprinkler,1.101983,2025,Cache,Bear River,Cache Valley,418547.216,4632814.284,area_weighted_polygon_centroid_in_simplified_service_area,1
company_106,183742,Agricultural,Hay/Turf,Grass Hay,Sprinkler,3.173477,2025,Cache,Bear River,Cache Valley,425083.035,4618240.562,area_weighted_polygon_centroid_in_simplified_service_area,1
company_168,183892,Agricultural,Hay/Turf,Grass Hay,Wheel,17.686214,2025,Cache,Bear River,Cache Valley,420732.123,4645357.096,area_weighted_polygon_centroid_in_simplified_service_area,1
company_168,183900,Agricultural,Hay/Turf,Grass Hay,Sprinkler,5.998332,2025,Cache,Bear River,Cache Valley,422424.488,4649858.316,area_weighted_polygon_centroid_in_simplified_service_area,1
company_168,183905,Agricultural,Hay/Turf,Grass Hay,Wheel,21.079398,2025,Cache,Bear River,Cache Valley,422212.327,4639635.654,area_weighted_polygon_centroid_in_simplified_service_area,1
company_168,183924,Agricultural,Hay/Turf,Grass Hay,Sprinkler,0.756035,2025,Cache,Bear River,Cache Valley,426861.873,4636205.1,area_weighted_polygon_centroid_in_simplified_service_area,1
company_1249,183995,Agricultural,Hay/Turf,Grass Hay,Sprinkler,3.840092,2025,Cache,Bear River,Cache Valley,434216.073,4625756.056,area_weighted_polygon_centroid_in_simplified_service_area,1
company_088,184131,Agricultural,Hay/Turf,Grass Hay,Sprinkler,6.331168,2025,Cache,Bear River,Cache Valley,431504.52,4607397.892,area_weighted_polygon_centroid_in_simplified_service_area,1
company_168,184270,Agricultural,Hay/Turf,Grass Hay,Sprinkler,9.836814,2025,Cache,Bear River,Cache Valley,419876.814,4647440.316,area_weighted_polygon_centroid_in_simplified_service_area,1
company_1249,184332,Agricultural,Hay/Turf,Grass Hay,Sprinkler,0.334062,2025,Cache,Bear River,Cache Valley,433163.696,4625696.771,area_weighted_polygon_centroid_in_simplified_service_area,1
company_132,184348,Agricultural,Hay/Turf,Grass Hay,Sprinkler,1.959636,2025,Cache,Bear River,Cache Valley,432030.78,4602863.729,area_weighted_polygon_centroid_in_simplified_service_area,1
company_168,184350,Agricultural,Hay/Turf,Grass Hay,Wheel,5.816455,2025,Cache,Bear River,Cache Valley,422734.736,4637972.35,area_weighted_polygon_centroid_in_simplified_service_area,1
company_168,184351,Agricultural,Hay/Turf,Grass Hay,Sprinkler,5.004521,2025,Cache,Bear River,Cache Valley,421283.549,4634816.682,area_weighted_polygon_centroid_in_simplified_service_area,1
company_132,184574,Agricultural,Hay/Turf,Grass Hay,Sprinkler,1.494466,2025,Cache,Bear River,Cache Valley,432090.062,4602137.371,area_weighted_polygon_centroid_in_simplified_service_area,1
company_168,184640,Agricultural,Hay/Turf,Grass Hay,Sprinkler,6.719377,2025,Cache,Bear River,Cache Valley,422500.624,4639987.294,area_weighted_polygon_centroid_in_simplified_service_area,1
company_106,185106,Agricultural,Hay/Turf,Grass Hay,Sprinkler,6.977796,2025,Cache,Bear River,Cache Valley,425118.492,4617735.047,area_weighted_polygon_centroid_in_simplified_service_area,1
company_168,185540,Agricultural,Hay/Turf,Grass Hay,Sprinkler,2.337955,2025,Cache,Bear River,Cache Valley,421123.5,4645725.017,area_weighted_polygon_centroid_in_simplified_service_area,1
company_1249,185682,Agricultural,Hay/Turf,Grass Hay,Sprinkler,0.977144,2025,Cache,Bear River,Cache Valley,433080.008,4625638.668,area_weighted_polygon_centroid_in_simplified_service_area,1
company_168,185725,Agricultural,Hay/Turf,Grass Hay,Sprinkler,11.299551,2025,Cache,Bear River,Cache Valley,421102.572,4644957.567,area_weighted_polygon_centroid_in_simplified_service_area,1
company_168,185766,Agricultural,Hay/Turf,Grass Hay,Sprinkler,0.747543,2025,Cache,Bear River,Cache Valley,423091.896,4637790.65,area_weighted_polygon_centroid_in_simplified_service_area,1
company_168,185899,Agricultural,Hay/Turf,Grass Hay,Sprinkler,5.919127,2025,Cache,Bear River,Cache Valley,424787.571,4639921.888,area_weighted_polygon_centroid_in_simplified_service_area,1
company_1249,186085,Agricultural,Hay/Turf,Grass Hay,Sprinkler,1.240995,2025,Cache,Bear River,Cache Valley,434328.611,4625555.157,area_weighted_polygon_centroid_in_simplified_service_area,1
company_168,186550,Agricultural,Hay/Turf,Grass Hay,Sprinkler,13.211514,2025,Cache,Bear River,Cache Valley,420617.38,4646389.644,area_weighted_polygon_centroid_in_simplified_service_area,1
company_168,186574,Agricultural,Hay/Turf,Grass Hay,Pivot,23.000345,2025,Cache,Bear River,Cache Valley,419545.368,4645261.428,area_weighted_polygon_centroid_in_simplified_service_area,1
company_1249,186611,Agricultural,Hay/Turf,Grass Hay,Sprinkler,2.687244,2025,Cache,Bear River,Cache Valley,433792.71,4625114.443,area_weighted_polygon_centroid_in_simplified_service_area,1
company_168,186679,Agricultural,Hay/Turf,Grass Hay,Wheel,18.731617,2025,Cache,Bear River,Cache Valley,420733.716,4645167.793,area_weighted_polygon_centroid_in_simplified_service_area,1
company_168,186885,Agricultural,Hay/Turf,Grass Hay,Sprinkler,5.987982,2025,Cache,Bear River,Cache Valley,420329.263,4644204.817,area_weighted_polygon_centroid_in_simplified_service_area,1
company_168,186939,Agricultural,Hay/Turf,Grass Hay,Sprinkler,1.25675,2025,Cache,Bear River,Cache Valley,422641.75,4640781.699,area_weighted_polygon_centroid_in_simplified_service_area,1
company_130,186940,Agricultural,Hay/Turf,Grass Hay,Sprinkler,1.20764,2025,Cache,Bear River,Cache Valley,430944.83,4600074.819,area_weighted_polygon_centroid_in_simplified_service_area,1
company_168,186943,Agricultural,Hay/Turf,Grass Hay,Sprinkler,0.7286,2025,Cache,Bear River,Cache Valley,423629.743,4640577.99,area_weighted_polygon_centroid_in_simplified_service_area,1
company_168,186957,Agricultural,Hay/Turf,Grass Hay,Sprinkler,13.875812,2025,Cache,Bear River,Cache Valley,420514.304,4633671.248,area_weighted_polygon_centroid_in_simplified_service_area,1
company_168,187180,Agricultural,Hay/Turf,Grass Hay,Sprinkler,14.982055,2025,Cache,Bear River,Cache Valley,418744.388,4632874.193,area_weighted_polygon_centroid_in_simplified_service_area,1
company_168,187229,Agricultural,Hay/Turf,Grass Hay,Sprinkler,1.655722,2025,Cache,Bear River,Cache Valley,420382.241,4632958.916,area_weighted_polygon_centroid_in_simplified_service_area,1
company_130,187350,Agricultural,Hay/Turf,Grass Hay,Sprinkler,5.149097,2025,Cache,Bear River,Cache Valley,430587.213,4600413.559,area_weighted_polygon_centroid_in_simplified_service_area,1
company_1249,187403,Agricultural,Hay/Turf,Grass Hay,Sprinkler,4.388636,2025,Cache,Bear River,Cache Valley,433097.442,4628841.693,area_weighted_polygon_centroid_in_simplified_service_area,1
company_088,187568,Agricultural,Hay/Turf,Grass Hay,Sprinkler,5.079253,2025,Cache,Bear River,Cache Valley,429466.015,4606355.643,area_weighted_polygon_centroid_in_simplified_service_area,1
company_132,187598,Agricultural,Hay/Turf,Grass Hay,Sprinkler,2.093449,2025,Cache,Bear River,Cache Valley,430135.625,4603742.31,area_weighted_polygon_centroid_in_simplified_service_area,1
company_132,187628,Agricultural,Hay/Turf,Grass Hay,Wheel,6.932445,2025,Cache,Bear River,Cache Valley,430157.69,4603556.76,area_weighted_polygon_centroid_in_simplified_service_area,1
company_130,187683,Agricultural,Hay/Turf,Grass Hay,Sprinkler,2.711085,2025,Cache,Bear River,Cache Valley,429766.558,4604171.853,area_weighted_polygon_centroid_in_simplified_service_area,1
company_130,187876,Agricultural,Hay/Turf,Grass Hay,Sprinkler,0.647193,2025,Cache,Bear River,Cache Valley,430948.617,4600960.84,area_weighted_polygon_centroid_in_simplified_service_area,1
company_106,187909,Agricultural,Hay/Turf,Grass Hay,Sprinkler,6.336227,2025,Cache,Bear River,Cache Valley,425488.797,4617123.664,area_weighted_polygon_centroid_in_simplified_service_area,1
company_168,187990,Agricultural,Hay/Turf,Grass Hay,Sprinkler,7.084601,2025,Cache,Bear River,Cache Valley,421338.743,4640063.038,area_weighted_polygon_centroid_in_simplified_service_area,1
company_130,188171,Agricultural,Hay/Turf,Grass Hay,Sprinkler,0.694394,2025,Cache,Bear River,Cache Valley,430900.829,4600962.299,area_weighted_polygon_centroid_in_simplified_service_area,1
company_130,188179,Agricultural,Hay/Turf,Grass Hay,Sprinkler,1.474831,2025,Cache,Bear River,Cache Valley,430827.326,4600975.264,area_weighted_polygon_centroid_in_simplified_service_area,1
company_130,188222,Agricultural,Hay/Turf,Grass Hay,Sprinkler,4.305691,2025,Cache,Bear River,Cache Valley,430430.169,4606053.976,area_weighted_polygon_centroid_in_simplified_service_area,1
company_1249,188444,Agricultural,Hay/Turf,Grass Hay,Sprinkler,0.265485,2025,Cache,Bear River,Cache Valley,434392.372,4625145.932,area_weighted_polygon_centroid_in_simplified_service_area,1
company_168,188478,Agricultural,Hay/Turf,Grass Hay,Pivot,32.72077,2025,Cache,Bear River,Cache Valley,418841.438,4633199.4,area_weighted_polygon_centroid_in_simplified_service_area,1
company_106,188479,Agricultural,Hay/Turf,Grass Hay,Sprinkler,9.086188,2025,Cache,Bear River,Cache Valley,425685.717,4617762.286,area_weighted_polygon_centroid_in_simplified_service_area,1
company_106,188512,Agricultural,Hay/Turf,Grass Hay,Pivot,21.477786,2025,Cache,Bear River,Cache Valley,425341.777,4618216.177,area_weighted_polygon_centroid_in_simplified_service_area,1
company_1249,188527,Agricultural,Hay/Turf,Grass Hay,Sprinkler,4.928709,2025,Cache,Bear River,Cache Valley,432980.994,4628840.157,area_weighted_polygon_centroid_in_simplified_service_area,1
company_168,188563,Agricultural,Hay/Turf,Grass Hay,Wheel,19.886745,2025,Cache,Bear River,Cache Valley,420647.786,4644563.45,area_weighted_polygon_centroid_in_simplified_service_area,1
company_168,188631,Agricultural,Hay/Turf,Grass Hay,Sprinkler,14.705844,2025,Cache,Bear River,Cache Valley,420670.045,4644769.277,area_weighted_polygon_centroid_in_simplified_service_area,1
company_168,188688,Agricultural,Hay/Turf,Grass Hay,Sprinkler,4.277742,2025,Cache,Bear River,Cache Valley,417926.173,4632602.063,area_weighted_polygon_centroid_in_simplified_service_area,1
company_164,188800,Agricultural,Hay/Turf,Grass Hay,Sprinkler,5.383894,2025,Cache,Bear River,Cache Valley,427101.007,4608947.344,area_weighted_polygon_centroid_in_simplified_service_area,1
company_130,188884,Agricultural,Hay/Turf,Grass Hay,Sprinkler,0.710535,2025,Cache,Bear River,Cache Valley,429368.722,4603742.058,area_weighted_polygon_centroid_in_simplified_service_area,1
company_130,188947,Agricultural,Hay/Turf,Grass Hay,Sprinkler,5.848675,2025,Cache,Bear River,Cache Valley,430703.525,4600267.661,area_weighted_polygon_centroid_in_simplified_service_area,1
company_168,188990,Agricultural,Hay/Turf,Grass Hay,Sprinkler,11.761959,2025,Cache,Bear River,Cache Valley,420234.657,4633093.887,area_weighted_polygon_centroid_in_simplified_service_area,1
company_168,189167,Agricultural,Hay/Turf,Grass Hay,Sprinkler,1.179074,2025,Cache,Bear River,Cache Valley,425910.264,4637478.224,area_weighted_polygon_centroid_in_simplified_service_area,1
company_168,189224,Agricultural,Hay/Turf,Grass Hay,Sprinkler,2.42851,2025,Cache,Bear River,Cache Valley,420112.047,4632285.184,area_weighted_polygon_centroid_in_simplified_service_area,1
company_132,189240,Agricultural,Hay/Turf,Grass Hay,Sprinkler,2.811157,2025,Cache,Bear River,Cache Valley,430651.237,4603642.324,area_weighted_polygon_centroid_in_simplified_service_area,1
company_168,189289,Agricultural,Hay/Turf,Grass Hay,Sprinkler,7.295093,2025,Cache,Bear River,Cache Valley,422196.237,4634867.701,area_weighted_polygon_centroid_in_simplified_service_area,1
company_130,189299,Agricultural,Hay/Turf,Grass Hay,Sprinkler,1.381721,2025,Cache,Bear River,Cache Valley,430728.055,4601837.011,area_weighted_polygon_centroid_in_simplified_service_area,1
company_132,189343,Agricultural,Hay/Turf,Grass Hay,Pivot,23.271668,2025,Cache,Bear River,Cache Valley,431439.541,4601170.381,area_weighted_polygon_centroid_in_simplified_service_area,1
company_168,189344,Agricultural,Hay/Turf,Grass Hay,Sprinkler,26.295189,2025,Cache,Bear River,Cache Valley,424102.18,4631792.538,area_weighted_polygon_centroid_in_simplified_service_area,1
company_168,189383,Agricultural,Hay/Turf,Grass Hay,Pivot,61.445668,2025,Cache,Bear River,Cache Valley,418784.14,4632494.248,area_weighted_polygon_centroid_in_simplified_service_area,1
company_164,189467,Agricultural,Hay/Turf,Grass Hay,Sprinkler,16.184895,2025,Cache,Bear River,Cache Valley,422496.467,4615161.246,area_weighted_polygon_centroid_in_simplified_service_area,1
company_168,189478,Agricultural,Hay/Turf,Grass Hay,Sprinkler,8.53855,2025,Cache,Bear River,Cache Valley,425955.685,4637725.472,area_weighted_polygon_centroid_in_simplified_service_area,1
company_168,189509,Agricultural,Hay/Turf,Grass Hay,Pivot,104.699158,2025,Cache,Bear River,Cache Valley,421369.218,4634248.013,area_weighted_polygon_centroid_in_simplified_service_area,1
company_168,189550,Agricultural,Hay/Turf,Grass Hay,Sprinkler,0.343996,2025,Cache,Bear River,Cache Valley,423487.593,4639541.304,area_weighted_polygon_centroid_in_simplified_service_area,1
company_168,189614,Agricultural,Hay/Turf,Grass Hay,Sprinkler,7.735864,2025,Cache,Bear River,Cache Valley,421810.357,4643780.194,area_weighted_polygon_centroid_in_simplified_service_area,1
company_168,189639,Agricultural,Hay/Turf,Grass Hay,Wheel,30.953675,2025,Cache,Bear River,Cache Valley,420732.035,4647661.649,area_weighted_polygon_centroid_in_simplified_service_area,1
company_168,189694,Agricultural,Hay/Turf,Grass Hay,Wheel,4.735309,2025,Cache,Bear River,Cache Valley,422365.016,4638163.0,area_weighted_polygon_centroid_in_simplified_service_area,1
company_164,189725,Agricultural,Hay/Turf,Grass Hay,Sprinkler,8.598054,2025,Cache,Bear River,Cache Valley,422211.867,4615332.765,area_weighted_polygon_centroid_in_simplified_service_area,1
company_1249,189755,Agricultural,Hay/Turf,Grass Hay,Sprinkler,5.132451,2025,Cache,Bear River,Cache Valley,432772.036,4623198.659,area_weighted_polygon_centroid_in_simplified_service_area,1
company_168,190009,Agricultural,Hay/Turf,Grass Hay,Sprinkler,11.69822,2025,Cache,Bear River,Cache Valley,425901.267,4638085.639,area_weighted_polygon_centroid_in_simplified_service_area,1
company_130,190125,Agricultural,Hay/Turf,Grass Hay,Sprinkler,1.665633,2025,Cache,Bear River,Cache Valley,430427.301,4605776.947,area_weighted_polygon_centroid_in_simplified_service_area,1
company_1249,190350,Agricultural,Hay/Turf,Grass Hay,Sprinkler,7.274237,2025,Cache,Bear River,Cache Valley,433043.15,4628991.82,area_weighted_polygon_centroid_in_simplified_service_area,1
company_1249,190395,Agricultural,Hay/Turf,Grass Hay,Sprinkler,7.461389,2025,Cache,Bear River,Cache Valley,434147.047,4625877.053,area_weighted_polygon_centroid_in_simplified_service_area,1
company_130,190456,Agricultural,Hay/Turf,Grass Hay,Wheel,6.120369,2025,Cache,Bear River,Cache Valley,430130.404,4605434.226,area_weighted_polygon_centroid_in_simplified_service_area,1
company_132,190670,Agricultural,Hay/Turf,Grass Hay,Sprinkler,0.699836,2025,Cache,Bear River,Cache Valley,432006.345,4602769.141,area_weighted_polygon_centroid_in_simplified_service_area,1
company_168,190693,Agricultural,Hay/Turf,Grass Hay,Sprinkler,2.330127,2025,Cache,Bear River,Cache Valley,421405.142,4641559.602,area_weighted_polygon_centroid_in_simplified_service_area,1
company_1249,190701,Agricultural,Hay/Turf,Grass Hay,Sprinkler,0.906905,2025,Cache,Bear River,Cache Valley,433076.064,4626622.9,area_weighted_polygon_centroid_in_simplified_service_area,1
company_130,190764,Agricultural,Hay/Turf,Grass Hay,Sprinkler,4.001949,2025,Cache,Bear River,Cache Valley,430848.908,4601113.51,area_weighted_polygon_centroid_in_simplified_service_area,1
company_132,190809,Agricultural,Hay/Turf,Grass Hay,Sprinkler,22.339373,2025,Cache,Bear River,Cache Valley,431912.577,4605632.104,area_weighted_polygon_centroid_in_simplified_service_area,1
company_106,190870,Agricultural,Hay/Turf,Grass Hay,Pivot,3.338929,2025,Cache,Bear River,Cache Valley,425375.925,4618333.23,area_weighted_polygon_centroid_in_simplified_service_area,1
company_168,190955,Agricultural,Hay/Turf,Grass Hay,Sprinkler,21.000995,2025,Cache,Bear River,Cache Valley,419879.072,4647236.228,area_weighted_polygon_centroid_in_simplified_service_area,1
company_168,191041,Agricultural,Hay/Turf,Grass Hay,Sprinkler,12.224007,2025,Cache,Bear River,Cache Valley,419023.075,4632460.477,area_weighted_polygon_centroid_in_simplified_service_area,1
company_106,191171,Agricultural,Hay/Turf,Grass Hay,Pivot,8.922928,2025,Cache,Bear River,Cache Valley,425288.8,4618362.906,area_weighted_polygon_centroid_in_simplified_service_area,1
company_168,191208,Agricultural,Hay/Turf,Grass Hay,Sprinkler,1.887857,2025,Cache,Bear River,Cache Valley,423343.771,4638793.564,area_weighted_polygon_centroid_in_simplified_service_area,1
company_106,191291,Agricultural,Hay/Turf,Grass Hay,Pivot,10.030914,2025,Cache,Bear River,Cache Valley,425314.05,4618433.935,area_weighted_polygon_centroid_in_simplified_service_area,1
company_132,191341,Agricultural,Hay/Turf,Grass Hay,Wheel,20.164633,2025,Cache,Bear River,Cache Valley,431755.242,4604514.023,area_weighted_polygon_centroid_in_simplified_service_area,1
company_168,191344,Agricultural,Hay/Turf,Grass Hay,Sprinkler,2.025677,2025,Cache,Bear River,Cache Valley,425675.13,4633089.095,area_weighted_polygon_centroid_in_simplified_service_area,1
company_132,191443,Agricultural,Hay/Turf,Grass Hay,Wheel,5.733349,2025,Cache,Bear River,Cache Valley,431113.699,4602357.677,area_weighted_polygon_centroid_in_simplified_service_area,1
company_164,191540,Agricultural,Hay/Turf,Grass Hay,Sprinkler,0.540496,2025,Cache,Bear River,Cache Valley,423812.529,4615652.972,area_weighted_polygon_centroid_in_simplified_service_area,1
company_132,191563,Agricultural,Hay/Turf,Grass Hay,Sprinkler,15.230647,2025,Cache,Bear River,Cache Valley,431817.208,4608032.272,area_weighted_polygon_centroid_in_simplified_service_area,1
company_088,191570,Agricultural,Hay/Turf,Grass Hay,Sprinkler,1.018452,2025,Cache,Bear River,Cache Valley,426728.488,4610395.718,area_weighted_polygon_centroid_in_simplified_service_area,1
company_132,191593,Agricultural,Hay/Turf,Grass Hay,Sprinkler,14.471173,2025,Cache,Bear River,Cache Valley,432137.806,4605171.184,area_weighted_polygon_centroid_in_simplified_service_area,1
company_132,191676,Agricultural,Hay/Turf,Grass Hay,Sprinkler,12.243813,2025,Cache,Bear River,Cache Valley,431610.842,4609988.282,area_weighted_polygon_centroid_in_simplified_service_area,1
company_168,191810,Agricultural,Hay/Turf,Grass Hay,Sprinkler,23.733371,2025,Cache,Bear River,Cache Valley,417784.296,4632602.606,area_weighted_polygon_centroid_in_simplified_service_area,1
company_132,191856,Agricultural,Hay/Turf,Grass Hay,Sprinkler,6.777464,2025,Cache,Bear River,Cache Valley,431479.413,4604516.802,area_weighted_polygon_centroid_in_simplified_service_area,1
company_132,192049,Agricultural,Hay/Turf,Grass Hay,Sprinkler,9.074775,2025,Cache,Bear River,Cache Valley,432388.265,4607134.902,area_weighted_polygon_centroid_in_simplified_service_area,1
company_132,192314,Agricultural,Hay/Turf,Grass Hay,Sprinkler,56.70671,2025,Cache,Bear River,Cache Valley,432791.119,4607358.234,area_weighted_polygon_centroid_in_simplified_service_area,1
company_130,192321,Agricultural,Hay/Turf,Grass Hay,Sprinkler,3.001834,2025,Cache,Bear River,Cache Valley,432905.567,4597813.822,area_weighted_polygon_centroid_in_simplified_service_area,1
company_132,192354,Agricultural,Hay/Turf,Grass Hay,Wheel,6.233505,2025,Cache,Bear River,Cache Valley,431086.215,4604519.815,area_weighted_polygon_centroid_in_simplified_service_area,1
company_1249,192411,Agricultural,Hay/Turf,Grass Hay,Sprinkler,0.842611,2025,Cache,Bear River,Cache Valley,433386.786,4626886.361,area_weighted_polygon_centroid_in_simplified_service_area,1
company_132,192426,Agricultural,Hay/Turf,Grass Hay,Pivot,41.450343,2025,Cache,Bear River,Cache Valley,431609.391,4605636.637,area_weighted_polygon_centroid_in_simplified_service_area,1
company_1249,192530,Agricultural,Hay/Turf,Grass Hay,Sprinkler,0.653765,2025,Cache,Bear River,Cache Valley,433252.032,4629676.123,area_weighted_polygon_centroid_in_simplified_service_area,1
company_10390,192629,Agricultural,Hay/Turf,Grass Hay,Sub-irrigated,1.204437,2025,Cache,Bear River,Cache Valley,426558.421,4619887.922,area_weighted_polygon_centroid_in_simplified_service_area,1
company_168,192692,Agricultural,Hay/Turf,Grass Hay,Sub-irrigated,6.153452,2025,Cache,Bear River,Cache Valley,426579.4,4635913.411,area_weighted_polygon_centroid_in_simplified_service_area,1
company_105,192897,Agricultural,Hay/Turf,Grass Hay,Sub-irrigated,4.51584,2025,Cache,Bear River,Cache Valley,429105.845,4624225.133,area_weighted_polygon_centroid_in_simplified_service_area,1
company_105,192903,Agricultural,Hay/Turf,Grass Hay,Sub-irrigated,4.842044,2025,Cache,Bear River,Cache Valley,428827.692,4624862.787,area_weighted_polygon_centroid_in_simplified_service_area,1
company_164,193360,Agricultural,Hay/Turf,Grass Hay,Sub-irrigated,1.825121,2025,Cache,Bear River,Cache Valley,425862.852,4609724.713,area_weighted_polygon_centroid_in_simplified_service_area,1
company_106,193459,Agricultural,Hay/Turf,Grass Hay,Sub-irrigated,6.991886,2025,Cache,Bear River,Cache Valley,423776.96,4617458.313,area_weighted_polygon_centroid_in_simplified_service_area,1
company_168,193854,Agricultural,Hay/Turf,Grass Hay,Sub-irrigated,8.986636,2025,Cache,Bear River,Cache Valley,423343.64,4637341.768,area_weighted_polygon_centroid_in_simplified_service_area,1
company_105,193924,Agricultural,Hay/Turf,Grass Hay,Sub-irrigated,3.868248,2025,Cache,Bear River,Cache Valley,428848.753,4624726.705,area_weighted_polygon_centroid_in_simplified_service_area,1
company_10390,193975,Agricultural,Hay/Turf,Grass Hay,Sub-irrigated,0.744722,2025,Cache,Bear River,Cache Valley,427627.17,4619414.598,area_weighted_polygon_centroid_in_simplified_service_area,1
company_106,193986,Agricultural,Hay/Turf,Grass Hay,Sub-irrigated,10.277983,2025,Cache,Bear River,Cache Valley,422720.681,4620978.403,area_weighted_polygon_centroid_in_simplified_service_area,1
company_106,194005,Agricultural,Hay/Turf,Grass Hay,Sub-irrigated,1.172321,2025,Cache,Bear River,Cache Valley,423648.755,4617490.496,area_weighted_polygon_centroid_in_simplified_service_area,1
company_105,194385,Agricultural,Hay/Turf,Grass Hay,Sub-irrigated,0.912805,2025,Cache,Bear River,Cache Valley,428271.705,4622683.278,area_weighted_polygon_centroid_in_simplified_service_area,1
company_106,194722,Agricultural,Hay/Turf,Grass Hay,Sub-irrigated,17.049122,2025,Cache,Bear River,Cache Valley,422802.635,4620789.116,area_weighted_polygon_centroid_in_simplified_service_area,1
company_106,194776,Agricultural,Hay/Turf,Grass Hay,Sub-irrigated,4.854346,2025,Cache,Bear River,Cache Valley,423050.42,4620789.354,area_weighted_polygon_centroid_in_simplified_service_area,1
company_168,194909,Agricultural,Hay/Turf,Grass Hay,Sub-irrigated,12.725869,2025,Cache,Bear River,Cache Valley,423822.908,4631485.824,area_weighted_polygon_centroid_in_simplified_service_area,1
company_105,194917,Agricultural,Hay/Turf,Grass Hay,Sub-irrigated,9.522493,2025,Cache,Bear River,Cache Valley,429361.371,4625340.454,area_weighted_polygon_centroid_in_simplified_service_area,1
company_168,195142,Agricultural,Hay/Turf,Grass Hay,Sub-irrigated,0.983473,2025,Cache,Bear River,Cache Valley,421872.09,4643764.113,area_weighted_polygon_centroid_in_simplified_service_area,1
company_10390,195361,Agricultural,Hay/Turf,Grass Hay,Sub-irrigated,4.699045,2025,Cache,Bear River,Cache Valley,427763.877,4619811.433,area_weighted_polygon_centroid_in_simplified_service_area,1
company_168,195763,Agricultural,Hay/Turf,Grass Hay,Sub-irrigated,7.392958,2025,Cache,Bear River,Cache Valley,427560.961,4637719.552,area_weighted_polygon_centroid_in_simplified_service_area,1
company_168,195781,Agricultural,Hay/Turf,Grass Hay,Sub-irrigated,2.539559,2025,Cache,Bear River,Cache Valley,419374.794,4633054.517,area_weighted_polygon_centroid_in_simplified_service_area,1
company_164,195873,Agricultural,Grain/Seeds,Barley,Flood,5.1373,2025,Cache,Bear River,Cache Valley,425498.362,4610896.976,area_weighted_polygon_centroid_in_simplified_service_area,1
company_164,195894,Agricultural,Grain/Seeds,Barley,Flood,11.807776,2025,Cache,Bear River,Cache Valley,425718.665,4611042.378,area_weighted_polygon_centroid_in_simplified_service_area,1
company_164,195895,Agricultural,Grain/Seeds,Barley,Flood,21.291877,2025,Cache,Bear River,Cache Valley,423545.72,4611645.228,area_weighted_polygon_centroid_in_simplified_service_area,1
company_164,195904,Agricultural,Grain/Seeds,Barley,Flood,30.174895,2025,Cache,Bear River,Cache Valley,424894.592,4611477.154,area_weighted_polygon_centroid_in_simplified_service_area,1
company_164,195961,Agricultural,Grain/Seeds,Barley,Flood,5.102905,2025,Cache,Bear River,Cache Valley,425085.845,4610908.827,area_weighted_polygon_centroid_in_simplified_service_area,1
company_164,195985,Agricultural,Grain/Seeds,Barley,Flood,4.224774,2025,Cache,Bear River,Cache Valley,424608.535,4610566.733,area_weighted_polygon_centroid_in_simplified_service_area,1
company_106,195994,Agricultural,Grain/Seeds,Barley,Flood,12.397753,2025,Cache,Bear River,Cache Valley,426440.705,4617952.025,area_weighted_polygon_centroid_in_simplified_service_area,1
company_164,196000,Agricultural,Grain/Seeds,Barley,Flood,10.788063,2025,Cache,Bear River,Cache Valley,425512.119,4611260.443,area_weighted_polygon_centroid_in_simplified_service_area,1
company_164,196022,Agricultural,Grain/Seeds,Barley,Flood,5.044738,2025,Cache,Bear River,Cache Valley,425331.565,4610442.595,area_weighted_polygon_centroid_in_simplified_service_area,1
company_164,196080,Agricultural,Grain/Seeds,Barley,Flood,4.945673,2025,Cache,Bear River,Cache Valley,424517.376,4611475.657,area_weighted_polygon_centroid_in_simplified_service_area,1
company_106,196092,Agricultural,Grain/Seeds,Barley,Flood,10.218079,2025,Cache,Bear River,Cache Valley,426456.436,4618351.675,area_weighted_polygon_centroid_in_simplified_service_area,1
company_106,196109,Agricultural,Grain/Seeds,Barley,Flood,8.245662,2025,Cache,Bear River,Cache Valley,423707.295,4617595.155,area_weighted_polygon_centroid_in_simplified_service_area,1
company_164,196111,Agricultural,Grain/Seeds,Barley,Flood,20.177151,2025,Cache,Bear River,Cache Valley,424700.208,4611573.255,area_weighted_polygon_centroid_in_simplified_service_area,1
company_164,196161,Agricultural,Grain/Seeds,Barley,Flood,5.520475,2025,Cache,Bear River,Cache Valley,424608.551,4610755.354,area_weighted_polygon_centroid_in_simplified_service_area,1
company_164,196251,Agricultural,Grain/Seeds,Barley,Flood,33.171692,2025,Cache,Bear River,Cache Valley,425436.185,4613660.756,area_weighted_polygon_centroid_in_simplified_service_area,1
company_164,196320,Agricultural,Grain/Seeds,Barley,Flood,18.892096,2025,Cache,Bear River,Cache Valley,423461.003,4613863.187,area_weighted_polygon_centroid_in_simplified_service_area,1
company_168,196322,Agricultural,Grain/Seeds,Barley,Flood,8.373447,2025,Cache,Bear River,Cache Valley,425655.423,4637443.761,area_weighted_polygon_centroid_in_simplified_service_area,1
company_164,196344,Agricultural,Grain/Seeds,Barley,Flood,2.000222,2025,Cache,Bear River,Cache Valley,424717.048,4610911.482,area_weighted_polygon_centroid_in_simplified_service_area,1
company_168,196369,Agricultural,Grain/Seeds,Barley,Flood,2.599815,2025,Cache,Bear River,Cache Valley,425214.603,4636279.03,area_weighted_polygon_centroid_in_simplified_service_area,1
company_168,196404,Agricultural,Grain/Seeds,Barley,Flood,12.072666,2025,Cache,Bear River,Cache Valley,420264.088,4646569.495,area_weighted_polygon_centroid_in_simplified_service_area,1
company_168,196494,Agricultural,Grain/Seeds,Barley,Flood,17.291603,2025,Cache,Bear River,Cache Valley,425657.758,4637609.455,area_weighted_polygon_centroid_in_simplified_service_area,1
company_164,196534,Agricultural,Grain/Seeds,Barley,Flood,5.631647,2025,Cache,Bear River,Cache Valley,424872.24,4610915.637,area_weighted_polygon_centroid_in_simplified_service_area,1
company_164,196616,Agricultural,Grain/Seeds,Barley,Flood,21.516146,2025,Cache,Bear River,Cache Valley,425311.285,4611578.643,area_weighted_polygon_centroid_in_simplified_service_area,1
company_168,196655,Agricultural,Grain/Seeds,Barley,Flood,7.065649,2025,Cache,Bear River,Cache Valley,421285.423,4642747.969,area_weighted_polygon_centroid_in_simplified_service_area,1
company_164,196691,Agricultural,Grain/Seeds,Barley,Flood,2.136981,2025,Cache,Bear River,Cache Valley,424607.48,4610910.206,area_weighted_polygon_centroid_in_simplified_service_area,1
company_164,196700,Agricultural,Grain/Seeds,Barley,Wheel,11.130871,2025,Cache,Bear River,Cache Valley,424721.781,4611174.814,area_weighted_polygon_centroid_in_simplified_service_area,1
company_168,196706,Agricultural,Grain/Seeds,Barley,Flood,17.662452,2025,Cache,Bear River,Cache Valley,424805.904,4633382.857,area_weighted_polygon_centroid_in_simplified_service_area,1
company_168,196712,Agricultural,Grain/Seeds,Barley,Flood,8.041829,2025,Cache,Bear River,Cache Valley,425667.266,4637777.157,area_weighted_polygon_centroid_in_simplified_service_area,1
company_164,196763,Agricultural,Grain/Seeds,Barley,Flood,4.79562,2025,Cache,Bear River,Cache Valley,424622.983,4611285.452,area_weighted_polygon_centroid_in_simplified_service_area,1
company_168,196783,Agricultural,Grain/Seeds,Barley,Flood,16.117358,2025,Cache,Bear River,Cache Valley,426393.86,4632382.975,area_weighted_polygon_centroid_in_simplified_service_area,1
company_164,196788,Agricultural,Grain/Seeds,Barley,Flood,10.082504,2025,Cache,Bear River,Cache Valley,425329.354,4610142.537,area_weighted_polygon_centroid_in_simplified_service_area,1
company_168,196985,Agricultural,Grain/Seeds,Winter Wheat,Flood,3.998818,2025,Cache,Bear River,Cache Valley,420330.43,4643533.785,area_weighted_polygon_centroid_in_simplified_service_area,1
company_168,197069,Agricultural,Grain/Seeds,Winter Wheat,Flood,17.371761,2025,Cache,Bear River,Cache Valley,421075.976,4633291.289,area_weighted_polygon_centroid_in_simplified_service_area,1
company_168,197094,Agricultural,Grain/Seeds,Triticale,Flood,19.752924,2025,Cache,Bear River,Cache Valley,420033.49,4646475.375,area_weighted_polygon_centroid_in_simplified_service_area,1
company_168,197125,Agricultural,Grain/Seeds,Winter Wheat,Flood,14.49884,2025,Cache,Bear River,Cache Valley,421207.792,4633373.697,area_weighted_polygon_centroid_in_simplified_service_area,1
company_168,197267,Agricultural,Grain/Seeds,Winter Wheat,Flood,1.336201,2025,Cache,Bear River,Cache Valley,425243.129,4637803.282,area_weighted_polygon_centroid_in_simplified_service_area,1
company_168,197418,Agricultural,Grain/Seeds,Winter Wheat,Flood,6.118263,2025,Cache,Bear River,Cache Valley,421202.187,4633082.593,area_weighted_polygon_centroid_in_simplified_service_area,1
company_168,197710,Agricultural,Grain/Seeds,Spring Wheat,Flood,21.733818,2025,Cache,Bear River,Cache Valley,422449.619,4639613.802,area_weighted_polygon_centroid_in_simplified_service_area,1
company_168,197775,Agricultural,Grain/Seeds,Spring Wheat,Flood,11.694345,2025,Cache,Bear River,Cache Valley,425124.935,4637591.075,area_weighted_polygon_centroid_in_simplified_service_area,1
company_106,198477,Agricultural,Grain/Seeds,Winter Wheat,Flood,9.932544,2025,Cache,Bear River,Cache Valley,425529.663,4618954.54,area_weighted_polygon_centroid_in_simplified_service_area,1
company_168,198479,Agricultural,Grain/Seeds,Winter Wheat,Flood,23.95133,2025,Cache,Bear River,Cache Valley,425300.55,4634472.659,area_weighted_polygon_centroid_in_simplified_service_area,1
company_105,198491,Agricultural,Grain/Seeds,Winter Wheat,Flood,3.621652,2025,Cache,Bear River,Cache Valley,428917.427,4623699.732,area_weighted_polygon_centroid_in_simplified_service_area,1
company_105,198536,Agricultural,Grain/Seeds,Winter Wheat,Flood,2.022175,2025,Cache,Bear River,Cache Valley,428397.171,4622175.241,area_weighted_polygon_centroid_in_simplified_service_area,1
company_106,198552,Agricultural,Grain/Seeds,Winter Wheat,Flood,9.499435,2025,Cache,Bear River,Cache Valley,423621.746,4618608.679,area_weighted_polygon_centroid_in_simplified_service_area,1
company_105,198611,Agricultural,Grain/Seeds,Winter Wheat,Flood,6.848986,2025,Cache,Bear River,Cache Valley,428785.658,4623907.265,area_weighted_polygon_centroid_in_simplified_service_area,1
company_106,198712,Agricultural,Grain/Seeds,Winter Wheat,Flood,9.640872,2025,Cache,Bear River,Cache Valley,426145.056,4616739.819,area_weighted_polygon_centroid_in_simplified_service_area,1
company_106,198715,Agricultural,Grain/Seeds,Winter Wheat,Flood,9.37387,2025,Cache,Bear River,Cache Valley,425531.796,4618761.253,area_weighted_polygon_centroid_in_simplified_service_area,1
company_106,198790,Agricultural,Grain/Seeds,Winter Wheat,Flood,8.738246,2025,Cache,Bear River,Cache Valley,425532.788,4619143.956,area_weighted_polygon_centroid_in_simplified_service_area,1
company_105,198845,Agricultural,Grain/Seeds,Winter Wheat,Flood,2.825503,2025,Cache,Bear River,Cache Valley,428902.066,4623811.668,area_weighted_polygon_centroid_in_simplified_service_area,1
company_168,198960,Agricultural,Hay/Turf,Grass Hay,Flood,2.200054,2025,Cache,Bear River,Cache Valley,425045.605,4634546.675,area_weighted_polygon_centroid_in_simplified_service_area,1
company_105,199084,Agricultural,Grain/Seeds,Winter Wheat,Flood,23.996639,2025,Cache,Bear River,Cache Valley,428866.111,4622951.564,area_weighted_polygon_centroid_in_simplified_service_area,1
company_132,199094,Agricultural,Grain/Seeds,Winter Wheat,Flood,1.004516,2025,Cache,Bear River,Cache Valley,431172.797,4603634.724,area_weighted_polygon_centroid_in_simplified_service_area,1
company_105,199328,Agricultural,Grain/Seeds,Winter Wheat,Flood,14.225594,2025,Cache,Bear River,Cache Valley,429223.855,4623730.375,area_weighted_polygon_centroid_in_simplified_service_area,1
company_168,199439,Agricultural,Grain/Seeds,Winter Wheat,Flood,9.247888,2025,Cache,Bear River,Cache Valley,425236.865,4632927.553,area_weighted_polygon_centroid_in_simplified_service_area,1
company_164,199516,Agricultural,Grain/Seeds,Winter Wheat,Flood,11.756421,2025,Cache,Bear River,Cache Valley,423796.183,4611959.39,area_weighted_polygon_centroid_in_simplified_service_area,1
company_168,199523,Agricultural,Grain/Seeds,Winter Wheat,Flood,5.644656,2025,Cache,Bear River,Cache Valley,422497.972,4640924.3,area_weighted_polygon_centroid_in_simplified_service_area,1
company_105,199632,Agricultural,Grain/Seeds,Winter Wheat,Flood,9.988487,2025,Cache,Bear River,Cache Valley,429109.174,4623359.523,area_weighted_polygon_centroid_in_simplified_service_area,1
company_105,199762,Agricultural,Grain/Seeds,Winter Wheat,Flood,1.602057,2025,Cache,Bear River,Cache Valley,429080.662,4623831.857,area_weighted_polygon_centroid_in_simplified_service_area,1
company_164,200055,Agricultural,Grain/Seeds,Winter Wheat,Flood,9.111346,2025,Cache,Bear River,Cache Valley,425985.104,4613683.412,area_weighted_polygon_centroid_in_simplified_service_area,1
company_106,200097,Agricultural,Grain/Seeds,Winter Wheat,Flood,8.250702,2025,Cache,Bear River,Cache Valley,423651.741,4618796.668,area_weighted_polygon_centroid_in_simplified_service_area,1
company_105,200235,Agricultural,Grain/Seeds,Winter Wheat,Flood,3.806136,2025,Cache,Bear River,Cache Valley,428865.948,4623131.475,area_weighted_polygon_centroid_in_simplified_service_area,1
company_106,200236,Agricultural,Grain/Seeds,Winter Wheat,Flood,8.907265,2025,Cache,Bear River,Cache Valley,423619.484,4618702.363,area_weighted_polygon_centroid_in_simplified_service_area,1
company_105,200270,Agricultural,Grain/Seeds,Winter Wheat,Flood,4.129602,2025,Cache,Bear River,Cache Valley,429282.563,4623829.661,area_weighted_polygon_centroid_in_simplified_service_area,1
company_164,200274,Agricultural,Grain/Seeds,Winter Wheat,Flood,9.060226,2025,Cache,Bear River,Cache Valley,423898.692,4611407.715,area_weighted_polygon_centroid_in_simplified_service_area,1
company_105,200309,Agricultural,Grain/Seeds,Winter Wheat,Flood,8.81075,2025,Cache,Bear River,Cache Valley,428730.425,4623775.763,area_weighted_polygon_centroid_in_simplified_service_area,1
company_164,200362,Agricultural,Grain/Seeds,Winter Wheat,Flood,4.889346,2025,Cache,Bear River,Cache Valley,423673.518,4611168.244,area_weighted_polygon_centroid_in_simplified_service_area,1
company_168,200477,Agricultural,Grain/Seeds,Winter Wheat,Flood,10.686808,2025,Cache,Bear River,Cache Valley,421147.43,4645194.567,area_weighted_polygon_centroid_in_simplified_service_area,1
company_106,200494,Agricultural,Grain/Seeds,Winter Wheat,Flood,8.214141,2025,Cache,Bear River,Cache Valley,425939.153,4616758.324,area_weighted_polygon_centroid_in_simplified_service_area,1
company_164,200556,Agricultural,Grain/Seeds,Winter Wheat,Flood,2.858197,2025,Cache,Bear River,Cache Valley,423815.157,4611325.54,area_weighted_polygon_centroid_in_simplified_service_area,1
company_164,200653,Agricultural,Grain/Seeds,Winter Wheat,Flood,11.490995,2025,Cache,Bear River,Cache Valley,423707.37,4611633.202,area_weighted_polygon_centroid_in_simplified_service_area,1
company_168,200758,Agricultural,Grain/Seeds,Barley,Pivot,29.328473,2025,Cache,Bear River,Cache Valley,419795.534,4644940.389,area_weighted_polygon_centroid_in_simplified_service_area,1
company_168,200761,Agricultural,Grain/Seeds,Barley,Pivot,21.380229,2025,Cache,Bear River,Cache Valley,419775.84,4644616.805,area_weighted_polygon_centroid_in_simplified_service_area,1
company_168,200777,Agricultural,Grain/Seeds,Barley,Pivot,36.250826,2025,Cache,Bear River,Cache Valley,419566.752,4632576.173,area_weighted_polygon_centroid_in_simplified_service_area,1
company_168,200792,Agricultural,Grain/Seeds,Barley,Pivot,22.236463,2025,Cache,Bear River,Cache Valley,419408.558,4633373.538,area_weighted_polygon_centroid_in_simplified_service_area,1
company_168,200805,Agricultural,Grain/Seeds,Barley,Wheel,12.655249,2025,Cache,Bear River,Cache Valley,421770.935,4638814.845,area_weighted_polygon_centroid_in_simplified_service_area,1
company_168,200821,Agricultural,Grain/Seeds,Barley,Pivot,12.5974,2025,Cache,Bear River,Cache Valley,425518.412,4636278.973,area_weighted_polygon_centroid_in_simplified_service_area,1
company_168,200835,Agricultural,Grain/Seeds,Barley,Sprinkler,4.169256,2025,Cache,Bear River,Cache Valley,422334.287,4649570.739,area_weighted_polygon_centroid_in_simplified_service_area,1
company_168,200859,Agricultural,Grain/Seeds,Barley,Wheel,6.544188,2025,Cache,Bear River,Cache Valley,417355.443,4633725.155,area_weighted_polygon_centroid_in_simplified_service_area,1
company_106,200870,Agricultural,Grain/Seeds,Barley,Sprinkler,20.993723,2025,Cache,Bear River,Cache Valley,426858.92,4617620.131,area_weighted_polygon_centroid_in_simplified_service_area,1
company_168,200898,Agricultural,Grain/Seeds,Barley,Pivot,17.50554,2025,Cache,Bear River,Cache Valley,419697.989,4633490.782,area_weighted_polygon_centroid_in_simplified_service_area,1
company_168,200911,Agricultural,Grain/Seeds,Barley,Sprinkler,15.083524,2025,Cache,Bear River,Cache Valley,419319.9,4632041.624,area_weighted_polygon_centroid_in_simplified_service_area,1
company_168,200938,Agricultural,Grain/Seeds,Barley,Sprinkler,8.691941,2025,Cache,Bear River,Cache Valley,417385.122,4632745.917,area_weighted_polygon_centroid_in_simplified_service_area,1
company_168,200954,Agricultural,Grain/Seeds,Barley,Wheel,32.103406,2025,Cache,Bear River,Cache Valley,422432.117,4646385.015,area_weighted_polygon_centroid_in_simplified_service_area,1
company_1249,201008,Agricultural,Grain/Seeds,Barley,Sprinkler,2.713876,2025,Cache,Bear River,Cache Valley,432805.383,4624816.65,area_weighted_polygon_centroid_in_simplified_service_area,1
company_168,201075,Agricultural,Grain/Seeds,Barley,Wheel,19.185458,2025,Cache,Bear River,Cache Valley,427024.179,4637085.142,area_weighted_polygon_centroid_in_simplified_service_area,1
company_164,201098,Agricultural,Grain/Seeds,Barley,Sprinkler,20.877603,2025,Cache,Bear River,Cache Valley,424494.297,4609830.873,area_weighted_polygon_centroid_in_simplified_service_area,1
company_168,201105,Agricultural,Grain/Seeds,Barley,Wheel,5.924519,2025,Cache,Bear River,Cache Valley,422653.525,4637971.008,area_weighted_polygon_centroid_in_simplified_service_area,1
company_168,201157,Agricultural,Grain/Seeds,Barley,Wheel,13.973294,2025,Cache,Bear River,Cache Valley,422893.425,4637989.949,area_weighted_polygon_centroid_in_simplified_service_area,1
company_132,201160,Agricultural,Grain/Seeds,Barley,Sprinkler,8.061731,2025,Cache,Bear River,Cache Valley,432290.494,4606571.003,area_weighted_polygon_centroid_in_simplified_service_area,1
company_168,201164,Agricultural,Grain/Seeds,Barley,Wheel,26.204488,2025,Cache,Bear River,Cache Valley,418845.95,4633589.838,area_weighted_polygon_centroid_in_simplified_service_area,1
company_168,201193,Agricultural,Grain/Seeds,Barley,Pivot,22.636949,2025,Cache,Bear River,Cache Valley,420511.139,4633919.387,area_weighted_polygon_centroid_in_simplified_service_area,1
company_132,201245,Agricultural,Grain/Seeds,Barley,Wheel,21.59952,2025,Cache,Bear River,Cache Valley,432826.762,4606928.034,area_weighted_polygon_centroid_in_simplified_service_area,1
company_168,201272,Agricultural,Grain/Seeds,Barley,Sprinkler,8.501035,2025,Cache,Bear River,Cache Valley,425965.62,4633516.217,area_weighted_polygon_centroid_in_simplified_service_area,1
company_168,201278,Agricultural,Grain/Seeds,Barley,Sprinkler,14.460804,2025,Cache,Bear River,Cache Valley,420866.173,4642011.312,area_weighted_polygon_centroid_in_simplified_service_area,1
company_168,201334,Agricultural,Grain/Seeds,Barley,Wheel,21.06647,2025,Cache,Bear River,Cache Valley,427024.004,4637187.436,area_weighted_polygon_centroid_in_simplified_service_area,1
company_168,201349,Agricultural,Grain/Seeds,Barley,Pivot,34.748067,2025,Cache,Bear River,Cache Valley,420751.467,4634415.974,area_weighted_polygon_centroid_in_simplified_service_area,1
company_132,201380,Agricultural,Grain/Seeds,Barley,Pivot,38.44769,2025,Cache,Bear River,Cache Valley,432547.89,4608053.987,area_weighted_polygon_centroid_in_simplified_service_area,1
company_168,201391,Agricultural,Grain/Seeds,Barley,Sprinkler,8.32024,2025,Cache,Bear River,Cache Valley,420905.916,4632904.467,area_weighted_polygon_centroid_in_simplified_service_area,1
company_164,201396,Agricultural,Grain/Seeds,Barley,Wheel,15.516086,2025,Cache,Bear River,Cache Valley,425076.289,4609890.897,area_weighted_polygon_centroid_in_simplified_service_area,1
company_168,201403,Agricultural,Grain/Seeds,Barley,Sprinkler,9.501036,2025,Cache,Bear River,Cache Valley,421203.393,4635496.361,area_weighted_polygon_centroid_in_simplified_service_area,1
company_168,201417,Agricultural,Grain/Seeds,Barley,Wheel,20.181524,2025,Cache,Bear River,Cache Valley,421856.283,4643112.697,area_weighted_polygon_centroid_in_simplified_service_area,1
company_168,201432,Agricultural,Grain/Seeds,Barley,Wheel,15.803938,2025,Cache,Bear River,Cache Valley,417789.304,4633797.606,area_weighted_polygon_centroid_in_simplified_service_area,1
company_168,201487,Agricultural,Grain/Seeds,Barley,Wheel,9.362877,2025,Cache,Bear River,Cache Valley,421892.439,4642763.178,area_weighted_polygon_centroid_in_simplified_service_area,1
company_168,201496,Agricultural,Grain/Seeds,Barley,Sprinkler,9.206471,2025,Cache,Bear River,Cache Valley,423199.177,4638690.312,area_weighted_polygon_centroid_in_simplified_service_area,1
company_168,201519,Agricultural,Grain/Seeds,Barley,Sprinkler,4.353624,2025,Cache,Bear River,Cache Valley,426188.915,4632063.278,area_weighted_polygon_centroid_in_simplified_service_area,1
company_168,201548,Agricultural,Grain/Seeds,Barley,Pivot,26.969386,2025,Cache,Bear River,Cache Valley,426553.93,4638071.646,area_weighted_polygon_centroid_in_simplified_service_area,1
company_168,201591,Agricultural,Grain/Seeds,Barley,Wheel,11.075297,2025,Cache,Bear River,Cache Valley,421479.65,4647035.465,area_weighted_polygon_centroid_in_simplified_service_area,1
company_168,201673,Agricultural,Grain/Seeds,Barley,Wheel,11.613799,2025,Cache,Bear River,Cache Valley,421965.22,4642440.414,area_weighted_polygon_centroid_in_simplified_service_area,1
company_168,201678,Agricultural,Grain/Seeds,Barley,Sprinkler,13.774514,2025,Cache,Bear River,Cache Valley,427501.96,4637224.472,area_weighted_polygon_centroid_in_simplified_service_area,1
company_168,201709,Agricultural,Grain/Seeds,Barley,Pivot,18.677488,2025,Cache,Bear River,Cache Valley,420684.112,4634119.146,area_weighted_polygon_centroid_in_simplified_service_area,1
company_132,201718,Agricultural,Grain/Seeds,Barley,Wheel,19.196236,2025,Cache,Bear River,Cache Valley,430714.561,4603058.544,area_weighted_polygon_centroid_in_simplified_service_area,1
company_168,201802,Agricultural,Grain/Seeds,Barley,Sprinkler,34.800441,2025,Cache,Bear River,Cache Valley,419187.418,4632633.944,area_weighted_polygon_centroid_in_simplified_service_area,1
company_168,201839,Agricultural,Grain/Seeds,Barley,Wheel,17.535636,2025,Cache,Bear River,Cache Valley,423169.216,4638526.015,area_weighted_polygon_centroid_in_simplified_service_area,1
company_168,201862,Agricultural,Grain/Seeds,Barley,Pivot,28.663171,2025,Cache,Bear River,Cache Valley,421239.003,4640303.207,area_weighted_polygon_centroid_in_simplified_service_area,1
company_168,201897,Agricultural,Grain/Seeds,Barley,Wheel,21.477225,2025,Cache,Bear River,Cache Valley,422417.84,4642403.33,area_weighted_polygon_centroid_in_simplified_service_area,1
company_088,201898,Agricultural,Grain/Seeds,Barley,Wheel,21.015095,2025,Cache,Bear River,Cache Valley,431544.056,4607677.977,area_weighted_polygon_centroid_in_simplified_service_area,1
company_168,201971,Agricultural,Grain/Seeds,Barley,Sprinkler,12.601027,2025,Cache,Bear River,Cache Valley,417938.149,4632885.078,area_weighted_polygon_centroid_in_simplified_service_area,1
company_168,202017,Agricultural,Grain/Seeds,Barley,Wheel,3.758954,2025,Cache,Bear River,Cache Valley,421641.558,4647433.797,area_weighted_polygon_centroid_in_simplified_service_area,1
company_168,202071,Agricultural,Grain/Seeds,Barley,Pivot,30.440108,2025,Cache,Bear River,Cache Valley,421254.295,4640539.683,area_weighted_polygon_centroid_in_simplified_service_area,1
company_168,202101,Agricultural,Grain/Seeds,Barley,Wheel,15.512451,2025,Cache,Bear River,Cache Valley,425552.029,4633685.66,area_weighted_polygon_centroid_in_simplified_service_area,1
company_168,202130,Agricultural,Grain/Seeds,Barley,Wheel,9.247051,2025,Cache,Bear River,Cache Valley,421842.512,4642455.084,area_weighted_polygon_centroid_in_simplified_service_area,1
company_168,202151,Agricultural,Grain/Seeds,Barley,Sprinkler,19.740491,2025,Cache,Bear River,Cache Valley,419304.894,4631652.371,area_weighted_polygon_centroid_in_simplified_service_area,1
company_168,202186,Agricultural,Grain/Seeds,Canola,Pivot,48.436488,2025,Cache,Bear River,Cache Valley,420821.63,4632561.835,area_weighted_polygon_centroid_in_simplified_service_area,1
company_168,202220,Agricultural,Grain/Seeds,Canola,Sprinkler,7.024436,2025,Cache,Bear River,Cache Valley,421366.24,4640883.083,area_weighted_polygon_centroid_in_simplified_service_area,1
company_132,202330,Agricultural,Grain/Seeds,Barley,Sprinkler,2.157658,2025,Cache,Bear River,Cache Valley,432350.172,4607723.984,area_weighted_polygon_centroid_in_simplified_service_area,1
company_132,202355,Agricultural,Grain/Seeds,Barley,Sprinkler,12.209335,2025,Cache,Bear River,Cache Valley,432459.038,4607487.722,area_weighted_polygon_centroid_in_simplified_service_area,1
company_164,202390,Agricultural,Grain/Seeds,Winter Wheat,Sprinkler,10.815624,2025,Cache,Bear River,Cache Valley,423223.498,4613598.679,area_weighted_polygon_centroid_in_simplified_service_area,1
company_168,202422,Agricultural,Grain/Seeds,Winter Wheat,Sprinkler,1.650173,2025,Cache,Bear River,Cache Valley,419442.271,4632812.759,area_weighted_polygon_centroid_in_simplified_service_area,1
company_136,202429,Agricultural,Grain/Seeds,Triticale,Sprinkler,0.680082,2025,Cache,Bear River,Cache Valley,432670.721,4618536.989,area_weighted_polygon_centroid_in_simplified_service_area,1
company_168,202483,Agricultural,Grain/Seeds,Barley,Sprinkler,14.630079,2025,Cache,Bear River,Cache Valley,421269.185,4648795.682,area_weighted_polygon_centroid_in_simplified_service_area,1
company_168,202557,Agricultural,Grain/Seeds,Barley,Sprinkler,4.496576,2025,Cache,Bear River,Cache Valley,418544.651,4632681.774,area_weighted_polygon_centroid_in_simplified_service_area,1
company_132,202567,Agricultural,Grain/Seeds,Spring Wheat,Wheel,8.749367,2025,Cache,Bear River,Cache Valley,431315.525,4604316.862,area_weighted_polygon_centroid_in_simplified_service_area,1
company_132,202585,Agricultural,Grain/Seeds,Barley,Pivot,14.604594,2025,Cache,Bear River,Cache Valley,432309.589,4607469.244,area_weighted_polygon_centroid_in_simplified_service_area,1
company_132,202624,Agricultural,Grain/Seeds,Spring Wheat,Wheel,10.202989,2025,Cache,Bear River,Cache Valley,431125.843,4604320.235,area_weighted_polygon_centroid_in_simplified_service_area,1
company_168,202727,Agricultural,Grain/Seeds,Barley,Sprinkler,24.281755,2025,Cache,Bear River,Cache Valley,418483.167,4632322.327,area_weighted_polygon_centroid_in_simplified_service_area,1
company_132,202762,Agricultural,Grain/Seeds,Spring Wheat,Wheel,4.408473,2025,Cache,Bear River,Cache Valley,430846.668,4604322.615,area_weighted_polygon_centroid_in_simplified_service_area,1
company_132,202846,Agricultural,Grain/Seeds,Spring Wheat,Pivot,28.786358,2025,Cache,Bear River,Cache Valley,431691.957,4601165.31,area_weighted_polygon_centroid_in_simplified_service_area,1
company_088,202903,Agricultural,Grain/Seeds,Spring Wheat,Wheel,10.735707,2025,Cache,Bear River,Cache Valley,430737.821,4607790.871,area_weighted_polygon_centroid_in_simplified_service_area,1
company_132,203016,Agricultural,Grain/Seeds,Spring Wheat,Sprinkler,3.682921,2025,Cache,Bear River,Cache Valley,432299.46,4607952.038,area_weighted_polygon_centroid_in_simplified_service_area,1
company_088,203056,Agricultural,Grain/Seeds,Spring Wheat,Wheel,10.136878,2025,Cache,Bear River,Cache Valley,430942.757,4607785.521,area_weighted_polygon_centroid_in_simplified_service_area,1
company_088,203065,Agricultural,Grain/Seeds,Spring Wheat,Wheel,32.913162,2025,Cache,Bear River,Cache Valley,431303.529,4607623.613,area_weighted_polygon_centroid_in_simplified_service_area,1
company_132,203074,Agricultural,Grain/Seeds,Spring Wheat,Wheel,10.108342,2025,Cache,Bear River,Cache Valley,431609.921,4604262.559,area_weighted_polygon_centroid_in_simplified_service_area,1
company_168,203106,Agricultural,Grain/Seeds,Spring Wheat,Sprinkler,3.809809,2025,Cache,Bear River,Cache Valley,417712.07,4632908.411,area_weighted_polygon_centroid_in_simplified_service_area,1
company_132,203133,Agricultural,Grain/Seeds,Spring Wheat,Pivot,30.146805,2025,Cache,Bear River,Cache Valley,432445.416,4605626.656,area_weighted_polygon_centroid_in_simplified_service_area,1
company_132,203229,Agricultural,Grain/Seeds,Spring Wheat,Sprinkler,5.137198,2025,Cache,Bear River,Cache Valley,431856.82,4601167.866,area_weighted_polygon_centroid_in_simplified_service_area,1
company_132,203244,Agricultural,Grain/Seeds,Spring Wheat,Wheel,6.435253,2025,Cache,Bear River,Cache Valley,430957.27,4604320.048,area_weighted_polygon_centroid_in_simplified_service_area,1
company_168,203656,Agricultural,Grain/Seeds,Winter Wheat,Sprinkler,5.132318,2025,Cache,Bear River,Cache Valley,420034.175,4632598.462,area_weighted_polygon_centroid_in_simplified_service_area,1
company_168,203671,Agricultural,Grain/Seeds,Winter Wheat,Wheel,26.570301,2025,Cache,Bear River,Cache Valley,426263.766,4636153.943,area_weighted_polygon_centroid_in_simplified_service_area,1
company_168,203698,Agricultural,Grain/Seeds,Winter Wheat,Sprinkler,4.222111,2025,Cache,Bear River,Cache Valley,419739.869,4643516.301,area_weighted_polygon_centroid_in_simplified_service_area,1
company_132,203701,Agricultural,Grain/Seeds,Winter Wheat,Sprinkler,17.678265,2025,Cache,Bear River,Cache Valley,431588.767,4608032.409,area_weighted_polygon_centroid_in_simplified_service_area,1
company_168,203728,Agricultural,Grain/Seeds,Winter Wheat,Wheel,23.050803,2025,Cache,Bear River,Cache Valley,426699.085,4638375.873,area_weighted_polygon_centroid_in_simplified_service_area,1
company_168,203731,Agricultural,Grain/Seeds,Winter Wheat,Wheel,34.062654,2025,Cache,Bear River,Cache Valley,425381.245,4636525.76,area_weighted_polygon_centroid_in_simplified_service_area,1
company_168,203808,Agricultural,Grain/Seeds,Winter Wheat,Wheel,16.010232,2025,Cache,Bear River,Cache Valley,421419.186,4644478.552,area_weighted_polygon_centroid_in_simplified_service_area,1
company_168,203814,Agricultural,Grain/Seeds,Winter Wheat,Wheel,25.82403,2025,Cache,Bear River,Cache Valley,426191.06,4637543.402,area_weighted_polygon_centroid_in_simplified_service_area,1
company_168,203828,Agricultural,Grain/Seeds,Winter Wheat,Wheel,42.516987,2025,Cache,Bear River,Cache Valley,426918.087,4637540.481,area_weighted_polygon_centroid_in_simplified_service_area,1
company_168,203835,Agricultural,Grain/Seeds,Winter Wheat,Pivot,68.473742,2025,Cache,Bear River,Cache Valley,420005.012,4643694.697,area_weighted_polygon_centroid_in_simplified_service_area,1
company_168,203858,Agricultural,Grain/Seeds,Winter Wheat,Sprinkler,8.87017,2025,Cache,Bear River,Cache Valley,418626.105,4633645.13,area_weighted_polygon_centroid_in_simplified_service_area,1
company_168,203868,Agricultural,Grain/Seeds,Winter Wheat,Pivot,40.933919,2025,Cache,Bear River,Cache Valley,425318.249,4636755.329,area_weighted_polygon_centroid_in_simplified_service_area,1
company_130,203874,Agricultural,Grain/Seeds,Winter Wheat,Sprinkler,4.268755,2025,Cache,Bear River,Cache Valley,430765.536,4602345.516,area_weighted_polygon_centroid_in_simplified_service_area,1
company_168,203918,Agricultural,Grain/Seeds,Winter Wheat,Wheel,56.311949,2025,Cache,Bear River,Cache Valley,420669.161,4643872.573,area_weighted_polygon_centroid_in_simplified_service_area,1
company_168,203940,Agricultural,Grain/Seeds,Winter Wheat,Wheel,9.247452,2025,Cache,Bear River,Cache Valley,426666.903,4638582.149,area_weighted_polygon_centroid_in_simplified_service_area,1
company_132,203942,Agricultural,Grain/Seeds,Winter Wheat,Wheel,10.201591,2025,Cache,Bear River,Cache Valley,431557.79,4599550.04,area_weighted_polygon_centroid_in_simplified_service_area,1
company_168,203986,Agricultural,Grain/Seeds,Winter Wheat,Wheel,20.203116,2025,Cache,Bear River,Cache Valley,426422.936,4638444.536,area_weighted_polygon_centroid_in_simplified_service_area,1
company_164,203987,Agricultural,Grain/Seeds,Winter Wheat,Sprinkler,15.861564,2025,Cache,Bear River,Cache Valley,424282.91,4611565.732,area_weighted_polygon_centroid_in_simplified_service_area,1
company_168,204001,Agricultural,Grain/Seeds,Winter Wheat,Sprinkler,5.517474,2025,Cache,Bear River,Cache Valley,419896.277,4632895.079,area_weighted_polygon_centroid_in_simplified_service_area,1
company_168,204004,Agricultural,Grain/Seeds,Winter Wheat,Wheel,14.76299,2025,Cache,Bear River,Cache Valley,423226.692,4640521.994,area_weighted_polygon_centroid_in_simplified_service_area,1
company_168,204094,Agricultural,Grain/Seeds,Winter Wheat,Sprinkler,10.510465,2025,Cache,Bear River,Cache Valley,424415.239,4640312.404,area_weighted_polygon_centroid_in_simplified_service_area,1
company_168,204096,Agricultural,Grain/Seeds,Winter Wheat,Sprinkler,7.767616,2025,Cache,Bear River,Cache Valley,419242.804,4633550.252,area_weighted_polygon_centroid_in_simplified_service_area,1
company_132,204125,Agricultural,Grain/Seeds,Winter Wheat,Sprinkler,9.465387,2025,Cache,Bear River,Cache Valley,431091.01,4603719.407,area_weighted_polygon_centroid_in_simplified_service_area,1
company_168,204140,Agricultural,Grain/Seeds,Winter Wheat,Sprinkler,24.352364,2025,Cache,Bear River,Cache Valley,418688.035,4633946.235,area_weighted_polygon_centroid_in_simplified_service_area,1
company_168,204165,Agricultural,Grain/Seeds,Winter Wheat,Wheel,15.747687,2025,Cache,Bear River,Cache Valley,421101.807,4644736.92,area_weighted_polygon_centroid_in_simplified_service_area,1
company_168,204188,Agricultural,Grain/Seeds,Winter Wheat,Sprinkler,4.026245,2025,Cache,Bear River,Cache Valley,425670.424,4636720.276,area_weighted_polygon_centroid_in_simplified_service_area,1
company_168,204249,Agricultural,Grain/Seeds,Winter Wheat,Sprinkler,4.660494,2025,Cache,Bear River,Cache Valley,419584.702,4633398.804,area_weighted_polygon_centroid_in_simplified_service_area,1
company_132,204251,Agricultural,Grain/Seeds,Winter Wheat,Pivot,17.313189,2025,Cache,Bear River,Cache Valley,431698.664,4599554.003,area_weighted_polygon_centroid_in_simplified_service_area,1
company_168,204254,Agricultural,Grain/Seeds,Winter Wheat,Sprinkler,5.274174,2025,Cache,Bear River,Cache Valley,426710.795,4636168.827,area_weighted_polygon_centroid_in_simplified_service_area,1
company_168,204290,Agricultural,Grain/Seeds,Winter Wheat,Wheel,8.640951,2025,Cache,Bear River,Cache Valley,423271.114,4640338.686,area_weighted_polygon_centroid_in_simplified_service_area,1
company_168,204304,Agricultural,Grain/Seeds,Winter Wheat,Wheel,57.534324,2025,Cache,Bear River,Cache Valley,426271.567,4636692.11,area_weighted_polygon_centroid_in_simplified_service_area,1
company_168,204361,Agricultural,Grain/Seeds,Winter Wheat,Sprinkler,58.315928,2025,Cache,Bear River,Cache Valley,419743.846,4646902.874,area_weighted_polygon_centroid_in_simplified_service_area,1
company_168,204378,Agricultural,Grain/Seeds,Winter Wheat,Sprinkler,11.076196,2025,Cache,Bear River,Cache Valley,419571.4,4632913.76,area_weighted_polygon_centroid_in_simplified_service_area,1
company_132,204430,Agricultural,Grain/Seeds,Winter Wheat,Pivot,35.205493,2025,Cache,Bear River,Cache Valley,431577.886,4599160.515,area_weighted_polygon_centroid_in_simplified_service_area,1
company_136,204601,Agricultural,Garden,Horticulture,Flood,4.059119,2025,Cache,Bear River,Cache Valley,432695.943,4618987.283,area_weighted_polygon_centroid_in_simplified_service_area,1
company_132,204733,Agricultural,Garden,Horticulture,Sprinkler,3.032992,2025,Cache,Bear River,Cache Valley,432147.283,4604072.83,area_weighted_polygon_centroid_in_simplified_service_area,1
company_132,204752,Agricultural,Garden,Horticulture,Wheel,5.216585,2025,Cache,Bear River,Cache Valley,431500.346,4604364.847,area_weighted_polygon_centroid_in_simplified_service_area,1
company_132,204772,Agricultural,Garden,Horticulture,Sprinkler,9.624851,2025,Cache,Bear River,Cache Valley,431911.763,4603918.777,area_weighted_polygon_centroid_in_simplified_service_area,1
company_132,204782,Agricultural,Garden,Horticulture,Wheel,5.549057,2025,Cache,Bear River,Cache Valley,431707.348,4604365.092,area_weighted_polygon_centroid_in_simplified_service_area,1
company_168,205187,Agricultural,Field Crops,Melon,Sprinkler,1.063689,2025,Cache,Bear River,Cache Valley,420333.242,4641835.299,area_weighted_polygon_centroid_in_simplified_service_area,1
company_1249,205207,Agricultural,Field Crops,Pumpkins,Sprinkler,0.739849,2025,Cache,Bear River,Cache Valley,433204.645,4625519.344,area_weighted_polygon_centroid_in_simplified_service_area,1
company_168,205208,Agricultural,Field Crops,Pumpkins,Wheel,7.723811,2025,Cache,Bear River,Cache Valley,426551.796,4637138.145,area_weighted_polygon_centroid_in_simplified_service_area,1
company_168,205780,Agricultural,Grain/Seeds,Oats,Wheel,6.759375,2025,Cache,Bear River,Cache Valley,419864.634,4644380.462,area_weighted_polygon_centroid_in_simplified_service_area,1
company_1249,205950,Agricultural,Grain/Seeds,Oats,Pivot,14.276468,2025,Cache,Bear River,Cache Valley,433140.75,4629932.853,area_weighted_polygon_centroid_in_simplified_service_area,1
company_168,206165,Agricultural,Field Crops,Onion,Pivot,10.051241,2025,Cache,Bear River,Cache Valley,417186.43,4633377.245,area_weighted_polygon_centroid_in_simplified_service_area,1
company_106,206565,Agricultural,Orchard,Orchard unspecified,Flood,1.23298,2025,Cache,Bear River,Cache Valley,425804.244,4616803.287,area_weighted_polygon_centroid_in_simplified_service_area,1
company_1249,206625,Agricultural,Orchard,Orchard unspecified,Flood,0.56942,2025,Cache,Bear River,Cache Valley,433263.017,4624001.212,area_weighted_polygon_centroid_in_simplified_service_area,1
company_130,207145,Agricultural,Orchard,Orchard unspecified,Sprinkler,0.703887,2025,Cache,Bear River,Cache Valley,430725.604,4602767.069,area_weighted_polygon_centroid_in_simplified_service_area,1
company_1249,207456,Agricultural,Orchard,Orchard unspecified,Sprinkler,1.113995,2025,Cache,Bear River,Cache Valley,434025.046,4626021.064,area_weighted_polygon_centroid_in_simplified_service_area,1
company_1249,207499,Agricultural,Orchard,Orchard unspecified,Sprinkler,1.439305,2025,Cache,Bear River,Cache Valley,433603.387,4625006.01,area_weighted_polygon_centroid_in_simplified_service_area,1
company_1249,207511,Agricultural,Orchard,Orchard unspecified,Sprinkler,1.430497,2025,Cache,Bear River,Cache Valley,433352.6,4625076.708,area_weighted_polygon_centroid_in_simplified_service_area,1
company_1249,207533,Agricultural,Orchard,Orchard unspecified,Sprinkler,0.636307,2025,Cache,Bear River,Cache Valley,433605.936,4625058.098,area_weighted_polygon_centroid_in_simplified_service_area,1
company_130,207646,Agricultural,Orchard,Orchard unspecified,Sprinkler,1.438726,2025,Cache,Bear River,Cache Valley,430791.149,4602765.901,area_weighted_polygon_centroid_in_simplified_service_area,1
company_132,208016,Agricultural,Orchard,Orchard unspecified,Sprinkler,4.271168,2025,Cache,Bear River,Cache Valley,431862.91,4602654.832,area_weighted_polygon_centroid_in_simplified_service_area,1
company_1249,208056,Agricultural,Orchard,Orchard unspecified,Sprinkler,2.072839,2025,Cache,Bear River,Cache Valley,434046.1,4626080.27,area_weighted_polygon_centroid_in_simplified_service_area,1
company_130,208083,Agricultural,Orchard,Apples,Sprinkler,1.242835,2025,Cache,Bear River,Cache Valley,430835.595,4600149.986,area_weighted_polygon_centroid_in_simplified_service_area,1
company_1249,208084,Agricultural,Orchard,Cherries,Sprinkler,0.449508,2025,Cache,Bear River,Cache Valley,433191.482,4629139.824,area_weighted_polygon_centroid_in_simplified_service_area,1
company_168,208119,Agricultural,Field Crops,Field Crop unspecified,Sprinkler,6.829658,2025,Cache,Bear River,Cache Valley,421941.334,4638010.84,area_weighted_polygon_centroid_in_simplified_service_area,1
company_168,208179,Agricultural,Field Crops,Field Crop unspecified,Sprinkler,14.589228,2025,Cache,Bear River,Cache Valley,421759.544,4638023.564,area_weighted_polygon_centroid_in_simplified_service_area,1
company_168,208186,Agricultural,Field Crops,Field Crop unspecified,Sprinkler,7.114288,2025,Cache,Bear River,Cache Valley,421867.496,4638015.996,area_weighted_polygon_centroid_in_simplified_service_area,1
company_10390,208690,Agricultural,Pasture Land,Pasture,Flood,3.207748,2025,Cache,Bear River,Cache Valley,428338.266,4619197.306,area_weighted_polygon_centroid_in_simplified_service_area,1
company_088,208747,Agricultural,Pasture Land,Pasture,Flood,1.053639,2025,Cache,Bear River,Cache Valley,429281.491,4608456.839,area_weighted_polygon_centroid_in_simplified_service_area,1
company_105,208750,Agricultural,Pasture Land,Pasture,Flood,5.564286,2025,Cache,Bear River,Cache Valley,428031.606,4621496.902,area_weighted_polygon_centroid_in_simplified_service_area,1
company_136,208811,Agricultural,Pasture Land,Pasture,Flood,0.951157,2025,Cache,Bear River,Cache Valley,431606.706,4618770.377,area_weighted_polygon_centroid_in_simplified_service_area,1
company_164,208832,Agricultural,Pasture Land,Pasture,Flood,0.7036,2025,Cache,Bear River,Cache Valley,424628.355,4613299.276,area_weighted_polygon_centroid_in_simplified_service_area,1
company_1249,208861,Agricultural,Pasture Land,Pasture,Flood,1.653679,2025,Cache,Bear River,Cache Valley,434059.446,4624554.284,area_weighted_polygon_centroid_in_simplified_service_area,1
company_164,208869,Agricultural,Pasture Land,Pasture,Flood,0.895677,2025,Cache,Bear River,Cache Valley,423777.373,4614404.588,area_weighted_polygon_centroid_in_simplified_service_area,1
company_105,208908,Agricultural,Pasture Land,Pasture,Flood,3.249019,2025,Cache,Bear River,Cache Valley,429328.596,4624209.61,area_weighted_polygon_centroid_in_simplified_service_area,1
company_088,208960,Agricultural,Pasture Land,Pasture,Flood,5.959783,2025,Cache,Bear River,Cache Valley,429441.718,4608448.958,area_weighted_polygon_centroid_in_simplified_service_area,1
company_105,209174,Agricultural,Pasture Land,Pasture,Flood,2.215489,2025,Cache,Bear River,Cache Valley,429003.927,4619794.096,area_weighted_polygon_centroid_in_simplified_service_area,1
company_105,209422,Agricultural,Pasture Land,Pasture,Flood,1.551067,2025,Cache,Bear River,Cache Valley,429236.705,4619263.006,area_weighted_polygon_centroid_in_simplified_service_area,1
company_164,209449,Agricultural,Pasture Land,Pasture,Flood,1.558175,2025,Cache,Bear River,Cache Valley,425133.113,4610515.813,area_weighted_polygon_centroid_in_simplified_service_area,1
company_105,209584,Agricultural,Pasture Land,Pasture,Flood,4.858039,2025,Cache,Bear River,Cache Valley,428463.144,4622376.435,area_weighted_polygon_centroid_in_simplified_service_area,1
company_088,209637,Agricultural,Pasture Land,Pasture,Flood,2.661264,2025,Cache,Bear River,Cache Valley,429587.107,4608399.288,area_weighted_polygon_centroid_in_simplified_service_area,1
company_130,209826,Agricultural,Pasture Land,Pasture,Flood,3.471761,2025,Cache,Bear River,Cache Valley,430652.025,4602385.29,area_weighted_polygon_centroid_in_simplified_service_area,1
company_1249,211135,Agricultural,Pasture Land,Pasture,Flood,1.828994,2025,Cache,Bear River,Cache Valley,433761.108,4626772.049,area_weighted_polygon_centroid_in_simplified_service_area,1
company_105,212195,Agricultural,Pasture Land,Pasture,Flood,5.747375,2025,Cache,Bear River,Cache Valley,427670.867,4623120.541,area_weighted_polygon_centroid_in_simplified_service_area,1
company_105,212212,Agricultural,Pasture Land,Pasture,Flood,9.008592,2025,Cache,Bear River,Cache Valley,428291.899,4623367.395,area_weighted_polygon_centroid_in_simplified_service_area,1
company_1249,212351,Agricultural,Pasture Land,Pasture,Flood,9.759792,2025,Cache,Bear River,Cache Valley,432874.781,4628222.184,area_weighted_polygon_centroid_in_simplified_service_area,1
company_10390,212592,Agricultural,Pasture Land,Pasture,Flood,0.750649,2025,Cache,Bear River,Cache Valley,427501.661,4619195.028,area_weighted_polygon_centroid_in_simplified_service_area,1
company_088,213111,Agricultural,Pasture Land,Pasture,Flood,1.620839,2025,Cache,Bear River,Cache Valley,425731.14,4610244.827,area_weighted_polygon_centroid_in_simplified_service_area,1
company_105,213478,Agricultural,Pasture Land,Pasture,Flood,5.038898,2025,Cache,Bear River,Cache Valley,428299.574,4623509.585,area_weighted_polygon_centroid_in_simplified_service_area,1
company_105,214348,Agricultural,Pasture Land,Pasture,Flood,10.478453,2025,Cache,Bear River,Cache Valley,428284.386,4623156.955,area_weighted_polygon_centroid_in_simplified_service_area,1
company_105,214532,Agricultural,Pasture Land,Pasture,Flood,26.682878,2025,Cache,Bear River,Cache Valley,428387.691,4624252.136,area_weighted_polygon_centroid_in_simplified_service_area,1
company_136,214706,Agricultural,Pasture Land,Pasture,Flood,2.175102,2025,Cache,Bear River,Cache Valley,432203.149,4619405.496,area_weighted_polygon_centroid_in_simplified_service_area,1
company_10390,215025,Agricultural,Pasture Land,Pasture,Flood,7.134532,2025,Cache,Bear River,Cache Valley,427009.947,4619854.721,area_weighted_polygon_centroid_in_simplified_service_area,1
company_10390,215045,Agricultural,Pasture Land,Pasture,Flood,5.877663,2025,Cache,Bear River,Cache Valley,427449.151,4618663.069,area_weighted_polygon_centroid_in_simplified_service_area,1
company_106,215379,Agricultural,Pasture Land,Pasture,Flood,14.637193,2025,Cache,Bear River,Cache Valley,424870.87,4618470.407,area_weighted_polygon_centroid_in_simplified_service_area,1
company_10390,215415,Agricultural,Pasture Land,Pasture,Flood,7.281743,2025,Cache,Bear River,Cache Valley,427156.984,4619883.499,area_weighted_polygon_centroid_in_simplified_service_area,1
company_105,215499,Agricultural,Pasture Land,Pasture,Flood,9.382503,2025,Cache,Bear River,Cache Valley,428742.186,4624189.626,area_weighted_polygon_centroid_in_simplified_service_area,1
company_164,215724,Agricultural,Pasture Land,Pasture,Flood,13.209401,2025,Cache,Bear River,Cache Valley,424682.04,4610173.684,area_weighted_polygon_centroid_in_simplified_service_area,1
company_136,216113,Agricultural,Pasture Land,Pasture,Flood,5.792576,2025,Cache,Bear River,Cache Valley,431382.237,4618820.242,area_weighted_polygon_centroid_in_simplified_service_area,1
company_168,216257,Agricultural,Pasture Land,Pasture,Flood,4.660155,2025,Cache,Bear River,Cache Valley,421089.316,4633803.469,area_weighted_polygon_centroid_in_simplified_service_area,1
company_105,216296,Agricultural,Pasture Land,Pasture,Flood,4.55016,2025,Cache,Bear River,Cache Valley,427672.733,4623232.374,area_weighted_polygon_centroid_in_simplified_service_area,1
company_164,216787,Agricultural,Pasture Land,Pasture,Flood,1.436125,2025,Cache,Bear River,Cache Valley,424667.325,4612406.207,area_weighted_polygon_centroid_in_simplified_service_area,1
company_164,216799,Agricultural,Pasture Land,Pasture,Flood,5.579347,2025,Cache,Bear River,Cache Valley,424733.02,4612630.503,area_weighted_polygon_centroid_in_simplified_service_area,1
company_105,217003,Agricultural,Pasture Land,Pasture,Flood,4.934147,2025,Cache,Bear River,Cache Valley,428073.523,4623006.003,area_weighted_polygon_centroid_in_simplified_service_area,1
company_105,217496,Agricultural,Pasture Land,Pasture,Flood,24.992725,2025,Cache,Bear River,Cache Valley,427598.108,4622923.922,area_weighted_polygon_centroid_in_simplified_service_area,1
company_106,217578,Agricultural,Pasture Land,Pasture,Flood,6.699287,2025,Cache,Bear River,Cache Valley,424689.121,4618463.843,area_weighted_polygon_centroid_in_simplified_service_area,1
company_105,217612,Agricultural,Pasture Land,Pasture,Flood,2.571284,2025,Cache,Bear River,Cache Valley,428946.79,4623771.39,area_weighted_polygon_centroid_in_simplified_service_area,1
company_136,217667,Agricultural,Pasture Land,Pasture,Flood,1.745544,2025,Cache,Bear River,Cache Valley,432668.476,4619101.009,area_weighted_polygon_centroid_in_simplified_service_area,1
company_10390,218213,Agricultural,Pasture Land,Pasture,Flood,10.156766,2025,Cache,Bear River,Cache Valley,427338.287,4619666.524,area_weighted_polygon_centroid_in_simplified_service_area,1
company_164,219310,Agricultural,Pasture Land,Pasture,Flood,0.411125,2025,Cache,Bear River,Cache Valley,427328.797,4608977.559,area_weighted_polygon_centroid_in_simplified_service_area,1
company_105,219399,Agricultural,Pasture Land,Pasture,Flood,1.0238,2025,Cache,Bear River,Cache Valley,428440.173,4623480.668,area_weighted_polygon_centroid_in_simplified_service_area,1
company_105,219446,Agricultural,Pasture Land,Pasture,Flood,9.85784,2025,Cache,Bear River,Cache Valley,429026.712,4620298.547,area_weighted_polygon_centroid_in_simplified_service_area,1
company_10390,219586,Agricultural,Pasture Land,Pasture,Flood,7.055623,2025,Cache,Bear River,Cache Valley,427559.276,4619662.393,area_weighted_polygon_centroid_in_simplified_service_area,1
company_105,219807,Agricultural,Pasture Land,Pasture,Flood,7.825279,2025,Cache,Bear River,Cache Valley,428484.412,4622958.776,area_weighted_polygon_centroid_in_simplified_service_area,1
company_105,219815,Agricultural,Pasture Land,Pasture,Flood,2.081804,2025,Cache,Bear River,Cache Valley,429378.336,4624143.579,area_weighted_polygon_centroid_in_simplified_service_area,1
company_105,219909,Agricultural,Pasture Land,Pasture,Flood,4.17223,2025,Cache,Bear River,Cache Valley,428262.89,4623739.874,area_weighted_polygon_centroid_in_simplified_service_area,1
company_168,219915,Agricultural,Pasture Land,Pasture,Flood,16.164766,2025,Cache,Bear River,Cache Valley,420422.301,4640956.383,area_weighted_polygon_centroid_in_simplified_service_area,1
company_164,219948,Agricultural,Pasture Land,Pasture,Flood,1.571762,2025,Cache,Bear River,Cache Valley,425749.993,4609805.112,area_weighted_polygon_centroid_in_simplified_service_area,1
company_10390,220279,Agricultural,Pasture Land,Pasture,Flood,19.420205,2025,Cache,Bear River,Cache Valley,427845.251,4619464.661,area_weighted_polygon_centroid_in_simplified_service_area,1
company_105,220518,Agricultural,Pasture Land,Pasture,Flood,11.573563,2025,Cache,Bear River,Cache Valley,428316.001,4621972.232,area_weighted_polygon_centroid_in_simplified_service_area,1
company_105,220856,Agricultural,Pasture Land,Pasture,Flood,3.114642,2025,Cache,Bear River,Cache Valley,427931.015,4621537.432,area_weighted_polygon_centroid_in_simplified_service_area,1
company_130,221244,Agricultural,Pasture Land,Pasture,Flood,1.045665,2025,Cache,Bear River,Cache Valley,429213.908,4606295.522,area_weighted_polygon_centroid_in_simplified_service_area,1
company_105,221530,Agricultural,Pasture Land,Pasture,Flood,4.824602,2025,Cache,Bear River,Cache Valley,428242.732,4622783.612,area_weighted_polygon_centroid_in_simplified_service_area,1
company_105,221755,Agricultural,Pasture Land,Pasture,Flood,25.155935,2025,Cache,Bear River,Cache Valley,429227.609,4625087.718,area_weighted_polygon_centroid_in_simplified_service_area,1
company_10390,222118,Agricultural,Pasture Land,Pasture,Flood,11.963051,2025,Cache,Bear River,Cache Valley,427528.822,4619854.656,area_weighted_polygon_centroid_in_simplified_service_area,1
company_088,222508,Agricultural,Pasture Land,Pasture,Sprinkler,0.637001,2025,Cache,Bear River,Cache Valley,428004.804,4610561.952,area_weighted_polygon_centroid_in_simplified_service_area,1
company_105,222532,Agricultural,Pasture Land,Pasture,Sprinkler,1.094866,2025,Cache,Bear River,Cache Valley,429379.284,4621048.482,area_weighted_polygon_centroid_in_simplified_service_area,1
company_105,222533,Agricultural,Pasture Land,Pasture,Sprinkler,0.236419,2025,Cache,Bear River,Cache Valley,429397.657,4621455.151,area_weighted_polygon_centroid_in_simplified_service_area,1
company_088,222548,Agricultural,Pasture Land,Pasture,Sprinkler,1.271737,2025,Cache,Bear River,Cache Valley,427966.129,4610492.821,area_weighted_polygon_centroid_in_simplified_service_area,1
company_1249,222612,Agricultural,Pasture Land,Pasture,Sprinkler,2.248076,2025,Cache,Bear River,Cache Valley,434045.938,4624340.432,area_weighted_polygon_centroid_in_simplified_service_area,1
company_088,222614,Agricultural,Pasture Land,Pasture,Sprinkler,0.451432,2025,Cache,Bear River,Cache Valley,428020.606,4610530.922,area_weighted_polygon_centroid_in_simplified_service_area,1
company_1249,222618,Agricultural,Pasture Land,Pasture,Wheel,1.754445,2025,Cache,Bear River,Cache Valley,432976.323,4623702.209,area_weighted_polygon_centroid_in_simplified_service_area,1
company_1249,222619,Agricultural,Pasture Land,Pasture,Sprinkler,1.935672,2025,Cache,Bear River,Cache Valley,433754.122,4623725.414,area_weighted_polygon_centroid_in_simplified_service_area,1
company_1249,222665,Agricultural,Pasture Land,Pasture,Sprinkler,0.893034,2025,Cache,Bear River,Cache Valley,433181.199,4626931.031,area_weighted_polygon_centroid_in_simplified_service_area,1
company_130,222669,Agricultural,Pasture Land,Pasture,Sprinkler,0.697124,2025,Cache,Bear River,Cache Valley,430480.473,4602178.804,area_weighted_polygon_centroid_in_simplified_service_area,1
company_1249,222678,Agricultural,Pasture Land,Pasture,Sprinkler,0.388472,2025,Cache,Bear River,Cache Valley,432964.121,4627539.88,area_weighted_polygon_centroid_in_simplified_service_area,1
company_130,222681,Agricultural,Pasture Land,Pasture,Sprinkler,1.507696,2025,Cache,Bear River,Cache Valley,430498.021,4601787.433,area_weighted_polygon_centroid_in_simplified_service_area,1
company_1249,222715,Agricultural,Pasture Land,Pasture,Sprinkler,1.636627,2025,Cache,Bear River,Cache Valley,433179.702,4626860.686,area_weighted_polygon_centroid_in_simplified_service_area,1
company_130,222724,Agricultural,Pasture Land,Pasture,Sprinkler,2.128213,2025,Cache,Bear River,Cache Valley,429953.828,4602151.652,area_weighted_polygon_centroid_in_simplified_service_area,1
company_130,222725,Agricultural,Pasture Land,Pasture,Sprinkler,1.112402,2025,Cache,Bear River,Cache Valley,430246.03,4602656.542,area_weighted_polygon_centroid_in_simplified_service_area,1
company_1249,222742,Agricultural,Pasture Land,Pasture,Sprinkler,0.283089,2025,Cache,Bear River,Cache Valley,432783.245,4624605.931,area_weighted_polygon_centroid_in_simplified_service_area,1
company_1249,222758,Agricultural,Pasture Land,Pasture,Sprinkler,1.227366,2025,Cache,Bear River,Cache Valley,433758.852,4624992.531,area_weighted_polygon_centroid_in_simplified_service_area,1
company_088,222791,Agricultural,Pasture Land,Pasture,Sprinkler,2.748877,2025,Cache,Bear River,Cache Valley,427467.305,4608866.869,area_weighted_polygon_centroid_in_simplified_service_area,1
company_130,222822,Agricultural,Pasture Land,Pasture,Sprinkler,4.240928,2025,Cache,Bear River,Cache Valley,429735.085,4601908.258,area_weighted_polygon_centroid_in_simplified_service_area,1
company_1249,222824,Agricultural,Pasture Land,Pasture,Sprinkler,0.767104,2025,Cache,Bear River,Cache Valley,432937.12,4627418.228,area_weighted_polygon_centroid_in_simplified_service_area,1
company_1249,222835,Agricultural,Pasture Land,Pasture,Sprinkler,4.059922,2025,Cache,Bear River,Cache Valley,434178.783,4624137.229,area_weighted_polygon_centroid_in_simplified_service_area,1
company_1249,222858,Agricultural,Pasture Land,Pasture,Sprinkler,2.0928,2025,Cache,Bear River,Cache Valley,432954.916,4625459.903,area_weighted_polygon_centroid_in_simplified_service_area,1
company_130,222865,Agricultural,Pasture Land,Pasture,Sprinkler,1.936751,2025,Cache,Bear River,Cache Valley,430488.428,4601908.442,area_weighted_polygon_centroid_in_simplified_service_area,1
company_1249,222894,Agricultural,Pasture Land,Pasture,Sprinkler,2.005617,2025,Cache,Bear River,Cache Valley,433397.055,4625121.012,area_weighted_polygon_centroid_in_simplified_service_area,1
company_088,222898,Agricultural,Pasture Land,Pasture,Sprinkler,0.490701,2025,Cache,Bear River,Cache Valley,427885.268,4610759.603,area_weighted_polygon_centroid_in_simplified_service_area,1
company_105,222906,Agricultural,Pasture Land,Pasture,Sprinkler,0.126825,2025,Cache,Bear River,Cache Valley,428771.181,4619368.649,area_weighted_polygon_centroid_in_simplified_service_area,1
company_130,222960,Agricultural,Pasture Land,Pasture,Sprinkler,2.072196,2025,Cache,Bear River,Cache Valley,430009.768,4603079.659,area_weighted_polygon_centroid_in_simplified_service_area,1
company_1249,223001,Agricultural,Pasture Land,Pasture,Sprinkler,0.952849,2025,Cache,Bear River,Cache Valley,433640.52,4624561.899,area_weighted_polygon_centroid_in_simplified_service_area,1
company_1249,223013,Agricultural,Pasture Land,Pasture,Sprinkler,0.92059,2025,Cache,Bear River,Cache Valley,432762.832,4624652.521,area_weighted_polygon_centroid_in_simplified_service_area,1
company_1249,223042,Agricultural,Pasture Land,Pasture,Sprinkler,0.744008,2025,Cache,Bear River,Cache Valley,433336.609,4623732.243,area_weighted_polygon_centroid_in_simplified_service_area,1
company_088,223064,Agricultural,Pasture Land,Pasture,Sprinkler,1.578957,2025,Cache,Bear River,Cache Valley,428121.024,4608989.956,area_weighted_polygon_centroid_in_simplified_service_area,1
company_1249,223075,Agricultural,Pasture Land,Pasture,Sprinkler,1.62815,2025,Cache,Bear River,Cache Valley,434205.407,4624261.979,area_weighted_polygon_centroid_in_simplified_service_area,1
company_105,223078,Agricultural,Pasture Land,Pasture,Sprinkler,0.372397,2025,Cache,Bear River,Cache Valley,428790.52,4619358.569,area_weighted_polygon_centroid_in_simplified_service_area,1
company_130,223079,Agricultural,Pasture Land,Pasture,Sprinkler,2.083324,2025,Cache,Bear River,Cache Valley,429969.074,4601872.448,area_weighted_polygon_centroid_in_simplified_service_area,1
company_1249,223086,Agricultural,Pasture Land,Pasture,Sprinkler,0.615912,2025,Cache,Bear River,Cache Valley,434040.606,4624403.882,area_weighted_polygon_centroid_in_simplified_service_area,1
company_1249,223110,Agricultural,Pasture Land,Pasture,Wheel,1.534959,2025,Cache,Bear River,Cache Valley,432972.28,4623745.621,area_weighted_polygon_centroid_in_simplified_service_area,1
company_1249,223114,Agricultural,Pasture Land,Pasture,Sprinkler,0.867494,2025,Cache,Bear River,Cache Valley,433900.589,4623714.082,area_weighted_polygon_centroid_in_simplified_service_area,1
company_130,223155,Agricultural,Pasture Land,Pasture,Sprinkler,0.68077,2025,Cache,Bear River,Cache Valley,430481.027,4602132.328,area_weighted_polygon_centroid_in_simplified_service_area,1
company_130,223176,Agricultural,Pasture Land,Pasture,Sprinkler,1.979732,2025,Cache,Bear River,Cache Valley,430017.084,4602059.17,area_weighted_polygon_centroid_in_simplified_service_area,1
company_088,223184,Agricultural,Pasture Land,Pasture,Sprinkler,1.239531,2025,Cache,Bear River,Cache Valley,427945.183,4610753.09,area_weighted_polygon_centroid_in_simplified_service_area,1
company_088,223198,Agricultural,Pasture Land,Pasture,Sprinkler,1.245249,2025,Cache,Bear River,Cache Valley,428007.597,4608864.751,area_weighted_polygon_centroid_in_simplified_service_area,1
company_1249,223200,Agricultural,Pasture Land,Pasture,Sprinkler,0.709185,2025,Cache,Bear River,Cache Valley,432818.643,4624652.366,area_weighted_polygon_centroid_in_simplified_service_area,1
company_1249,223220,Agricultural,Pasture Land,Pasture,Sprinkler,3.083831,2025,Cache,Bear River,Cache Valley,433231.766,4624564.87,area_weighted_polygon_centroid_in_simplified_service_area,1
company_130,223229,Agricultural,Pasture Land,Pasture,Sprinkler,1.652369,2025,Cache,Bear River,Cache Valley,430504.233,4602021.069,area_weighted_polygon_centroid_in_simplified_service_area,1
company_130,223238,Agricultural,Pasture Land,Pasture,Sprinkler,1.132061,2025,Cache,Bear River,Cache Valley,430468.768,4601699.924,area_weighted_polygon_centroid_in_simplified_service_area,1
company_088,223245,Agricultural,Pasture Land,Pasture,Sprinkler,3.743614,2025,Cache,Bear River,Cache Valley,430527.306,4608855.584,area_weighted_polygon_centroid_in_simplified_service_area,1
company_088,223249,Agricultural,Pasture Land,Pasture,Sprinkler,1.293497,2025,Cache,Bear River,Cache Valley,428111.12,4608920.493,area_weighted_polygon_centroid_in_simplified_service_area,1
company_088,223252,Agricultural,Pasture Land,Pasture,Sprinkler,1.111649,2025,Cache,Bear River,Cache Valley,427307.106,4608801.349,area_weighted_polygon_centroid_in_simplified_service_area,1
company_1249,223286,Agricultural,Pasture Land,Pasture,Sprinkler,0.52324,2025,Cache,Bear River,Cache Valley,432813.089,4628690.848,area_weighted_polygon_centroid_in_simplified_service_area,1
company_1249,223287,Agricultural,Pasture Land,Pasture,Sprinkler,2.248543,2025,Cache,Bear River,Cache Valley,433802.591,4624172.757,area_weighted_polygon_centroid_in_simplified_service_area,1
company_1249,223290,Agricultural,Pasture Land,Pasture,Sprinkler,1.627573,2025,Cache,Bear River,Cache Valley,432973.231,4623785.544,area_weighted_polygon_centroid_in_simplified_service_area,1
company_130,223293,Agricultural,Pasture Land,Pasture,Sprinkler,1.358998,2025,Cache,Bear River,Cache Valley,430407.991,4601685.844,area_weighted_polygon_centroid_in_simplified_service_area,1
company_130,223310,Agricultural,Pasture Land,Pasture,Sprinkler,1.58949,2025,Cache,Bear River,Cache Valley,430004.471,4602368.673,area_weighted_polygon_centroid_in_simplified_service_area,1
company_1249,223321,Agricultural,Pasture Land,Pasture,Sprinkler,0.398729,2025,Cache,Bear River,Cache Valley,432900.925,4624642.566,area_weighted_polygon_centroid_in_simplified_service_area,1
company_1249,223345,Agricultural,Pasture Land,Pasture,Sprinkler,0.582473,2025,Cache,Bear River,Cache Valley,432901.266,4624591.135,area_weighted_polygon_centroid_in_simplified_service_area,1
company_1249,223346,Agricultural,Pasture Land,Pasture,Sprinkler,0.886676,2025,Cache,Bear River,Cache Valley,432861.89,4627536.115,area_weighted_polygon_centroid_in_simplified_service_area,1
company_088,223351,Agricultural,Pasture Land,Pasture,Sprinkler,0.994774,2025,Cache,Bear River,Cache Valley,430171.238,4608909.135,area_weighted_polygon_centroid_in_simplified_service_area,1
company_088,223395,Agricultural,Pasture Land,Pasture,Sprinkler,1.912741,2025,Cache,Bear River,Cache Valley,427468.966,4608956.106,area_weighted_polygon_centroid_in_simplified_service_area,1
company_1249,223410,Agricultural,Pasture Land,Pasture,Sprinkler,0.755551,2025,Cache,Bear River,Cache Valley,432932.384,4627559.061,area_weighted_polygon_centroid_in_simplified_service_area,1
company_1249,223422,Agricultural,Pasture Land,Pasture,Sprinkler,0.681203,2025,Cache,Bear River,Cache Valley,432835.366,4628346.266,area_weighted_polygon_centroid_in_simplified_service_area,1
company_132,223454,Agricultural,Pasture Land,Pasture,Sprinkler,1.802946,2025,Cache,Bear River,Cache Valley,431185.882,4602942.679,area_weighted_polygon_centroid_in_simplified_service_area,1
company_1249,223481,Agricultural,Pasture Land,Pasture,Sprinkler,0.469854,2025,Cache,Bear River,Cache Valley,432862.093,4624598.053,area_weighted_polygon_centroid_in_simplified_service_area,1
company_130,223493,Agricultural,Pasture Land,Pasture,Sprinkler,0.41715,2025,Cache,Bear River,Cache Valley,430779.636,4602538.202,area_weighted_polygon_centroid_in_simplified_service_area,1
company_105,223494,Agricultural,Pasture Land,Pasture,Sprinkler,0.480329,2025,Cache,Bear River,Cache Valley,428747.053,4619363.264,area_weighted_polygon_centroid_in_simplified_service_area,1
company_088,223521,Agricultural,Pasture Land,Pasture,Sprinkler,0.404124,2025,Cache,Bear River,Cache Valley,428010.785,4610754.459,area_weighted_polygon_centroid_in_simplified_service_area,1
company_1249,223545,Agricultural,Pasture Land,Pasture,Sprinkler,1.461537,2025,Cache,Bear River,Cache Valley,434030.219,4625970.142,area_weighted_polygon_centroid_in_simplified_service_area,1
company_1249,223563,Agricultural,Pasture Land,Pasture,Sprinkler,2.878475,2025,Cache,Bear River,Cache Valley,433386.728,4624575.786,area_weighted_polygon_centroid_in_simplified_service_area,1
company_130,223682,Agricultural,Pasture Land,Pasture,Sprinkler,2.929148,2025,Cache,Bear River,Cache Valley,431146.718,4598461.293,area_weighted_polygon_centroid_in_simplified_service_area,1
company_130,223844,Agricultural,Pasture Land,Pasture,Sprinkler,1.444084,2025,Cache,Bear River,Cache Valley,430263.481,4602306.091,area_weighted_polygon_centroid_in_simplified_service_area,1
company_130,223999,Agricultural,Pasture Land,Pasture,Sprinkler,0.691817,2025,Cache,Bear River,Cache Valley,429913.153,4603410.218,area_weighted_polygon_centroid_in_simplified_service_area,1
company_088,224083,Agricultural,Pasture Land,Pasture,Sprinkler,3.576354,2025,Cache,Bear River,Cache Valley,429846.353,4609602.359,area_weighted_polygon_centroid_in_simplified_service_area,1
company_1249,224226,Agricultural,Pasture Land,Pasture,Sprinkler,3.018834,2025,Cache,Bear River,Cache Valley,433484.974,4627405.777,area_weighted_polygon_centroid_in_simplified_service_area,1
company_130,224749,Agricultural,Pasture Land,Pasture,Sprinkler,0.73534,2025,Cache,Bear River,Cache Valley,430779.565,4602480.336,area_weighted_polygon_centroid_in_simplified_service_area,1
company_1249,224783,Agricultural,Pasture Land,Pasture,Sprinkler,1.596616,2025,Cache,Bear River,Cache Valley,433376.462,4626979.491,area_weighted_polygon_centroid_in_simplified_service_area,1
company_1249,224802,Agricultural,Pasture Land,Pasture,Sprinkler,8.663379,2025,Cache,Bear River,Cache Valley,432580.489,4628615.541,area_weighted_polygon_centroid_in_simplified_service_area,1
company_1249,224998,Agricultural,Pasture Land,Pasture,Sprinkler,3.42214,2025,Cache,Bear River,Cache Valley,434064.748,4626157.578,area_weighted_polygon_centroid_in_simplified_service_area,1
company_1249,225244,Agricultural,Pasture Land,Pasture,Sprinkler,1.735235,2025,Cache,Bear River,Cache Valley,433358.158,4627140.674,area_weighted_polygon_centroid_in_simplified_service_area,1
company_1249,225712,Agricultural,Pasture Land,Pasture,Sprinkler,5.211391,2025,Cache,Bear River,Cache Valley,434397.463,4624998.216,area_weighted_polygon_centroid_in_simplified_service_area,1
company_1249,226083,Agricultural,Pasture Land,Pasture,Sprinkler,2.128814,2025,Cache,Bear River,Cache Valley,433410.722,4627240.536,area_weighted_polygon_centroid_in_simplified_service_area,1
company_1249,226152,Agricultural,Pasture Land,Pasture,Sprinkler,0.462899,2025,Cache,Bear River,Cache Valley,433282.164,4627139.727,area_weighted_polygon_centroid_in_simplified_service_area,1
company_1249,226714,Agricultural,Pasture Land,Pasture,Sprinkler,1.101426,2025,Cache,Bear River,Cache Valley,433544.883,4627088.297,area_weighted_polygon_centroid_in_simplified_service_area,1
company_1249,227224,Agricultural,Pasture Land,Pasture,Sprinkler,1.601123,2025,Cache,Bear River,Cache Valley,433472.193,4627241.175,area_weighted_polygon_centroid_in_simplified_service_area,1
company_1249,227340,Agricultural,Pasture Land,Pasture,Sprinkler,1.167205,2025,Cache,Bear River,Cache Valley,434398.926,4625364.502,area_weighted_polygon_centroid_in_simplified_service_area,1
company_1249,227376,Agricultural,Pasture Land,Pasture,Sprinkler,2.217177,2025,Cache,Bear River,Cache Valley,434455.423,4624223.997,area_weighted_polygon_centroid_in_simplified_service_area,1
company_130,227377,Agricultural,Pasture Land,Pasture,Sprinkler,1.602278,2025,Cache,Bear River,Cache Valley,429363.558,4606595.179,area_weighted_polygon_centroid_in_simplified_service_area,1
company_168,227387,Agricultural,Pasture Land,Pasture,Sprinkler,1.301142,2025,Cache,Bear River,Cache Valley,421289.291,4648558.514,area_weighted_polygon_centroid_in_simplified_service_area,1
company_1249,227404,Agricultural,Pasture Land,Pasture,Sprinkler,1.936671,2025,Cache,Bear River,Cache Valley,433300.196,4628999.86,area_weighted_polygon_centroid_in_simplified_service_area,1
company_1249,227539,Agricultural,Pasture Land,Pasture,Sprinkler,1.423051,2025,Cache,Bear River,Cache Valley,433558.538,4627256.671,area_weighted_polygon_centroid_in_simplified_service_area,1
company_1249,227637,Agricultural,Pasture Land,Pasture,Sprinkler,0.994453,2025,Cache,Bear River,Cache Valley,433422.839,4627493.809,area_weighted_polygon_centroid_in_simplified_service_area,1
company_132,227697,Agricultural,Pasture Land,Pasture,Sprinkler,7.897135,2025,Cache,Bear River,Cache Valley,432476.084,4607305.074,area_weighted_polygon_centroid_in_simplified_service_area,1
company_1249,227715,Agricultural,Pasture Land,Pasture,Sprinkler,0.975855,2025,Cache,Bear River,Cache Valley,432902.257,4628346.272,area_weighted_polygon_centroid_in_simplified_service_area,1
company_1249,227808,Agricultural,Pasture Land,Pasture,Sprinkler,2.336913,2025,Cache,Bear River,Cache Valley,434472.996,4624141.238,area_weighted_polygon_centroid_in_simplified_service_area,1
company_1249,228020,Agricultural,Pasture Land,Pasture,Sprinkler,2.602531,2025,Cache,Bear River,Cache Valley,433433.028,4627099.466,area_weighted_polygon_centroid_in_simplified_service_area,1
company_1249,228041,Agricultural,Pasture Land,Pasture,Sprinkler,1.702543,2025,Cache,Bear River,Cache Valley,433529.631,4626980.263,area_weighted_polygon_centroid_in_simplified_service_area,1
company_1249,228044,Agricultural,Pasture Land,Pasture,Sprinkler,3.400115,2025,Cache,Bear River,Cache Valley,433885.855,4625766.864,area_weighted_polygon_centroid_in_simplified_service_area,1
company_1249,228119,Agricultural,Pasture Land,Pasture,Sprinkler,0.583175,2025,Cache,Bear River,Cache Valley,433669.98,4627088.297,area_weighted_polygon_centroid_in_simplified_service_area,1
company_1249,228364,Agricultural,Pasture Land,Pasture,Sprinkler,0.392659,2025,Cache,Bear River,Cache Valley,433433.52,4627141.455,area_weighted_polygon_centroid_in_simplified_service_area,1
company_164,228599,Agricultural,Pasture Land,Pasture,Sprinkler,1.287977,2025,Cache,Bear River,Cache Valley,427347.617,4609048.764,area_weighted_polygon_centroid_in_simplified_service_area,1
company_136,228673,Agricultural,Pasture Land,Pasture,Sprinkler,1.656613,2025,Cache,Bear River,Cache Valley,432715.964,4618586.317,area_weighted_polygon_centroid_in_simplified_service_area,1
company_1249,228722,Agricultural,Pasture Land,Pasture,Sprinkler,1.448859,2025,Cache,Bear River,Cache Valley,432703.42,4628573.934,area_weighted_polygon_centroid_in_simplified_service_area,1
company_1249,228866,Agricultural,Pasture Land,Pasture,Sprinkler,1.299183,2025,Cache,Bear River,Cache Valley,433494.341,4626931.722,area_weighted_polygon_centroid_in_simplified_service_area,1
company_130,229075,Agricultural,Pasture Land,Pasture,Sprinkler,2.251918,2025,Cache,Bear River,Cache Valley,431628.507,4598158.253,area_weighted_polygon_centroid_in_simplified_service_area,1
company_1249,229089,Agricultural,Pasture Land,Pasture,Sprinkler,0.429994,2025,Cache,Bear River,Cache Valley,433336.344,4627189.092,area_weighted_polygon_centroid_in_simplified_service_area,1
company_132,229092,Agricultural,Pasture Land,Pasture,Sprinkler,7.66462,2025,Cache,Bear River,Cache Valley,429824.669,4600342.557,area_weighted_polygon_centroid_in_simplified_service_area,1
company_1249,229157,Agricultural,Pasture Land,Pasture,Sprinkler,0.594056,2025,Cache,Bear River,Cache Valley,433259.936,4629367.765,area_weighted_polygon_centroid_in_simplified_service_area,1
company_1249,229177,Agricultural,Pasture Land,Pasture,Sprinkler,4.081371,2025,Cache,Bear River,Cache Valley,433233.49,4623617.111,area_weighted_polygon_centroid_in_simplified_service_area,1
company_168,229211,Agricultural,Pasture Land,Pasture,Sub-irrigated,2.137427,2025,Cache,Bear River,Cache Valley,421724.835,4642707.558,area_weighted_polygon_centroid_in_simplified_service_area,1
company_168,229214,Agricultural,Pasture Land,Pasture,Sub-irrigated,2.58372,2025,Cache,Bear River,Cache Valley,423473.333,4638064.568,area_weighted_polygon_centroid_in_simplified_service_area,1
company_10390,229236,Agricultural,Pasture Land,Pasture,Sub-irrigated,1.495656,2025,Cache,Bear River,Cache Valley,427562.373,4619516.936,area_weighted_polygon_centroid_in_simplified_service_area,1
company_130,229240,Agricultural,Pasture Land,Pasture,Sub-irrigated,3.313476,2025,Cache,Bear River,Cache Valley,430417.479,4605863.117,area_weighted_polygon_centroid_in_simplified_service_area,1
company_10390,229280,Agricultural,Pasture Land,Pasture,Sub-irrigated,2.129146,2025,Cache,Bear River,Cache Valley,428280.076,4618785.778,area_weighted_polygon_centroid_in_simplified_service_area,1
company_168,229304,Agricultural,Pasture Land,Pasture,Sub-irrigated,1.43957,2025,Cache,Bear River,Cache Valley,425789.996,4634438.646,area_weighted_polygon_centroid_in_simplified_service_area,1
company_168,229326,Agricultural,Pasture Land,Pasture,Sub-irrigated,4.943565,2025,Cache,Bear River,Cache Valley,423277.803,4638990.172,area_weighted_polygon_centroid_in_simplified_service_area,1
company_168,229354,Agricultural,Pasture Land,Pasture,Sub-irrigated,0.928802,2025,Cache,Bear River,Cache Valley,421722.271,4642624.863,area_weighted_polygon_centroid_in_simplified_service_area,1
company_168,229368,Agricultural,Pasture Land,Pasture,Sub-irrigated,2.626192,2025,Cache,Bear River,Cache Valley,427350.608,4636924.994,area_weighted_polygon_centroid_in_simplified_service_area,1
company_10390,229370,Agricultural,Pasture Land,Pasture,Sub-irrigated,0.452834,2025,Cache,Bear River,Cache Valley,426512.241,4619953.154,area_weighted_polygon_centroid_in_simplified_service_area,1
company_10390,229378,Agricultural,Pasture Land,Pasture,Sub-irrigated,1.692642,2025,Cache,Bear River,Cache Valley,427572.224,4619414.486,area_weighted_polygon_centroid_in_simplified_service_area,1
company_105,229711,Agricultural,Pasture Land,Pasture,Sub-irrigated,4.990336,2025,Cache,Bear River,Cache Valley,429494.403,4622652.592,area_weighted_polygon_centroid_in_simplified_service_area,1
company_10390,230473,Agricultural,Pasture Land,Pasture,Sub-irrigated,5.42517,2025,Cache,Bear River,Cache Valley,426130.047,4619921.978,area_weighted_polygon_centroid_in_simplified_service_area,1
company_168,230551,Agricultural,Pasture Land,Pasture,Sub-irrigated,5.104633,2025,Cache,Bear River,Cache Valley,427237.233,4636700.545,area_weighted_polygon_centroid_in_simplified_service_area,1
company_168,230678,Agricultural,Pasture Land,Pasture,Sub-irrigated,4.091564,2025,Cache,Bear River,Cache Valley,421636.063,4641458.297,area_weighted_polygon_centroid_in_simplified_service_area,1
company_10390,230957,Agricultural,Pasture Land,Pasture,Sub-irrigated,3.451544,2025,Cache,Bear River,Cache Valley,427008.502,4619592.521,area_weighted_polygon_centroid_in_simplified_service_area,1
company_106,231373,Agricultural,Pasture Land,Pasture,Sub-irrigated,2.774679,2025,Cache,Bear River,Cache Valley,424168.601,4617380.015,area_weighted_polygon_centroid_in_simplified_service_area,1
company_10390,232206,Agricultural,Pasture Land,Pasture,Sub-irrigated,2.427992,2025,Cache,Bear River,Cache Valley,426066.346,4619866.093,area_weighted_polygon_centroid_in_simplified_service_area,1
company_168,232456,Agricultural,Pasture Land,Pasture,Sub-irrigated,24.11212,2025,Cache,Bear River,Cache Valley,425146.371,4634842.796,area_weighted_polygon_centroid_in_simplified_service_area,1
company_106,232639,Agricultural,Pasture Land,Pasture,Sub-irrigated,17.691584,2025,Cache,Bear River,Cache Valley,422826.757,4621188.515,area_weighted_polygon_centroid_in_simplified_service_area,1
company_10390,232641,Agricultural,Pasture Land,Pasture,Sub-irrigated,10.82979,2025,Cache,Bear River,Cache Valley,428308.195,4617986.298,area_weighted_polygon_centroid_in_simplified_service_area,1
company_164,232752,Agricultural,Pasture Land,Pasture,Sub-irrigated,15.580965,2025,Cache,Bear River,Cache Valley,422151.827,4615449.515,area_weighted_polygon_centroid_in_simplified_service_area,1
company_105,232862,Agricultural,Pasture Land,Pasture,Sub-irrigated,1.249507,2025,Cache,Bear River,Cache Valley,428278.91,4622620.469,area_weighted_polygon_centroid_in_simplified_service_area,1
company_168,232899,Agricultural,Pasture Land,Pasture,Sub-irrigated,11.319795,2025,Cache,Bear River,Cache Valley,423536.123,4637918.88,area_weighted_polygon_centroid_in_simplified_service_area,1
company_106,233292,Agricultural,Pasture Land,Pasture,Sub-irrigated,13.73776,2025,Cache,Bear River,Cache Valley,422969.509,4620968.676,area_weighted_polygon_centroid_in_simplified_service_area,1
company_168,233571,Agricultural,Pasture Land,Pasture,Sub-irrigated,2.318764,2025,Cache,Bear River,Cache Valley,421893.773,4643873.575,area_weighted_polygon_centroid_in_simplified_service_area,1
company_10390,234587,Agricultural,Pasture Land,Pasture,Sub-irrigated,5.373692,2025,Cache,Bear River,Cache Valley,427767.397,4619908.397,area_weighted_polygon_centroid_in_simplified_service_area,1
company_168,234890,Agricultural,Pasture Land,Pasture,Sub-irrigated,1.088656,2025,Cache,Bear River,Cache Valley,421684.627,4641199.42,area_weighted_polygon_centroid_in_simplified_service_area,1
company_168,235362,Agricultural,Pasture Land,Pasture,Sub-irrigated,10.12081,2025,Cache,Bear River,Cache Valley,421591.169,4641403.004,area_weighted_polygon_centroid_in_simplified_service_area,1
company_105,235430,Agricultural,Pasture Land,Pasture,Sub-irrigated,10.20395,2025,Cache,Bear River,Cache Valley,429151.225,4625334.052,area_weighted_polygon_centroid_in_simplified_service_area,1
company_105,235988,Agricultural,Pasture Land,Pasture,Sub-irrigated,1.897761,2025,Cache,Bear River,Cache Valley,428210.597,4622618.102,area_weighted_polygon_centroid_in_simplified_service_area,1
company_10390,236307,Agricultural,Pasture Land,Pasture,Sub-irrigated,1.435955,2025,Cache,Bear River,Cache Valley,428273.102,4618686.913,area_weighted_polygon_centroid_in_simplified_service_area,1
company_10390,236877,Agricultural,Pasture Land,Pasture,Sub-irrigated,4.930299,2025,Cache,Bear River,Cache Valley,427484.98,4619468.027,area_weighted_polygon_centroid_in_simplified_service_area,1
company_106,237022,Agricultural,Pasture Land,Pasture,Sub-irrigated,1.11872,2025,Cache,Bear River,Cache Valley,425799.581,4616691.565,area_weighted_polygon_centroid_in_simplified_service_area,1
company_168,237159,Agricultural,Field Crops,Potato,Wheel,27.868619,2025,Cache,Bear River,Cache Valley,424761.596,4640703.616,area_weighted_polygon_centroid_in_simplified_service_area,1
company_168,237175,Agricultural,Field Crops,Potato,Wheel,8.297757,2025,Cache,Bear River,Cache Valley,424807.513,4640787.262,area_weighted_polygon_centroid_in_simplified_service_area,1
company_168,237215,Agricultural,Field Crops,Potato,Pivot,19.647577,2025,Cache,Bear River,Cache Valley,424027.355,4639334.417,area_weighted_polygon_centroid_in_simplified_service_area,1
company_168,237345,Agricultural,Field Crops,Potato,Pivot,10.734314,2025,Cache,Bear River,Cache Valley,423724.946,4639333.102,area_weighted_polygon_centroid_in_simplified_service_area,1
company_168,237388,Agricultural,Field Crops,Potato,Pivot,28.913323,2025,Cache,Bear River,Cache Valley,423922.452,4639136.109,area_weighted_polygon_centroid_in_simplified_service_area,1
company_168,237489,Agricultural,Field Crops,Potato,Pivot,19.984238,2025,Cache,Bear River,Cache Valley,423517.478,4639236.061,area_weighted_polygon_centroid_in_simplified_service_area,1
company_168,256082,Agricultural,Grain/Seeds,Safflower,Flood,0.640086,2025,Cache,Bear River,Cache Valley,423372.153,4640079.265,area_weighted_polygon_centroid_in_simplified_service_area,1
company_168,256111,Agricultural,Grain/Seeds,Safflower,Sprinkler,5.977686,2025,Cache,Bear River,Cache Valley,421692.928,4633981.462,area_weighted_polygon_centroid_in_simplified_service_area,1
company_168,256123,Agricultural,Grain/Seeds,Safflower,Sprinkler,113.623871,2025,Cache,Bear River,Cache Valley,421470.473,4636702.367,area_weighted_polygon_centroid_in_simplified_service_area,1
company_168,256141,Agricultural,Grain/Seeds,Safflower,Sprinkler,3.631574,2025,Cache,Bear River,Cache Valley,421494.193,4640256.649,area_weighted_polygon_centroid_in_simplified_service_area,1
company_168,256148,Agricultural,Grain/Seeds,Safflower,Sprinkler,5.743256,2025,Cache,Bear River,Cache Valley,424028.826,4632064.058,area_weighted_polygon_centroid_in_simplified_service_area,1
company_168,256152,Agricultural,Grain/Seeds,Safflower,Sprinkler,9.097563,2025,Cache,Bear River,Cache Valley,419699.782,4644390.154,area_weighted_polygon_centroid_in_simplified_service_area,1
company_168,256153,Agricultural,Grain/Seeds,Safflower,Sprinkler,3.302723,2025,Cache,Bear River,Cache Valley,423847.126,4631780.187,area_weighted_polygon_centroid_in_simplified_service_area,1
company_168,256158,Agricultural,Grain/Seeds,Safflower,Pivot,11.714806,2025,Cache,Bear River,Cache Valley,423855.403,4632082.231,area_weighted_polygon_centroid_in_simplified_service_area,1
company_168,256164,Agricultural,Grain/Seeds,Safflower,Sprinkler,1.06903,2025,Cache,Bear River,Cache Valley,416960.125,4633375.158,area_weighted_polygon_centroid_in_simplified_service_area,1
company_168,256178,Agricultural,Grain/Seeds,Safflower,Pivot,12.572039,2025,Cache,Bear River,Cache Valley,421751.628,4635798.575,area_weighted_polygon_centroid_in_simplified_service_area,1
company_168,256182,Agricultural,Grain/Seeds,Safflower,Sprinkler,5.072833,2025,Cache,Bear River,Cache Valley,420911.356,4641787.729,area_weighted_polygon_centroid_in_simplified_service_area,1
company_168,256184,Agricultural,Grain/Seeds,Safflower,Sprinkler,9.093768,2025,Cache,Bear River,Cache Valley,421752.081,4634486.03,area_weighted_polygon_centroid_in_simplified_service_area,1
company_168,256190,Agricultural,Grain/Seeds,Safflower,Sprinkler,9.183854,2025,Cache,Bear River,Cache Valley,421300.535,4641523.361,area_weighted_polygon_centroid_in_simplified_service_area,1
company_168,257506,Agricultural,Field Crops,Sorghum,Sprinkler,4.635891,2025,Cache,Bear River,Cache Valley,425892.35,4637113.61,area_weighted_polygon_centroid_in_simplified_service_area,1
company_130,295077,Agricultural,Garden,Vegetables,Sprinkler,1.154679,2025,Cache,Bear River,Cache Valley,430709.154,4601952.893,area_weighted_polygon_centroid_in_simplified_service_area,1
company_105,295101,Agricultural,Garden,Vegetables,Sprinkler,1.78025,2025,Cache,Bear River,Cache Valley,428114.246,4622741.819,area_weighted_polygon_centroid_in_simplified_service_area,1
company_088,295160,Agricultural,Garden,Vegetables,Sprinkler,1.584266,2025,Cache,Bear River,Cache Valley,430603.008,4606129.203,area_weighted_polygon_centroid_in_simplified_service_area,1
company_130,295166,Agricultural,Garden,Vegetables,Sprinkler,1.315179,2025,Cache,Bear River,Cache Valley,430850.31,4600076.55,area_weighted_polygon_centroid_in_simplified_service_area,1
company_1249,295209,Agricultural,Small Fruit,Grapes,Drip,0.716665,2025,Cache,Bear River,Cache Valley,433221.826,4629488.203,area_weighted_polygon_centroid_in_simplified_service_area,1
company_1249,295219,Agricultural,Small Fruit,Grapes,Drip,2.150412,2025,Cache,Bear River,Cache Valley,433197.079,4629549.776,area_weighted_polygon_centroid_in_simplified_service_area,1
company_1249,295221,Agricultural,Small Fruit,Grapes,Drip,0.846313,2025,Cache,Bear River,Cache Valley,433262.423,4629600.575,area_weighted_polygon_centroid_in_simplified_service_area,1
company_1249,295222,Agricultural,Small Fruit,Grapes,Drip,0.804276,2025,Cache,Bear River,Cache Valley,433297.943,4629508.986,area_weighted_polygon_centroid_in_simplified_service_area,1
company_168,295249,Agricultural,Small Fruit,Grapes,Flood,12.744951,2025,Cache,Bear River,Cache Valley,424891.164,4633188.505,area_weighted_polygon_centroid_in_simplified_service_area,1
company_168,295255,Agricultural,Small Fruit,Grapes,Flood,2.190769,2025,Cache,Bear River,Cache Valley,423288.752,4638903.22,area_weighted_polygon_centroid_in_simplified_service_area,1
company_1249,295262,Agricultural,Small Fruit,Grapes,Flood,2.487194,2025,Cache,Bear River,Cache Valley,433092.396,4629529.078,area_weighted_polygon_centroid_in_simplified_service_area,1
company_1249,295276,Agricultural,Small Fruit,Grapes,Sprinkler,1.917529,2025,Cache,Bear River,Cache Valley,433196.406,4629708.457,area_weighted_polygon_centroid_in_simplified_service_area,1
company_164,295299,Agricultural,Small Fruit,Grapes,Sprinkler,0.667819,2025,Cache,Bear River,Cache Valley,423588.425,4613994.77,area_weighted_polygon_centroid_in_simplified_service_area,1
company_168,332512,Agricultural,Hay/Turf,Alfalfa,Pivot,11.808898,2025,Cache,Bear River,Cache Valley,420711.413,4643289.068,area_weighted_polygon_centroid_in_simplified_service_area,1
company_168,332514,Agricultural,Hay/Turf,Alfalfa,Wheel,6.130322,2025,Cache,Bear River,Cache Valley,426794.291,4638154.659,area_weighted_polygon_centroid_in_simplified_service_area,1
company_1249,332515,Agricultural,Hay/Turf,Alfalfa,Sprinkler,0.943737,2025,Cache,Bear River,Cache Valley,433667.283,4625598.717,area_weighted_polygon_centroid_in_simplified_service_area,1
company_1249,332516,Agricultural,Hay/Turf,Grass Hay,Sprinkler,0.693927,2025,Cache,Bear River,Cache Valley,433841.643,4625594.345,area_weighted_polygon_centroid_in_simplified_service_area,1
company_1249,332517,Agricultural,Hay/Turf,Grass Hay,Sprinkler,0.876664,2025,Cache,Bear River,Cache Valley,433788.627,4625594.491,area_weighted_polygon_centroid_in_simplified_service_area,1
company_1249,332518,Agricultural,Hay/Turf,Grass Hay,Sprinkler,0.779323,2025,Cache,Bear River,Cache Valley,433728.792,4625591.668,area_weighted_polygon_centroid_in_simplified_service_area,1
company_1249,332520,Agricultural,Hay/Turf,Grass Hay,Sprinkler,1.384515,2025,Cache,Bear River,Cache Valley,433804.943,4625534.606,area_weighted_polygon_centroid_in_simplified_service_area,1
company_130,332544,Agricultural,Hay/Turf,Alfalfa,Sprinkler,0.097451,2025,Cache,Bear River,Cache Valley,429490.853,4603280.658,area_weighted_polygon_centroid_in_simplified_service_area,1
company_130,332545,Agricultural,Hay/Turf,Alfalfa,Wheel,1.283715,2025,Cache,Bear River,Cache Valley,429495.376,4603218.896,area_weighted_polygon_centroid_in_simplified_service_area,1
company_130,332549,Agricultural,Pasture Land,Pasture,Sprinkler,0.166193,2025,Cache,Bear River,Cache Valley,429986.454,4601791.623,area_weighted_polygon_centroid_in_simplified_service_area,1
company_168,332779,Agricultural,Hay/Turf,Alfalfa,Flood,3.131338,2025,Cache,Bear River,Cache Valley,421032.636,4643688.623,area_weighted_polygon_centroid_in_simplified_service_area,1
company_168,332780,Agricultural,Hay/Turf,Grass Hay,Pivot,1.467686,2025,Cache,Bear River,Cache Valley,423192.103,4640079.308,area_weighted_polygon_centroid_in_simplified_service_area,1
